image_path,class_name,label
Eye Disease Image Dataset/Original Dataset/Original Dataset/Diabetic Retinopathy/DR1486.jpg,Diabetic Retinopathy,1
Eye Disease Image Dataset/Original Dataset/Original Dataset/Diabetic Retinopathy/DR1263.jpg,Diabetic Retinopathy,1
Eye Disease Image Dataset/Original Dataset/Original Dataset/Glaucoma/Glaucoma596.jpg,Glaucoma,3
Eye Disease Image Dataset/Original Dataset/Original Dataset/Macular Scar/Macular Scar329.jpg,Macular Scar,5
Eye Disease Image Dataset/Original Dataset/Original Dataset/Myopia/Myopia206.jpg,Myopia,6
Eye Disease Image Dataset/Original Dataset/Original Dataset/Diabetic Retinopathy/DR1037.jpg,Diabetic Retinopathy,1
Eye Disease Image Dataset/Original Dataset/Original Dataset/Healthy/Healthy911.jpg,Healthy,4
Eye Disease Image Dataset/Original Dataset/Original Dataset/Diabetic Retinopathy/DR714.jpg,Diabetic Retinopathy,1
Eye Disease Image Dataset/Original Dataset/Original Dataset/Glaucoma/Glaucoma195.jpg,Glaucoma,3
Eye Disease Image Dataset/Original Dataset/Original Dataset/Myopia/Myopia342.jpg,Myopia,6
Eye Disease Image Dataset/Original Dataset/Original Dataset/Diabetic Retinopathy/DR415.jpg,Diabetic Retinopathy,1
Eye Disease Image Dataset/Original Dataset/Original Dataset/Retinal Detachment/Retinal Detachment47.jpg,Retinal Detachment,8
Eye Disease Image Dataset/Original Dataset/Original Dataset/Healthy/Healthy123.jpg,Healthy,4
Eye Disease Image Dataset/Original Dataset/Original Dataset/Glaucoma/Glaucoma443.jpg,Glaucoma,3
Eye Disease Image Dataset/Original Dataset/Original Dataset/Diabetic Retinopathy/DR441.jpg,Diabetic Retinopathy,1
Eye Disease Image Dataset/Original Dataset/Original Dataset/Diabetic Retinopathy/DR78.jpg,Diabetic Retinopathy,1
Eye Disease Image Dataset/Original Dataset/Original Dataset/Macular Scar/Macular Scar154.jpg,Macular Scar,5
Eye Disease Image Dataset/Original Dataset/Original Dataset/Retinitis Pigmentosa/Retinitis Pigmentosa125.jpg,Retinitis Pigmentosa,9
Eye Disease Image Dataset/Original Dataset/Original Dataset/Diabetic Retinopathy/DR1318.jpg,Diabetic Retinopathy,1
Eye Disease Image Dataset/Original Dataset/Original Dataset/Myopia/Myopia391.jpg,Myopia,6
Eye Disease Image Dataset/Original Dataset/Original Dataset/Healthy/Healthy316.jpg,Healthy,4
Eye Disease Image Dataset/Original Dataset/Original Dataset/Glaucoma/Glaucoma746.jpg,Glaucoma,3
Eye Disease Image Dataset/Original Dataset/Original Dataset/Glaucoma/Glaucoma22.jpg,Glaucoma,3
Eye Disease Image Dataset/Original Dataset/Original Dataset/Diabetic Retinopathy/DR1054.jpg,Diabetic Retinopathy,1
Eye Disease Image Dataset/Original Dataset/Original Dataset/Macular Scar/Macular Scar45.jpg,Macular Scar,5
Eye Disease Image Dataset/Original Dataset/Original Dataset/Myopia/Myopia252.jpg,Myopia,6
Eye Disease Image Dataset/Original Dataset/Original Dataset/Retinal Detachment/Retinal Detachment5.jpg,Retinal Detachment,8
Eye Disease Image Dataset/Original Dataset/Original Dataset/Healthy/Healthy1023.jpg,Healthy,4
Eye Disease Image Dataset/Original Dataset/Original Dataset/Glaucoma/Glaucoma20.jpg,Glaucoma,3
Eye Disease Image Dataset/Original Dataset/Original Dataset/Glaucoma/Glaucoma226.jpg,Glaucoma,3
Eye Disease Image Dataset/Original Dataset/Original Dataset/Diabetic Retinopathy/DR920.jpg,Diabetic Retinopathy,1
Eye Disease Image Dataset/Original Dataset/Original Dataset/Glaucoma/Glaucoma787.jpg,Glaucoma,3
Eye Disease Image Dataset/Original Dataset/Original Dataset/Glaucoma/Glaucoma522.jpg,Glaucoma,3
Eye Disease Image Dataset/Original Dataset/Original Dataset/Glaucoma/Glaucoma1344.jpg,Glaucoma,3
Eye Disease Image Dataset/Original Dataset/Original Dataset/Healthy/Healthy690.jpg,Healthy,4
Eye Disease Image Dataset/Original Dataset/Original Dataset/Diabetic Retinopathy/DR1303.jpg,Diabetic Retinopathy,1
Eye Disease Image Dataset/Original Dataset/Original Dataset/Macular Scar/Macular Scar41.jpg,Macular Scar,5
Eye Disease Image Dataset/Original Dataset/Original Dataset/Glaucoma/Glaucoma505.jpg,Glaucoma,3
Eye Disease Image Dataset/Original Dataset/Original Dataset/Myopia/Myopia356.jpg,Myopia,6
Eye Disease Image Dataset/Original Dataset/Original Dataset/Diabetic Retinopathy/DR1319.jpg,Diabetic Retinopathy,1
Eye Disease Image Dataset/Original Dataset/Original Dataset/Diabetic Retinopathy/DR374.jpg,Diabetic Retinopathy,1
Eye Disease Image Dataset/Original Dataset/Original Dataset/Healthy/Healthy366.jpg,Healthy,4
Eye Disease Image Dataset/Original Dataset/Original Dataset/Macular Scar/Macular Scar377.jpg,Macular Scar,5
Eye Disease Image Dataset/Original Dataset/Original Dataset/Diabetic Retinopathy/DR1471.jpg,Diabetic Retinopathy,1
Eye Disease Image Dataset/Original Dataset/Original Dataset/Diabetic Retinopathy/DR428.jpg,Diabetic Retinopathy,1
Eye Disease Image Dataset/Original Dataset/Original Dataset/Diabetic Retinopathy/DR250.jpg,Diabetic Retinopathy,1
Eye Disease Image Dataset/Original Dataset/Original Dataset/Diabetic Retinopathy/DR1131.jpg,Diabetic Retinopathy,1
Eye Disease Image Dataset/Original Dataset/Original Dataset/Diabetic Retinopathy/DR1171.jpg,Diabetic Retinopathy,1
Eye Disease Image Dataset/Original Dataset/Original Dataset/Glaucoma/Glaucoma521.jpg,Glaucoma,3
Eye Disease Image Dataset/Original Dataset/Original Dataset/Healthy/Healthy257.jpg,Healthy,4
Eye Disease Image Dataset/Original Dataset/Original Dataset/Diabetic Retinopathy/DR1193.jpg,Diabetic Retinopathy,1
Eye Disease Image Dataset/Original Dataset/Original Dataset/Glaucoma/Glaucoma811.jpg,Glaucoma,3
Eye Disease Image Dataset/Original Dataset/Original Dataset/Glaucoma/Glaucoma1287.jpg,Glaucoma,3
Eye Disease Image Dataset/Original Dataset/Original Dataset/Glaucoma/Glaucoma1118.jpg,Glaucoma,3
Eye Disease Image Dataset/Original Dataset/Original Dataset/Diabetic Retinopathy/DR1073.jpg,Diabetic Retinopathy,1
Eye Disease Image Dataset/Original Dataset/Original Dataset/Diabetic Retinopathy/DR693.jpg,Diabetic Retinopathy,1
Eye Disease Image Dataset/Original Dataset/Original Dataset/Glaucoma/Glaucoma154.jpg,Glaucoma,3
Eye Disease Image Dataset/Original Dataset/Original Dataset/Glaucoma/Glaucoma311.jpg,Glaucoma,3
Eye Disease Image Dataset/Original Dataset/Original Dataset/Healthy/Healthy126.jpg,Healthy,4
Eye Disease Image Dataset/Original Dataset/Original Dataset/Diabetic Retinopathy/DR492.jpg,Diabetic Retinopathy,1
Eye Disease Image Dataset/Original Dataset/Original Dataset/Disc Edema/Disc Edema46.jpg,Disc Edema,2
Eye Disease Image Dataset/Original Dataset/Original Dataset/Myopia/Myopia27.jpg,Myopia,6
Eye Disease Image Dataset/Original Dataset/Original Dataset/Diabetic Retinopathy/DR725.jpg,Diabetic Retinopathy,1
Eye Disease Image Dataset/Original Dataset/Original Dataset/Glaucoma/Glaucoma1297.jpg,Glaucoma,3
Eye Disease Image Dataset/Original Dataset/Original Dataset/Central Serous Chorioretinopathy [Color Fundus]/CSCR61.jpg,Central Serous Chorioretinopathy [Color Fundus],0
Eye Disease Image Dataset/Original Dataset/Original Dataset/Glaucoma/Glaucoma1123.jpg,Glaucoma,3
Eye Disease Image Dataset/Original Dataset/Original Dataset/Glaucoma/Glaucoma113.jpg,Glaucoma,3
Eye Disease Image Dataset/Original Dataset/Original Dataset/Macular Scar/Macular Scar366.jpg,Macular Scar,5
Eye Disease Image Dataset/Original Dataset/Original Dataset/Glaucoma/Glaucoma5.jpg,Glaucoma,3
Eye Disease Image Dataset/Original Dataset/Original Dataset/Diabetic Retinopathy/DR807.jpg,Diabetic Retinopathy,1
Eye Disease Image Dataset/Original Dataset/Original Dataset/Myopia/Myopia284.jpg,Myopia,6
Eye Disease Image Dataset/Original Dataset/Original Dataset/Diabetic Retinopathy/DR503.jpg,Diabetic Retinopathy,1
Eye Disease Image Dataset/Original Dataset/Original Dataset/Glaucoma/Glaucoma1339.jpg,Glaucoma,3
Eye Disease Image Dataset/Original Dataset/Original Dataset/Diabetic Retinopathy/DR932.jpg,Diabetic Retinopathy,1
Eye Disease Image Dataset/Original Dataset/Original Dataset/Diabetic Retinopathy/DR1254.jpg,Diabetic Retinopathy,1
Eye Disease Image Dataset/Original Dataset/Original Dataset/Glaucoma/Glaucoma171.jpg,Glaucoma,3
Eye Disease Image Dataset/Original Dataset/Original Dataset/Glaucoma/Glaucoma64.jpg,Glaucoma,3
Eye Disease Image Dataset/Original Dataset/Original Dataset/Glaucoma/Glaucoma155.jpg,Glaucoma,3
Eye Disease Image Dataset/Original Dataset/Original Dataset/Diabetic Retinopathy/DR774.jpg,Diabetic Retinopathy,1
Eye Disease Image Dataset/Original Dataset/Original Dataset/Healthy/Healthy371.jpg,Healthy,4
Eye Disease Image Dataset/Original Dataset/Original Dataset/Healthy/Healthy428.jpg,Healthy,4
Eye Disease Image Dataset/Original Dataset/Original Dataset/Glaucoma/Glaucoma157.jpg,Glaucoma,3
Eye Disease Image Dataset/Original Dataset/Original Dataset/Diabetic Retinopathy/DR542.jpg,Diabetic Retinopathy,1
Eye Disease Image Dataset/Original Dataset/Original Dataset/Diabetic Retinopathy/DR721.jpg,Diabetic Retinopathy,1
Eye Disease Image Dataset/Original Dataset/Original Dataset/Glaucoma/Glaucoma427.jpg,Glaucoma,3
Eye Disease Image Dataset/Original Dataset/Original Dataset/Glaucoma/Glaucoma1085.jpg,Glaucoma,3
Eye Disease Image Dataset/Original Dataset/Original Dataset/Healthy/Healthy31.jpg,Healthy,4
Eye Disease Image Dataset/Original Dataset/Original Dataset/Macular Scar/Macular Scar324.jpg,Macular Scar,5
Eye Disease Image Dataset/Original Dataset/Original Dataset/Macular Scar/Macular Scar88.jpg,Macular Scar,5
Eye Disease Image Dataset/Original Dataset/Original Dataset/Healthy/Healthy675.jpg,Healthy,4
Eye Disease Image Dataset/Original Dataset/Original Dataset/Healthy/Healthy926.jpg,Healthy,4
Eye Disease Image Dataset/Original Dataset/Original Dataset/Glaucoma/Glaucoma755.jpg,Glaucoma,3
Eye Disease Image Dataset/Original Dataset/Original Dataset/Diabetic Retinopathy/DR119.jpg,Diabetic Retinopathy,1
Eye Disease Image Dataset/Original Dataset/Original Dataset/Healthy/Healthy866.jpg,Healthy,4
Eye Disease Image Dataset/Original Dataset/Original Dataset/Macular Scar/Macular Scar63.jpg,Macular Scar,5
Eye Disease Image Dataset/Original Dataset/Original Dataset/Glaucoma/Glaucoma452.jpg,Glaucoma,3
Eye Disease Image Dataset/Original Dataset/Original Dataset/Macular Scar/Macular Scar438.jpg,Macular Scar,5
Eye Disease Image Dataset/Original Dataset/Original Dataset/Macular Scar/Macular Scar34.jpg,Macular Scar,5
Eye Disease Image Dataset/Original Dataset/Original Dataset/Diabetic Retinopathy/DR1105.jpg,Diabetic Retinopathy,1
Eye Disease Image Dataset/Original Dataset/Original Dataset/Macular Scar/Macular Scar238.jpg,Macular Scar,5
Eye Disease Image Dataset/Original Dataset/Original Dataset/Diabetic Retinopathy/DR1164.jpg,Diabetic Retinopathy,1
Eye Disease Image Dataset/Original Dataset/Original Dataset/Central Serous Chorioretinopathy [Color Fundus]/CSCR70.jpg,Central Serous Chorioretinopathy [Color Fundus],0
Eye Disease Image Dataset/Original Dataset/Original Dataset/Glaucoma/Glaucoma104.jpg,Glaucoma,3
Eye Disease Image Dataset/Original Dataset/Original Dataset/Glaucoma/Glaucoma923.jpg,Glaucoma,3
Eye Disease Image Dataset/Original Dataset/Original Dataset/Healthy/Healthy329.jpg,Healthy,4
Eye Disease Image Dataset/Original Dataset/Original Dataset/Glaucoma/Glaucoma842.jpg,Glaucoma,3
Eye Disease Image Dataset/Original Dataset/Original Dataset/Glaucoma/Glaucoma703.jpg,Glaucoma,3
Eye Disease Image Dataset/Original Dataset/Original Dataset/Glaucoma/Glaucoma899.jpg,Glaucoma,3
Eye Disease Image Dataset/Original Dataset/Original Dataset/Glaucoma/Glaucoma411.jpg,Glaucoma,3
Eye Disease Image Dataset/Original Dataset/Original Dataset/Glaucoma/Glaucoma249.jpg,Glaucoma,3
Eye Disease Image Dataset/Original Dataset/Original Dataset/Healthy/Healthy193.jpg,Healthy,4
Eye Disease Image Dataset/Original Dataset/Original Dataset/Glaucoma/Glaucoma581.jpg,Glaucoma,3
Eye Disease Image Dataset/Original Dataset/Original Dataset/Diabetic Retinopathy/DR662.jpg,Diabetic Retinopathy,1
Eye Disease Image Dataset/Original Dataset/Original Dataset/Glaucoma/Glaucoma866.jpg,Glaucoma,3
Eye Disease Image Dataset/Original Dataset/Original Dataset/Healthy/Healthy36.jpg,Healthy,4
Eye Disease Image Dataset/Original Dataset/Original Dataset/Retinal Detachment/Retinal Detachment86.jpg,Retinal Detachment,8
Eye Disease Image Dataset/Original Dataset/Original Dataset/Macular Scar/Macular Scar242.jpg,Macular Scar,5
Eye Disease Image Dataset/Original Dataset/Original Dataset/Diabetic Retinopathy/DR768.jpg,Diabetic Retinopathy,1
Eye Disease Image Dataset/Original Dataset/Original Dataset/Glaucoma/Glaucoma308.jpg,Glaucoma,3
Eye Disease Image Dataset/Original Dataset/Original Dataset/Healthy/Healthy224.jpg,Healthy,4
Eye Disease Image Dataset/Original Dataset/Original Dataset/Glaucoma/Glaucoma1149.jpg,Glaucoma,3
Eye Disease Image Dataset/Original Dataset/Original Dataset/Disc Edema/Disc Edema13.jpg,Disc Edema,2
Eye Disease Image Dataset/Original Dataset/Original Dataset/Macular Scar/Macular Scar352.jpg,Macular Scar,5
Eye Disease Image Dataset/Original Dataset/Original Dataset/Glaucoma/Glaucoma326.jpg,Glaucoma,3
Eye Disease Image Dataset/Original Dataset/Original Dataset/Diabetic Retinopathy/DR678.jpg,Diabetic Retinopathy,1
Eye Disease Image Dataset/Original Dataset/Original Dataset/Healthy/Healthy501.jpg,Healthy,4
Eye Disease Image Dataset/Original Dataset/Original Dataset/Myopia/Myopia309.jpg,Myopia,6
Eye Disease Image Dataset/Original Dataset/Original Dataset/Glaucoma/Glaucoma1122.jpg,Glaucoma,3
Eye Disease Image Dataset/Original Dataset/Original Dataset/Healthy/Healthy493.jpg,Healthy,4
Eye Disease Image Dataset/Original Dataset/Original Dataset/Diabetic Retinopathy/DR1362.jpg,Diabetic Retinopathy,1
Eye Disease Image Dataset/Original Dataset/Original Dataset/Healthy/Healthy771.jpg,Healthy,4
Eye Disease Image Dataset/Original Dataset/Original Dataset/Healthy/Healthy539.jpg,Healthy,4
Eye Disease Image Dataset/Original Dataset/Original Dataset/Myopia/Myopia476.jpg,Myopia,6
Eye Disease Image Dataset/Original Dataset/Original Dataset/Healthy/Healthy885.jpg,Healthy,4
Eye Disease Image Dataset/Original Dataset/Original Dataset/Diabetic Retinopathy/DR540.jpg,Diabetic Retinopathy,1
Eye Disease Image Dataset/Original Dataset/Original Dataset/Glaucoma/Glaucoma514.jpg,Glaucoma,3
Eye Disease Image Dataset/Original Dataset/Original Dataset/Diabetic Retinopathy/DR1295.jpg,Diabetic Retinopathy,1
Eye Disease Image Dataset/Original Dataset/Original Dataset/Healthy/Healthy258.jpg,Healthy,4
Eye Disease Image Dataset/Original Dataset/Original Dataset/Diabetic Retinopathy/DR382.jpg,Diabetic Retinopathy,1
Eye Disease Image Dataset/Original Dataset/Original Dataset/Macular Scar/Macular Scar304.jpg,Macular Scar,5
Eye Disease Image Dataset/Original Dataset/Original Dataset/Glaucoma/Glaucoma1286.jpg,Glaucoma,3
Eye Disease Image Dataset/Original Dataset/Original Dataset/Diabetic Retinopathy/DR561.jpg,Diabetic Retinopathy,1
Eye Disease Image Dataset/Original Dataset/Original Dataset/Diabetic Retinopathy/DR87.jpg,Diabetic Retinopathy,1
Eye Disease Image Dataset/Original Dataset/Original Dataset/Diabetic Retinopathy/DR1007.jpg,Diabetic Retinopathy,1
Eye Disease Image Dataset/Original Dataset/Original Dataset/Healthy/Healthy205.jpg,Healthy,4
Eye Disease Image Dataset/Original Dataset/Original Dataset/Glaucoma/Glaucoma1131.jpg,Glaucoma,3
Eye Disease Image Dataset/Original Dataset/Original Dataset/Glaucoma/Glaucoma989.jpg,Glaucoma,3
Eye Disease Image Dataset/Original Dataset/Original Dataset/Healthy/Healthy521.jpg,Healthy,4
Eye Disease Image Dataset/Original Dataset/Original Dataset/Diabetic Retinopathy/DR1519.jpg,Diabetic Retinopathy,1
Eye Disease Image Dataset/Original Dataset/Original Dataset/Glaucoma/Glaucoma245.jpg,Glaucoma,3
Eye Disease Image Dataset/Original Dataset/Original Dataset/Glaucoma/Glaucoma1250.jpg,Glaucoma,3
Eye Disease Image Dataset/Original Dataset/Original Dataset/Myopia/Myopia31.jpg,Myopia,6
Eye Disease Image Dataset/Original Dataset/Original Dataset/Glaucoma/Glaucoma1307.jpg,Glaucoma,3
Eye Disease Image Dataset/Original Dataset/Original Dataset/Glaucoma/Glaucoma938.jpg,Glaucoma,3
Eye Disease Image Dataset/Original Dataset/Original Dataset/Diabetic Retinopathy/DR1076.jpg,Diabetic Retinopathy,1
Eye Disease Image Dataset/Original Dataset/Original Dataset/Diabetic Retinopathy/DR1167.jpg,Diabetic Retinopathy,1
Eye Disease Image Dataset/Original Dataset/Original Dataset/Disc Edema/Disc Edema35.jpg,Disc Edema,2
Eye Disease Image Dataset/Original Dataset/Original Dataset/Healthy/Healthy537.jpg,Healthy,4
Eye Disease Image Dataset/Original Dataset/Original Dataset/Glaucoma/Glaucoma966.jpg,Glaucoma,3
Eye Disease Image Dataset/Original Dataset/Original Dataset/Glaucoma/Glaucoma79.jpg,Glaucoma,3
Eye Disease Image Dataset/Original Dataset/Original Dataset/Diabetic Retinopathy/DR988.jpg,Diabetic Retinopathy,1
Eye Disease Image Dataset/Original Dataset/Original Dataset/Diabetic Retinopathy/DR67.jpg,Diabetic Retinopathy,1
Eye Disease Image Dataset/Original Dataset/Original Dataset/Healthy/Healthy522.jpg,Healthy,4
Eye Disease Image Dataset/Original Dataset/Original Dataset/Diabetic Retinopathy/DR757.jpg,Diabetic Retinopathy,1
Eye Disease Image Dataset/Original Dataset/Original Dataset/Macular Scar/Macular Scar296.jpg,Macular Scar,5
Eye Disease Image Dataset/Original Dataset/Original Dataset/Healthy/Healthy323.jpg,Healthy,4
Eye Disease Image Dataset/Original Dataset/Original Dataset/Glaucoma/Glaucoma364.jpg,Glaucoma,3
Eye Disease Image Dataset/Original Dataset/Original Dataset/Healthy/Healthy820.jpg,Healthy,4
Eye Disease Image Dataset/Original Dataset/Original Dataset/Diabetic Retinopathy/DR534.jpg,Diabetic Retinopathy,1
Eye Disease Image Dataset/Original Dataset/Original Dataset/Retinitis Pigmentosa/Retinitis Pigmentosa36.jpg,Retinitis Pigmentosa,9
Eye Disease Image Dataset/Original Dataset/Original Dataset/Macular Scar/Macular Scar279.jpg,Macular Scar,5
Eye Disease Image Dataset/Original Dataset/Original Dataset/Glaucoma/Glaucoma1206.jpg,Glaucoma,3
Eye Disease Image Dataset/Original Dataset/Original Dataset/Myopia/Myopia436.jpg,Myopia,6
Eye Disease Image Dataset/Original Dataset/Original Dataset/Macular Scar/Macular Scar198.jpg,Macular Scar,5
Eye Disease Image Dataset/Original Dataset/Original Dataset/Macular Scar/Macular Scar285.jpg,Macular Scar,5
Eye Disease Image Dataset/Original Dataset/Original Dataset/Glaucoma/Glaucoma1060.jpg,Glaucoma,3
Eye Disease Image Dataset/Original Dataset/Original Dataset/Healthy/Healthy973.jpg,Healthy,4
Eye Disease Image Dataset/Original Dataset/Original Dataset/Macular Scar/Macular Scar423.jpg,Macular Scar,5
Eye Disease Image Dataset/Original Dataset/Original Dataset/Central Serous Chorioretinopathy [Color Fundus]/CSCR50.jpg,Central Serous Chorioretinopathy [Color Fundus],0
Eye Disease Image Dataset/Original Dataset/Original Dataset/Glaucoma/Glaucoma883.jpg,Glaucoma,3
Eye Disease Image Dataset/Original Dataset/Original Dataset/Myopia/Myopia434.jpg,Myopia,6
Eye Disease Image Dataset/Original Dataset/Original Dataset/Retinal Detachment/Retinal Detachment118.jpg,Retinal Detachment,8
Eye Disease Image Dataset/Original Dataset/Original Dataset/Healthy/Healthy288.jpg,Healthy,4
Eye Disease Image Dataset/Original Dataset/Original Dataset/Healthy/Healthy868.jpg,Healthy,4
Eye Disease Image Dataset/Original Dataset/Original Dataset/Healthy/Healthy998.jpg,Healthy,4
Eye Disease Image Dataset/Original Dataset/Original Dataset/Glaucoma/Glaucoma438.jpg,Glaucoma,3
Eye Disease Image Dataset/Original Dataset/Original Dataset/Glaucoma/Glaucoma618.jpg,Glaucoma,3
Eye Disease Image Dataset/Original Dataset/Original Dataset/Diabetic Retinopathy/DR1134.jpg,Diabetic Retinopathy,1
Eye Disease Image Dataset/Original Dataset/Original Dataset/Diabetic Retinopathy/DR1452.jpg,Diabetic Retinopathy,1
Eye Disease Image Dataset/Original Dataset/Original Dataset/Myopia/Myopia34.jpg,Myopia,6
Eye Disease Image Dataset/Original Dataset/Original Dataset/Retinal Detachment/Retinal Detachment120.jpg,Retinal Detachment,8
Eye Disease Image Dataset/Original Dataset/Original Dataset/Diabetic Retinopathy/DR787.jpg,Diabetic Retinopathy,1
Eye Disease Image Dataset/Original Dataset/Original Dataset/Glaucoma/Glaucoma1010.jpg,Glaucoma,3
Eye Disease Image Dataset/Original Dataset/Original Dataset/Healthy/Healthy603.jpg,Healthy,4
Eye Disease Image Dataset/Original Dataset/Original Dataset/Diabetic Retinopathy/DR1145.jpg,Diabetic Retinopathy,1
Eye Disease Image Dataset/Original Dataset/Original Dataset/Diabetic Retinopathy/DR1223.jpg,Diabetic Retinopathy,1
Eye Disease Image Dataset/Original Dataset/Original Dataset/Diabetic Retinopathy/DR1490.jpg,Diabetic Retinopathy,1
Eye Disease Image Dataset/Original Dataset/Original Dataset/Healthy/Healthy619.jpg,Healthy,4
Eye Disease Image Dataset/Original Dataset/Original Dataset/Myopia/Myopia333.jpg,Myopia,6
Eye Disease Image Dataset/Original Dataset/Original Dataset/Diabetic Retinopathy/DR196.jpg,Diabetic Retinopathy,1
Eye Disease Image Dataset/Original Dataset/Original Dataset/Pterygium/Pterygium9.jpg,Pterygium,7
Eye Disease Image Dataset/Original Dataset/Original Dataset/Central Serous Chorioretinopathy [Color Fundus]/CSCR74.jpg,Central Serous Chorioretinopathy [Color Fundus],0
Eye Disease Image Dataset/Original Dataset/Original Dataset/Diabetic Retinopathy/DR1132.jpg,Diabetic Retinopathy,1
Eye Disease Image Dataset/Original Dataset/Original Dataset/Glaucoma/Glaucoma793.jpg,Glaucoma,3
Eye Disease Image Dataset/Original Dataset/Original Dataset/Healthy/Healthy938.jpg,Healthy,4
Eye Disease Image Dataset/Original Dataset/Original Dataset/Myopia/Myopia481.jpg,Myopia,6
Eye Disease Image Dataset/Original Dataset/Original Dataset/Diabetic Retinopathy/DR1337.jpg,Diabetic Retinopathy,1
Eye Disease Image Dataset/Original Dataset/Original Dataset/Glaucoma/Glaucoma440.jpg,Glaucoma,3
Eye Disease Image Dataset/Original Dataset/Original Dataset/Glaucoma/Glaucoma652.jpg,Glaucoma,3
Eye Disease Image Dataset/Original Dataset/Original Dataset/Macular Scar/Macular Scar237.jpg,Macular Scar,5
Eye Disease Image Dataset/Original Dataset/Original Dataset/Healthy/Healthy557.jpg,Healthy,4
Eye Disease Image Dataset/Original Dataset/Original Dataset/Macular Scar/Macular Scar325.jpg,Macular Scar,5
Eye Disease Image Dataset/Original Dataset/Original Dataset/Healthy/Healthy610.jpg,Healthy,4
Eye Disease Image Dataset/Original Dataset/Original Dataset/Central Serous Chorioretinopathy [Color Fundus]/CSCR2.jpg,Central Serous Chorioretinopathy [Color Fundus],0
Eye Disease Image Dataset/Original Dataset/Original Dataset/Diabetic Retinopathy/DR1011.jpg,Diabetic Retinopathy,1
Eye Disease Image Dataset/Original Dataset/Original Dataset/Glaucoma/Glaucoma910.jpg,Glaucoma,3
Eye Disease Image Dataset/Original Dataset/Original Dataset/Glaucoma/Glaucoma52.jpg,Glaucoma,3
Eye Disease Image Dataset/Original Dataset/Original Dataset/Diabetic Retinopathy/DR917.jpg,Diabetic Retinopathy,1
Eye Disease Image Dataset/Original Dataset/Original Dataset/Healthy/Healthy269.jpg,Healthy,4
Eye Disease Image Dataset/Original Dataset/Original Dataset/Central Serous Chorioretinopathy [Color Fundus]/CSCR43.jpg,Central Serous Chorioretinopathy [Color Fundus],0
Eye Disease Image Dataset/Original Dataset/Original Dataset/Healthy/Healthy299.jpg,Healthy,4
Eye Disease Image Dataset/Original Dataset/Original Dataset/Glaucoma/Glaucoma164.jpg,Glaucoma,3
Eye Disease Image Dataset/Original Dataset/Original Dataset/Healthy/Healthy283.jpg,Healthy,4
Eye Disease Image Dataset/Original Dataset/Original Dataset/Healthy/Healthy715.jpg,Healthy,4
Eye Disease Image Dataset/Original Dataset/Original Dataset/Retinal Detachment/Retinal Detachment104.jpg,Retinal Detachment,8
Eye Disease Image Dataset/Original Dataset/Original Dataset/Glaucoma/Glaucoma510.jpg,Glaucoma,3
Eye Disease Image Dataset/Original Dataset/Original Dataset/Diabetic Retinopathy/DR1195.jpg,Diabetic Retinopathy,1
Eye Disease Image Dataset/Original Dataset/Original Dataset/Diabetic Retinopathy/DR1413.jpg,Diabetic Retinopathy,1
Eye Disease Image Dataset/Original Dataset/Original Dataset/Glaucoma/Glaucoma490.jpg,Glaucoma,3
Eye Disease Image Dataset/Original Dataset/Original Dataset/Glaucoma/Glaucoma1070.jpg,Glaucoma,3
Eye Disease Image Dataset/Original Dataset/Original Dataset/Myopia/Myopia75.jpg,Myopia,6
Eye Disease Image Dataset/Original Dataset/Original Dataset/Retinal Detachment/Retinal Detachment100.jpg,Retinal Detachment,8
Eye Disease Image Dataset/Original Dataset/Original Dataset/Glaucoma/Glaucoma1300.jpg,Glaucoma,3
Eye Disease Image Dataset/Original Dataset/Original Dataset/Diabetic Retinopathy/DR754.jpg,Diabetic Retinopathy,1
Eye Disease Image Dataset/Original Dataset/Original Dataset/Glaucoma/Glaucoma1252.jpg,Glaucoma,3
Eye Disease Image Dataset/Original Dataset/Original Dataset/Glaucoma/Glaucoma834.jpg,Glaucoma,3
Eye Disease Image Dataset/Original Dataset/Original Dataset/Healthy/Healthy607.jpg,Healthy,4
Eye Disease Image Dataset/Original Dataset/Original Dataset/Central Serous Chorioretinopathy [Color Fundus]/CSCR77.jpg,Central Serous Chorioretinopathy [Color Fundus],0
Eye Disease Image Dataset/Original Dataset/Original Dataset/Healthy/Healthy55.jpg,Healthy,4
Eye Disease Image Dataset/Original Dataset/Original Dataset/Retinal Detachment/Retinal Detachment116.jpg,Retinal Detachment,8
Eye Disease Image Dataset/Original Dataset/Original Dataset/Healthy/Healthy468.jpg,Healthy,4
Eye Disease Image Dataset/Original Dataset/Original Dataset/Myopia/Myopia208.jpg,Myopia,6
Eye Disease Image Dataset/Original Dataset/Original Dataset/Myopia/Myopia111.jpg,Myopia,6
Eye Disease Image Dataset/Original Dataset/Original Dataset/Diabetic Retinopathy/DR1104.jpg,Diabetic Retinopathy,1
Eye Disease Image Dataset/Original Dataset/Original Dataset/Macular Scar/Macular Scar208.jpg,Macular Scar,5
Eye Disease Image Dataset/Original Dataset/Original Dataset/Glaucoma/Glaucoma228.jpg,Glaucoma,3
Eye Disease Image Dataset/Original Dataset/Original Dataset/Myopia/Myopia22.jpg,Myopia,6
Eye Disease Image Dataset/Original Dataset/Original Dataset/Glaucoma/Glaucoma655.jpg,Glaucoma,3
Eye Disease Image Dataset/Original Dataset/Original Dataset/Glaucoma/Glaucoma137.jpg,Glaucoma,3
Eye Disease Image Dataset/Original Dataset/Original Dataset/Glaucoma/Glaucoma708.jpg,Glaucoma,3
Eye Disease Image Dataset/Original Dataset/Original Dataset/Retinitis Pigmentosa/Retinitis Pigmentosa124.jpg,Retinitis Pigmentosa,9
Eye Disease Image Dataset/Original Dataset/Original Dataset/Diabetic Retinopathy/DR152.jpg,Diabetic Retinopathy,1
Eye Disease Image Dataset/Original Dataset/Original Dataset/Healthy/Healthy777.jpg,Healthy,4
Eye Disease Image Dataset/Original Dataset/Original Dataset/Glaucoma/Glaucoma458.jpg,Glaucoma,3
Eye Disease Image Dataset/Original Dataset/Original Dataset/Diabetic Retinopathy/DR1208.jpg,Diabetic Retinopathy,1
Eye Disease Image Dataset/Original Dataset/Original Dataset/Healthy/Healthy510.jpg,Healthy,4
Eye Disease Image Dataset/Original Dataset/Original Dataset/Healthy/Healthy33.jpg,Healthy,4
Eye Disease Image Dataset/Original Dataset/Original Dataset/Glaucoma/Glaucoma439.jpg,Glaucoma,3
Eye Disease Image Dataset/Original Dataset/Original Dataset/Glaucoma/Glaucoma180.jpg,Glaucoma,3
Eye Disease Image Dataset/Original Dataset/Original Dataset/Glaucoma/Glaucoma1025.jpg,Glaucoma,3
Eye Disease Image Dataset/Original Dataset/Original Dataset/Glaucoma/Glaucoma1002.jpg,Glaucoma,3
Eye Disease Image Dataset/Original Dataset/Original Dataset/Macular Scar/Macular Scar333.jpg,Macular Scar,5
Eye Disease Image Dataset/Original Dataset/Original Dataset/Retinal Detachment/Retinal Detachment37.jpg,Retinal Detachment,8
Eye Disease Image Dataset/Original Dataset/Original Dataset/Myopia/Myopia410.jpg,Myopia,6
Eye Disease Image Dataset/Original Dataset/Original Dataset/Glaucoma/Glaucoma920.jpg,Glaucoma,3
Eye Disease Image Dataset/Original Dataset/Original Dataset/Myopia/Myopia301.jpg,Myopia,6
Eye Disease Image Dataset/Original Dataset/Original Dataset/Healthy/Healthy500.jpg,Healthy,4
Eye Disease Image Dataset/Original Dataset/Original Dataset/Glaucoma/Glaucoma524.jpg,Glaucoma,3
Eye Disease Image Dataset/Original Dataset/Original Dataset/Diabetic Retinopathy/DR680.jpg,Diabetic Retinopathy,1
Eye Disease Image Dataset/Original Dataset/Original Dataset/Diabetic Retinopathy/DR140.jpg,Diabetic Retinopathy,1
Eye Disease Image Dataset/Original Dataset/Original Dataset/Glaucoma/Glaucoma526.jpg,Glaucoma,3
Eye Disease Image Dataset/Original Dataset/Original Dataset/Healthy/Healthy333.jpg,Healthy,4
Eye Disease Image Dataset/Original Dataset/Original Dataset/Myopia/Myopia395.jpg,Myopia,6
Eye Disease Image Dataset/Original Dataset/Original Dataset/Glaucoma/Glaucoma628.jpg,Glaucoma,3
Eye Disease Image Dataset/Original Dataset/Original Dataset/Macular Scar/Macular Scar323.jpg,Macular Scar,5
Eye Disease Image Dataset/Original Dataset/Original Dataset/Healthy/Healthy186.jpg,Healthy,4
Eye Disease Image Dataset/Original Dataset/Original Dataset/Glaucoma/Glaucoma777.jpg,Glaucoma,3
Eye Disease Image Dataset/Original Dataset/Original Dataset/Macular Scar/Macular Scar33.jpg,Macular Scar,5
Eye Disease Image Dataset/Original Dataset/Original Dataset/Myopia/Myopia37.jpg,Myopia,6
Eye Disease Image Dataset/Original Dataset/Original Dataset/Diabetic Retinopathy/DR866.jpg,Diabetic Retinopathy,1
Eye Disease Image Dataset/Original Dataset/Original Dataset/Healthy/Healthy467.jpg,Healthy,4
Eye Disease Image Dataset/Original Dataset/Original Dataset/Macular Scar/Macular Scar255.jpg,Macular Scar,5
Eye Disease Image Dataset/Original Dataset/Original Dataset/Healthy/Healthy935.jpg,Healthy,4
Eye Disease Image Dataset/Original Dataset/Original Dataset/Glaucoma/Glaucoma350.jpg,Glaucoma,3
Eye Disease Image Dataset/Original Dataset/Original Dataset/Diabetic Retinopathy/DR854.jpg,Diabetic Retinopathy,1
Eye Disease Image Dataset/Original Dataset/Original Dataset/Glaucoma/Glaucoma484.jpg,Glaucoma,3
Eye Disease Image Dataset/Original Dataset/Original Dataset/Glaucoma/Glaucoma613.jpg,Glaucoma,3
Eye Disease Image Dataset/Original Dataset/Original Dataset/Glaucoma/Glaucoma448.jpg,Glaucoma,3
Eye Disease Image Dataset/Original Dataset/Original Dataset/Myopia/Myopia62.jpg,Myopia,6
Eye Disease Image Dataset/Original Dataset/Original Dataset/Diabetic Retinopathy/DR778.jpg,Diabetic Retinopathy,1
Eye Disease Image Dataset/Original Dataset/Original Dataset/Diabetic Retinopathy/DR284.jpg,Diabetic Retinopathy,1
Eye Disease Image Dataset/Original Dataset/Original Dataset/Diabetic Retinopathy/DR845.jpg,Diabetic Retinopathy,1
Eye Disease Image Dataset/Original Dataset/Original Dataset/Diabetic Retinopathy/DR1019.jpg,Diabetic Retinopathy,1
Eye Disease Image Dataset/Original Dataset/Original Dataset/Diabetic Retinopathy/DR1102.jpg,Diabetic Retinopathy,1
Eye Disease Image Dataset/Original Dataset/Original Dataset/Glaucoma/Glaucoma1177.jpg,Glaucoma,3
Eye Disease Image Dataset/Original Dataset/Original Dataset/Diabetic Retinopathy/DR1060.jpg,Diabetic Retinopathy,1
Eye Disease Image Dataset/Original Dataset/Original Dataset/Healthy/Healthy95.jpg,Healthy,4
Eye Disease Image Dataset/Original Dataset/Original Dataset/Healthy/Healthy198.jpg,Healthy,4
Eye Disease Image Dataset/Original Dataset/Original Dataset/Myopia/Myopia158.jpg,Myopia,6
Eye Disease Image Dataset/Original Dataset/Original Dataset/Glaucoma/Glaucoma1241.jpg,Glaucoma,3
Eye Disease Image Dataset/Original Dataset/Original Dataset/Diabetic Retinopathy/DR519.jpg,Diabetic Retinopathy,1
Eye Disease Image Dataset/Original Dataset/Original Dataset/Diabetic Retinopathy/DR865.jpg,Diabetic Retinopathy,1
Eye Disease Image Dataset/Original Dataset/Original Dataset/Glaucoma/Glaucoma264.jpg,Glaucoma,3
Eye Disease Image Dataset/Original Dataset/Original Dataset/Healthy/Healthy900.jpg,Healthy,4
Eye Disease Image Dataset/Original Dataset/Original Dataset/Glaucoma/Glaucoma238.jpg,Glaucoma,3
Eye Disease Image Dataset/Original Dataset/Original Dataset/Diabetic Retinopathy/DR1261.jpg,Diabetic Retinopathy,1
Eye Disease Image Dataset/Original Dataset/Original Dataset/Glaucoma/Glaucoma466.jpg,Glaucoma,3
Eye Disease Image Dataset/Original Dataset/Original Dataset/Macular Scar/Macular Scar54.jpg,Macular Scar,5
Eye Disease Image Dataset/Original Dataset/Original Dataset/Diabetic Retinopathy/DR299.jpg,Diabetic Retinopathy,1
Eye Disease Image Dataset/Original Dataset/Original Dataset/Healthy/Healthy606.jpg,Healthy,4
Eye Disease Image Dataset/Original Dataset/Original Dataset/Macular Scar/Macular Scar180.jpg,Macular Scar,5
Eye Disease Image Dataset/Original Dataset/Original Dataset/Healthy/Healthy997.jpg,Healthy,4
Eye Disease Image Dataset/Original Dataset/Original Dataset/Healthy/Healthy1018.jpg,Healthy,4
Eye Disease Image Dataset/Original Dataset/Original Dataset/Healthy/Healthy490.jpg,Healthy,4
Eye Disease Image Dataset/Original Dataset/Original Dataset/Glaucoma/Glaucoma871.jpg,Glaucoma,3
Eye Disease Image Dataset/Original Dataset/Original Dataset/Healthy/Healthy962.jpg,Healthy,4
Eye Disease Image Dataset/Original Dataset/Original Dataset/Glaucoma/Glaucoma218.jpg,Glaucoma,3
Eye Disease Image Dataset/Original Dataset/Original Dataset/Healthy/Healthy69.jpg,Healthy,4
Eye Disease Image Dataset/Original Dataset/Original Dataset/Myopia/Myopia351.jpg,Myopia,6
Eye Disease Image Dataset/Original Dataset/Original Dataset/Glaucoma/Glaucoma588.jpg,Glaucoma,3
Eye Disease Image Dataset/Original Dataset/Original Dataset/Diabetic Retinopathy/DR687.jpg,Diabetic Retinopathy,1
Eye Disease Image Dataset/Original Dataset/Original Dataset/Myopia/Myopia246.jpg,Myopia,6
Eye Disease Image Dataset/Original Dataset/Original Dataset/Diabetic Retinopathy/DR1489.jpg,Diabetic Retinopathy,1
Eye Disease Image Dataset/Original Dataset/Original Dataset/Retinitis Pigmentosa/Retinitis Pigmentosa107.jpg,Retinitis Pigmentosa,9
Eye Disease Image Dataset/Original Dataset/Original Dataset/Healthy/Healthy831.jpg,Healthy,4
Eye Disease Image Dataset/Original Dataset/Original Dataset/Healthy/Healthy459.jpg,Healthy,4
Eye Disease Image Dataset/Original Dataset/Original Dataset/Disc Edema/Disc Edema88.jpg,Disc Edema,2
Eye Disease Image Dataset/Original Dataset/Original Dataset/Macular Scar/Macular Scar387.jpg,Macular Scar,5
Eye Disease Image Dataset/Original Dataset/Original Dataset/Diabetic Retinopathy/DR120.jpg,Diabetic Retinopathy,1
Eye Disease Image Dataset/Original Dataset/Original Dataset/Macular Scar/Macular Scar314.jpg,Macular Scar,5
Eye Disease Image Dataset/Original Dataset/Original Dataset/Glaucoma/Glaucoma937.jpg,Glaucoma,3
Eye Disease Image Dataset/Original Dataset/Original Dataset/Glaucoma/Glaucoma407.jpg,Glaucoma,3
Eye Disease Image Dataset/Original Dataset/Original Dataset/Macular Scar/Macular Scar51.jpg,Macular Scar,5
Eye Disease Image Dataset/Original Dataset/Original Dataset/Myopia/Myopia32.jpg,Myopia,6
Eye Disease Image Dataset/Original Dataset/Original Dataset/Healthy/Healthy256.jpg,Healthy,4
Eye Disease Image Dataset/Original Dataset/Original Dataset/Glaucoma/Glaucoma167.jpg,Glaucoma,3
Eye Disease Image Dataset/Original Dataset/Original Dataset/Healthy/Healthy147.jpg,Healthy,4
Eye Disease Image Dataset/Original Dataset/Original Dataset/Diabetic Retinopathy/DR456.jpg,Diabetic Retinopathy,1
Eye Disease Image Dataset/Original Dataset/Original Dataset/Healthy/Healthy423.jpg,Healthy,4
Eye Disease Image Dataset/Original Dataset/Original Dataset/Diabetic Retinopathy/DR572.jpg,Diabetic Retinopathy,1
Eye Disease Image Dataset/Original Dataset/Original Dataset/Myopia/Myopia12.jpg,Myopia,6
Eye Disease Image Dataset/Original Dataset/Original Dataset/Retinitis Pigmentosa/Retinitis Pigmentosa116.jpg,Retinitis Pigmentosa,9
Eye Disease Image Dataset/Original Dataset/Original Dataset/Glaucoma/Glaucoma353.jpg,Glaucoma,3
Eye Disease Image Dataset/Original Dataset/Original Dataset/Myopia/Myopia86.jpg,Myopia,6
Eye Disease Image Dataset/Original Dataset/Original Dataset/Healthy/Healthy35.jpg,Healthy,4
Eye Disease Image Dataset/Original Dataset/Original Dataset/Healthy/Healthy450.jpg,Healthy,4
Eye Disease Image Dataset/Original Dataset/Original Dataset/Myopia/Myopia393.jpg,Myopia,6
Eye Disease Image Dataset/Original Dataset/Original Dataset/Myopia/Myopia459.jpg,Myopia,6
Eye Disease Image Dataset/Original Dataset/Original Dataset/Diabetic Retinopathy/DR235.jpg,Diabetic Retinopathy,1
Eye Disease Image Dataset/Original Dataset/Original Dataset/Healthy/Healthy103.jpg,Healthy,4
Eye Disease Image Dataset/Original Dataset/Original Dataset/Healthy/Healthy9.jpg,Healthy,4
Eye Disease Image Dataset/Original Dataset/Original Dataset/Glaucoma/Glaucoma15.jpg,Glaucoma,3
Eye Disease Image Dataset/Original Dataset/Original Dataset/Myopia/Myopia462.jpg,Myopia,6
Eye Disease Image Dataset/Original Dataset/Original Dataset/Glaucoma/Glaucoma1204.jpg,Glaucoma,3
Eye Disease Image Dataset/Original Dataset/Original Dataset/Healthy/Healthy677.jpg,Healthy,4
Eye Disease Image Dataset/Original Dataset/Original Dataset/Macular Scar/Macular Scar232.jpg,Macular Scar,5
Eye Disease Image Dataset/Original Dataset/Original Dataset/Glaucoma/Glaucoma1294.jpg,Glaucoma,3
Eye Disease Image Dataset/Original Dataset/Original Dataset/Healthy/Healthy986.jpg,Healthy,4
Eye Disease Image Dataset/Original Dataset/Original Dataset/Glaucoma/Glaucoma1112.jpg,Glaucoma,3
Eye Disease Image Dataset/Original Dataset/Original Dataset/Healthy/Healthy600.jpg,Healthy,4
Eye Disease Image Dataset/Original Dataset/Original Dataset/Diabetic Retinopathy/DR916.jpg,Diabetic Retinopathy,1
Eye Disease Image Dataset/Original Dataset/Original Dataset/Healthy/Healthy483.jpg,Healthy,4
Eye Disease Image Dataset/Original Dataset/Original Dataset/Glaucoma/Glaucoma1161.jpg,Glaucoma,3
Eye Disease Image Dataset/Original Dataset/Original Dataset/Diabetic Retinopathy/DR1329.jpg,Diabetic Retinopathy,1
Eye Disease Image Dataset/Original Dataset/Original Dataset/Diabetic Retinopathy/DR1256.jpg,Diabetic Retinopathy,1
Eye Disease Image Dataset/Original Dataset/Original Dataset/Diabetic Retinopathy/DR1343.jpg,Diabetic Retinopathy,1
Eye Disease Image Dataset/Original Dataset/Original Dataset/Disc Edema/Disc Edema103.jpg,Disc Edema,2
Eye Disease Image Dataset/Original Dataset/Original Dataset/Healthy/Healthy710.jpg,Healthy,4
Eye Disease Image Dataset/Original Dataset/Original Dataset/Myopia/Myopia224.jpg,Myopia,6
Eye Disease Image Dataset/Original Dataset/Original Dataset/Glaucoma/Glaucoma224.jpg,Glaucoma,3
Eye Disease Image Dataset/Original Dataset/Original Dataset/Diabetic Retinopathy/DR732.jpg,Diabetic Retinopathy,1
Eye Disease Image Dataset/Original Dataset/Original Dataset/Healthy/Healthy689.jpg,Healthy,4
Eye Disease Image Dataset/Original Dataset/Original Dataset/Glaucoma/Glaucoma1269.jpg,Glaucoma,3
Eye Disease Image Dataset/Original Dataset/Original Dataset/Healthy/Healthy790.jpg,Healthy,4
Eye Disease Image Dataset/Original Dataset/Original Dataset/Diabetic Retinopathy/DR1287.jpg,Diabetic Retinopathy,1
Eye Disease Image Dataset/Original Dataset/Original Dataset/Glaucoma/Glaucoma674.jpg,Glaucoma,3
Eye Disease Image Dataset/Original Dataset/Original Dataset/Diabetic Retinopathy/DR940.jpg,Diabetic Retinopathy,1
Eye Disease Image Dataset/Original Dataset/Original Dataset/Glaucoma/Glaucoma999.jpg,Glaucoma,3
Eye Disease Image Dataset/Original Dataset/Original Dataset/Healthy/Healthy728.jpg,Healthy,4
Eye Disease Image Dataset/Original Dataset/Original Dataset/Healthy/Healthy252.jpg,Healthy,4
Eye Disease Image Dataset/Original Dataset/Original Dataset/Healthy/Healthy571.jpg,Healthy,4
Eye Disease Image Dataset/Original Dataset/Original Dataset/Myopia/Myopia139.jpg,Myopia,6
Eye Disease Image Dataset/Original Dataset/Original Dataset/Diabetic Retinopathy/DR342.jpg,Diabetic Retinopathy,1
Eye Disease Image Dataset/Original Dataset/Original Dataset/Healthy/Healthy396.jpg,Healthy,4
Eye Disease Image Dataset/Original Dataset/Original Dataset/Diabetic Retinopathy/DR652.jpg,Diabetic Retinopathy,1
Eye Disease Image Dataset/Original Dataset/Original Dataset/Glaucoma/Glaucoma682.jpg,Glaucoma,3
Eye Disease Image Dataset/Original Dataset/Original Dataset/Glaucoma/Glaucoma1326.jpg,Glaucoma,3
Eye Disease Image Dataset/Original Dataset/Original Dataset/Healthy/Healthy312.jpg,Healthy,4
Eye Disease Image Dataset/Original Dataset/Original Dataset/Diabetic Retinopathy/DR1506.jpg,Diabetic Retinopathy,1
Eye Disease Image Dataset/Original Dataset/Original Dataset/Glaucoma/Glaucoma947.jpg,Glaucoma,3
Eye Disease Image Dataset/Original Dataset/Original Dataset/Diabetic Retinopathy/DR1165.jpg,Diabetic Retinopathy,1
Eye Disease Image Dataset/Original Dataset/Original Dataset/Diabetic Retinopathy/DR1298.jpg,Diabetic Retinopathy,1
Eye Disease Image Dataset/Original Dataset/Original Dataset/Disc Edema/Disc Edema52.jpg,Disc Edema,2
Eye Disease Image Dataset/Original Dataset/Original Dataset/Retinal Detachment/Retinal Detachment107.jpg,Retinal Detachment,8
Eye Disease Image Dataset/Original Dataset/Original Dataset/Retinal Detachment/Retinal Detachment83.jpg,Retinal Detachment,8
Eye Disease Image Dataset/Original Dataset/Original Dataset/Glaucoma/Glaucoma974.jpg,Glaucoma,3
Eye Disease Image Dataset/Original Dataset/Original Dataset/Healthy/Healthy956.jpg,Healthy,4
Eye Disease Image Dataset/Original Dataset/Original Dataset/Diabetic Retinopathy/DR442.jpg,Diabetic Retinopathy,1
Eye Disease Image Dataset/Original Dataset/Original Dataset/Diabetic Retinopathy/DR948.jpg,Diabetic Retinopathy,1
Eye Disease Image Dataset/Original Dataset/Original Dataset/Diabetic Retinopathy/DR476.jpg,Diabetic Retinopathy,1
Eye Disease Image Dataset/Original Dataset/Original Dataset/Glaucoma/Glaucoma684.jpg,Glaucoma,3
Eye Disease Image Dataset/Original Dataset/Original Dataset/Diabetic Retinopathy/DR425.jpg,Diabetic Retinopathy,1
Eye Disease Image Dataset/Original Dataset/Original Dataset/Retinitis Pigmentosa/Retinitis Pigmentosa98.jpg,Retinitis Pigmentosa,9
Eye Disease Image Dataset/Original Dataset/Original Dataset/Glaucoma/Glaucoma153.jpg,Glaucoma,3
Eye Disease Image Dataset/Original Dataset/Original Dataset/Glaucoma/Glaucoma502.jpg,Glaucoma,3
Eye Disease Image Dataset/Original Dataset/Original Dataset/Healthy/Healthy472.jpg,Healthy,4
Eye Disease Image Dataset/Original Dataset/Original Dataset/Glaucoma/Glaucoma879.jpg,Glaucoma,3
Eye Disease Image Dataset/Original Dataset/Original Dataset/Myopia/Myopia40.jpg,Myopia,6
Eye Disease Image Dataset/Original Dataset/Original Dataset/Diabetic Retinopathy/DR654.jpg,Diabetic Retinopathy,1
Eye Disease Image Dataset/Original Dataset/Original Dataset/Glaucoma/Glaucoma1164.jpg,Glaucoma,3
Eye Disease Image Dataset/Original Dataset/Original Dataset/Diabetic Retinopathy/DR692.jpg,Diabetic Retinopathy,1
Eye Disease Image Dataset/Original Dataset/Original Dataset/Myopia/Myopia69.jpg,Myopia,6
Eye Disease Image Dataset/Original Dataset/Original Dataset/Healthy/Healthy796.jpg,Healthy,4
Eye Disease Image Dataset/Original Dataset/Original Dataset/Myopia/Myopia65.jpg,Myopia,6
Eye Disease Image Dataset/Original Dataset/Original Dataset/Glaucoma/Glaucoma1191.jpg,Glaucoma,3
Eye Disease Image Dataset/Original Dataset/Original Dataset/Diabetic Retinopathy/DR263.jpg,Diabetic Retinopathy,1
Eye Disease Image Dataset/Original Dataset/Original Dataset/Glaucoma/Glaucoma1290.jpg,Glaucoma,3
Eye Disease Image Dataset/Original Dataset/Original Dataset/Diabetic Retinopathy/DR1402.jpg,Diabetic Retinopathy,1
Eye Disease Image Dataset/Original Dataset/Original Dataset/Healthy/Healthy784.jpg,Healthy,4
Eye Disease Image Dataset/Original Dataset/Original Dataset/Macular Scar/Macular Scar18.jpg,Macular Scar,5
Eye Disease Image Dataset/Original Dataset/Original Dataset/Healthy/Healthy324.jpg,Healthy,4
Eye Disease Image Dataset/Original Dataset/Original Dataset/Myopia/Myopia46.jpg,Myopia,6
Eye Disease Image Dataset/Original Dataset/Original Dataset/Glaucoma/Glaucoma814.jpg,Glaucoma,3
Eye Disease Image Dataset/Original Dataset/Original Dataset/Glaucoma/Glaucoma177.jpg,Glaucoma,3
Eye Disease Image Dataset/Original Dataset/Original Dataset/Macular Scar/Macular Scar427.jpg,Macular Scar,5
Eye Disease Image Dataset/Original Dataset/Original Dataset/Diabetic Retinopathy/DR617.jpg,Diabetic Retinopathy,1
Eye Disease Image Dataset/Original Dataset/Original Dataset/Glaucoma/Glaucoma847.jpg,Glaucoma,3
Eye Disease Image Dataset/Original Dataset/Original Dataset/Diabetic Retinopathy/DR133.jpg,Diabetic Retinopathy,1
Eye Disease Image Dataset/Original Dataset/Original Dataset/Diabetic Retinopathy/DR717.jpg,Diabetic Retinopathy,1
Eye Disease Image Dataset/Original Dataset/Original Dataset/Diabetic Retinopathy/DR80.jpg,Diabetic Retinopathy,1
Eye Disease Image Dataset/Original Dataset/Original Dataset/Diabetic Retinopathy/DR1206.jpg,Diabetic Retinopathy,1
Eye Disease Image Dataset/Original Dataset/Original Dataset/Glaucoma/Glaucoma1133.jpg,Glaucoma,3
Eye Disease Image Dataset/Original Dataset/Original Dataset/Diabetic Retinopathy/DR1504.jpg,Diabetic Retinopathy,1
Eye Disease Image Dataset/Original Dataset/Original Dataset/Glaucoma/Glaucoma821.jpg,Glaucoma,3
Eye Disease Image Dataset/Original Dataset/Original Dataset/Myopia/Myopia276.jpg,Myopia,6
Eye Disease Image Dataset/Original Dataset/Original Dataset/Healthy/Healthy7.jpg,Healthy,4
Eye Disease Image Dataset/Original Dataset/Original Dataset/Diabetic Retinopathy/DR1089.jpg,Diabetic Retinopathy,1
Eye Disease Image Dataset/Original Dataset/Original Dataset/Diabetic Retinopathy/DR1072.jpg,Diabetic Retinopathy,1
Eye Disease Image Dataset/Original Dataset/Original Dataset/Retinitis Pigmentosa/Retinitis Pigmentosa70.jpg,Retinitis Pigmentosa,9
Eye Disease Image Dataset/Original Dataset/Original Dataset/Central Serous Chorioretinopathy [Color Fundus]/CSCR16.jpg,Central Serous Chorioretinopathy [Color Fundus],0
Eye Disease Image Dataset/Original Dataset/Original Dataset/Diabetic Retinopathy/DR1040.jpg,Diabetic Retinopathy,1
Eye Disease Image Dataset/Original Dataset/Original Dataset/Diabetic Retinopathy/DR38.jpg,Diabetic Retinopathy,1
Eye Disease Image Dataset/Original Dataset/Original Dataset/Healthy/Healthy78.jpg,Healthy,4
Eye Disease Image Dataset/Original Dataset/Original Dataset/Macular Scar/Macular Scar193.jpg,Macular Scar,5
Eye Disease Image Dataset/Original Dataset/Original Dataset/Diabetic Retinopathy/DR1371.jpg,Diabetic Retinopathy,1
Eye Disease Image Dataset/Original Dataset/Original Dataset/Healthy/Healthy156.jpg,Healthy,4
Eye Disease Image Dataset/Original Dataset/Original Dataset/Glaucoma/Glaucoma373.jpg,Glaucoma,3
Eye Disease Image Dataset/Original Dataset/Original Dataset/Diabetic Retinopathy/DR71.jpg,Diabetic Retinopathy,1
Eye Disease Image Dataset/Original Dataset/Original Dataset/Healthy/Healthy384.jpg,Healthy,4
Eye Disease Image Dataset/Original Dataset/Original Dataset/Diabetic Retinopathy/DR220.jpg,Diabetic Retinopathy,1
Eye Disease Image Dataset/Original Dataset/Original Dataset/Glaucoma/Glaucoma90.jpg,Glaucoma,3
Eye Disease Image Dataset/Original Dataset/Original Dataset/Myopia/Myopia160.jpg,Myopia,6
Eye Disease Image Dataset/Original Dataset/Original Dataset/Myopia/Myopia307.jpg,Myopia,6
Eye Disease Image Dataset/Original Dataset/Original Dataset/Healthy/Healthy482.jpg,Healthy,4
Eye Disease Image Dataset/Original Dataset/Original Dataset/Diabetic Retinopathy/DR1058.jpg,Diabetic Retinopathy,1
Eye Disease Image Dataset/Original Dataset/Original Dataset/Glaucoma/Glaucoma509.jpg,Glaucoma,3
Eye Disease Image Dataset/Original Dataset/Original Dataset/Healthy/Healthy830.jpg,Healthy,4
Eye Disease Image Dataset/Original Dataset/Original Dataset/Healthy/Healthy792.jpg,Healthy,4
Eye Disease Image Dataset/Original Dataset/Original Dataset/Glaucoma/Glaucoma430.jpg,Glaucoma,3
Eye Disease Image Dataset/Original Dataset/Original Dataset/Macular Scar/Macular Scar384.jpg,Macular Scar,5
Eye Disease Image Dataset/Original Dataset/Original Dataset/Diabetic Retinopathy/DR111.jpg,Diabetic Retinopathy,1
Eye Disease Image Dataset/Original Dataset/Original Dataset/Healthy/Healthy187.jpg,Healthy,4
Eye Disease Image Dataset/Original Dataset/Original Dataset/Glaucoma/Glaucoma888.jpg,Glaucoma,3
Eye Disease Image Dataset/Original Dataset/Original Dataset/Diabetic Retinopathy/DR54.jpg,Diabetic Retinopathy,1
Eye Disease Image Dataset/Original Dataset/Original Dataset/Diabetic Retinopathy/DR808.jpg,Diabetic Retinopathy,1
Eye Disease Image Dataset/Original Dataset/Original Dataset/Glaucoma/Glaucoma450.jpg,Glaucoma,3
Eye Disease Image Dataset/Original Dataset/Original Dataset/Glaucoma/Glaucoma506.jpg,Glaucoma,3
Eye Disease Image Dataset/Original Dataset/Original Dataset/Retinal Detachment/Retinal Detachment58.jpg,Retinal Detachment,8
Eye Disease Image Dataset/Original Dataset/Original Dataset/Glaucoma/Glaucoma653.jpg,Glaucoma,3
Eye Disease Image Dataset/Original Dataset/Original Dataset/Retinitis Pigmentosa/Retinitis Pigmentosa119.jpg,Retinitis Pigmentosa,9
Eye Disease Image Dataset/Original Dataset/Original Dataset/Diabetic Retinopathy/DR351.jpg,Diabetic Retinopathy,1
Eye Disease Image Dataset/Original Dataset/Original Dataset/Diabetic Retinopathy/DR182.jpg,Diabetic Retinopathy,1
Eye Disease Image Dataset/Original Dataset/Original Dataset/Healthy/Healthy534.jpg,Healthy,4
Eye Disease Image Dataset/Original Dataset/Original Dataset/Central Serous Chorioretinopathy [Color Fundus]/CSCR46.jpg,Central Serous Chorioretinopathy [Color Fundus],0
Eye Disease Image Dataset/Original Dataset/Original Dataset/Macular Scar/Macular Scar422.jpg,Macular Scar,5
Eye Disease Image Dataset/Original Dataset/Original Dataset/Myopia/Myopia175.jpg,Myopia,6
Eye Disease Image Dataset/Original Dataset/Original Dataset/Healthy/Healthy214.jpg,Healthy,4
Eye Disease Image Dataset/Original Dataset/Original Dataset/Healthy/Healthy1006.jpg,Healthy,4
Eye Disease Image Dataset/Original Dataset/Original Dataset/Myopia/Myopia303.jpg,Myopia,6
Eye Disease Image Dataset/Original Dataset/Original Dataset/Myopia/Myopia235.jpg,Myopia,6
Eye Disease Image Dataset/Original Dataset/Original Dataset/Myopia/Myopia77.jpg,Myopia,6
Eye Disease Image Dataset/Original Dataset/Original Dataset/Diabetic Retinopathy/DR862.jpg,Diabetic Retinopathy,1
Eye Disease Image Dataset/Original Dataset/Original Dataset/Healthy/Healthy17.jpg,Healthy,4
Eye Disease Image Dataset/Original Dataset/Original Dataset/Diabetic Retinopathy/DR664.jpg,Diabetic Retinopathy,1
Eye Disease Image Dataset/Original Dataset/Original Dataset/Diabetic Retinopathy/DR719.jpg,Diabetic Retinopathy,1
Eye Disease Image Dataset/Original Dataset/Original Dataset/Myopia/Myopia114.jpg,Myopia,6
Eye Disease Image Dataset/Original Dataset/Original Dataset/Healthy/Healthy104.jpg,Healthy,4
Eye Disease Image Dataset/Original Dataset/Original Dataset/Diabetic Retinopathy/DR1023.jpg,Diabetic Retinopathy,1
Eye Disease Image Dataset/Original Dataset/Original Dataset/Glaucoma/Glaucoma1065.jpg,Glaucoma,3
Eye Disease Image Dataset/Original Dataset/Original Dataset/Diabetic Retinopathy/DR239.jpg,Diabetic Retinopathy,1
Eye Disease Image Dataset/Original Dataset/Original Dataset/Diabetic Retinopathy/DR952.jpg,Diabetic Retinopathy,1
Eye Disease Image Dataset/Original Dataset/Original Dataset/Macular Scar/Macular Scar261.jpg,Macular Scar,5
Eye Disease Image Dataset/Original Dataset/Original Dataset/Macular Scar/Macular Scar408.jpg,Macular Scar,5
Eye Disease Image Dataset/Original Dataset/Original Dataset/Glaucoma/Glaucoma1078.jpg,Glaucoma,3
Eye Disease Image Dataset/Original Dataset/Original Dataset/Healthy/Healthy549.jpg,Healthy,4
Eye Disease Image Dataset/Original Dataset/Original Dataset/Glaucoma/Glaucoma277.jpg,Glaucoma,3
Eye Disease Image Dataset/Original Dataset/Original Dataset/Macular Scar/Macular Scar344.jpg,Macular Scar,5
Eye Disease Image Dataset/Original Dataset/Original Dataset/Myopia/Myopia354.jpg,Myopia,6
Eye Disease Image Dataset/Original Dataset/Original Dataset/Glaucoma/Glaucoma741.jpg,Glaucoma,3
Eye Disease Image Dataset/Original Dataset/Original Dataset/Retinal Detachment/Retinal Detachment10.jpg,Retinal Detachment,8
Eye Disease Image Dataset/Original Dataset/Original Dataset/Diabetic Retinopathy/DR1094.jpg,Diabetic Retinopathy,1
Eye Disease Image Dataset/Original Dataset/Original Dataset/Glaucoma/Glaucoma383.jpg,Glaucoma,3
Eye Disease Image Dataset/Original Dataset/Original Dataset/Glaucoma/Glaucoma933.jpg,Glaucoma,3
Eye Disease Image Dataset/Original Dataset/Original Dataset/Glaucoma/Glaucoma470.jpg,Glaucoma,3
Eye Disease Image Dataset/Original Dataset/Original Dataset/Healthy/Healthy979.jpg,Healthy,4
Eye Disease Image Dataset/Original Dataset/Original Dataset/Retinitis Pigmentosa/Retinitis Pigmentosa52.jpg,Retinitis Pigmentosa,9
Eye Disease Image Dataset/Original Dataset/Original Dataset/Glaucoma/Glaucoma1280.jpg,Glaucoma,3
Eye Disease Image Dataset/Original Dataset/Original Dataset/Myopia/Myopia8.jpg,Myopia,6
Eye Disease Image Dataset/Original Dataset/Original Dataset/Healthy/Healthy320.jpg,Healthy,4
Eye Disease Image Dataset/Original Dataset/Original Dataset/Diabetic Retinopathy/DR596.jpg,Diabetic Retinopathy,1
Eye Disease Image Dataset/Original Dataset/Original Dataset/Diabetic Retinopathy/DR32.jpg,Diabetic Retinopathy,1
Eye Disease Image Dataset/Original Dataset/Original Dataset/Diabetic Retinopathy/DR644.jpg,Diabetic Retinopathy,1
Eye Disease Image Dataset/Original Dataset/Original Dataset/Macular Scar/Macular Scar394.jpg,Macular Scar,5
Eye Disease Image Dataset/Original Dataset/Original Dataset/Myopia/Myopia461.jpg,Myopia,6
Eye Disease Image Dataset/Original Dataset/Original Dataset/Glaucoma/Glaucoma286.jpg,Glaucoma,3
Eye Disease Image Dataset/Original Dataset/Original Dataset/Diabetic Retinopathy/DR1327.jpg,Diabetic Retinopathy,1
Eye Disease Image Dataset/Original Dataset/Original Dataset/Myopia/Myopia128.jpg,Myopia,6
Eye Disease Image Dataset/Original Dataset/Original Dataset/Glaucoma/Glaucoma135.jpg,Glaucoma,3
Eye Disease Image Dataset/Original Dataset/Original Dataset/Diabetic Retinopathy/DR1181.jpg,Diabetic Retinopathy,1
Eye Disease Image Dataset/Original Dataset/Original Dataset/Diabetic Retinopathy/DR616.jpg,Diabetic Retinopathy,1
Eye Disease Image Dataset/Original Dataset/Original Dataset/Macular Scar/Macular Scar267.jpg,Macular Scar,5
Eye Disease Image Dataset/Original Dataset/Original Dataset/Macular Scar/Macular Scar190.jpg,Macular Scar,5
Eye Disease Image Dataset/Original Dataset/Original Dataset/Diabetic Retinopathy/DR813.jpg,Diabetic Retinopathy,1
Eye Disease Image Dataset/Original Dataset/Original Dataset/Glaucoma/Glaucoma534.jpg,Glaucoma,3
Eye Disease Image Dataset/Original Dataset/Original Dataset/Diabetic Retinopathy/DR1498.jpg,Diabetic Retinopathy,1
Eye Disease Image Dataset/Original Dataset/Original Dataset/Diabetic Retinopathy/DR1033.jpg,Diabetic Retinopathy,1
Eye Disease Image Dataset/Original Dataset/Original Dataset/Diabetic Retinopathy/DR1315.jpg,Diabetic Retinopathy,1
Eye Disease Image Dataset/Original Dataset/Original Dataset/Glaucoma/Glaucoma829.jpg,Glaucoma,3
Eye Disease Image Dataset/Original Dataset/Original Dataset/Glaucoma/Glaucoma35.jpg,Glaucoma,3
Eye Disease Image Dataset/Original Dataset/Original Dataset/Diabetic Retinopathy/DR640.jpg,Diabetic Retinopathy,1
Eye Disease Image Dataset/Original Dataset/Original Dataset/Diabetic Retinopathy/DR280.jpg,Diabetic Retinopathy,1
Eye Disease Image Dataset/Original Dataset/Original Dataset/Glaucoma/Glaucoma48.jpg,Glaucoma,3
Eye Disease Image Dataset/Original Dataset/Original Dataset/Diabetic Retinopathy/DR79.jpg,Diabetic Retinopathy,1
Eye Disease Image Dataset/Original Dataset/Original Dataset/Central Serous Chorioretinopathy [Color Fundus]/CSCR100.jpg,Central Serous Chorioretinopathy [Color Fundus],0
Eye Disease Image Dataset/Original Dataset/Original Dataset/Retinal Detachment/Retinal Detachment113.jpg,Retinal Detachment,8
Eye Disease Image Dataset/Original Dataset/Original Dataset/Glaucoma/Glaucoma608.jpg,Glaucoma,3
Eye Disease Image Dataset/Original Dataset/Original Dataset/Glaucoma/Glaucoma1020.jpg,Glaucoma,3
Eye Disease Image Dataset/Original Dataset/Original Dataset/Diabetic Retinopathy/DR1062.jpg,Diabetic Retinopathy,1
Eye Disease Image Dataset/Original Dataset/Original Dataset/Healthy/Healthy931.jpg,Healthy,4
Eye Disease Image Dataset/Original Dataset/Original Dataset/Myopia/Myopia381.jpg,Myopia,6
Eye Disease Image Dataset/Original Dataset/Original Dataset/Healthy/Healthy930.jpg,Healthy,4
Eye Disease Image Dataset/Original Dataset/Original Dataset/Healthy/Healthy144.jpg,Healthy,4
Eye Disease Image Dataset/Original Dataset/Original Dataset/Myopia/Myopia122.jpg,Myopia,6
Eye Disease Image Dataset/Original Dataset/Original Dataset/Retinitis Pigmentosa/Retinitis Pigmentosa135.jpg,Retinitis Pigmentosa,9
Eye Disease Image Dataset/Original Dataset/Original Dataset/Myopia/Myopia377.jpg,Myopia,6
Eye Disease Image Dataset/Original Dataset/Original Dataset/Healthy/Healthy915.jpg,Healthy,4
Eye Disease Image Dataset/Original Dataset/Original Dataset/Diabetic Retinopathy/DR155.jpg,Diabetic Retinopathy,1
Eye Disease Image Dataset/Original Dataset/Original Dataset/Healthy/Healthy305.jpg,Healthy,4
Eye Disease Image Dataset/Original Dataset/Original Dataset/Diabetic Retinopathy/DR1439.jpg,Diabetic Retinopathy,1
Eye Disease Image Dataset/Original Dataset/Original Dataset/Retinitis Pigmentosa/Retinitis Pigmentosa96.jpg,Retinitis Pigmentosa,9
Eye Disease Image Dataset/Original Dataset/Original Dataset/Myopia/Myopia48.jpg,Myopia,6
Eye Disease Image Dataset/Original Dataset/Original Dataset/Glaucoma/Glaucoma1128.jpg,Glaucoma,3
Eye Disease Image Dataset/Original Dataset/Original Dataset/Myopia/Myopia119.jpg,Myopia,6
Eye Disease Image Dataset/Original Dataset/Original Dataset/Glaucoma/Glaucoma375.jpg,Glaucoma,3
Eye Disease Image Dataset/Original Dataset/Original Dataset/Myopia/Myopia1.jpg,Myopia,6
Eye Disease Image Dataset/Original Dataset/Original Dataset/Healthy/Healthy648.jpg,Healthy,4
Eye Disease Image Dataset/Original Dataset/Original Dataset/Diabetic Retinopathy/DR676.jpg,Diabetic Retinopathy,1
Eye Disease Image Dataset/Original Dataset/Original Dataset/Macular Scar/Macular Scar104.jpg,Macular Scar,5
Eye Disease Image Dataset/Original Dataset/Original Dataset/Diabetic Retinopathy/DR902.jpg,Diabetic Retinopathy,1
Eye Disease Image Dataset/Original Dataset/Original Dataset/Glaucoma/Glaucoma186.jpg,Glaucoma,3
Eye Disease Image Dataset/Original Dataset/Original Dataset/Retinal Detachment/Retinal Detachment71.jpg,Retinal Detachment,8
Eye Disease Image Dataset/Original Dataset/Original Dataset/Healthy/Healthy547.jpg,Healthy,4
Eye Disease Image Dataset/Original Dataset/Original Dataset/Glaucoma/Glaucoma107.jpg,Glaucoma,3
Eye Disease Image Dataset/Original Dataset/Original Dataset/Healthy/Healthy559.jpg,Healthy,4
Eye Disease Image Dataset/Original Dataset/Original Dataset/Disc Edema/Disc Edema53.jpg,Disc Edema,2
Eye Disease Image Dataset/Original Dataset/Original Dataset/Diabetic Retinopathy/DR743.jpg,Diabetic Retinopathy,1
Eye Disease Image Dataset/Original Dataset/Original Dataset/Myopia/Myopia358.jpg,Myopia,6
Eye Disease Image Dataset/Original Dataset/Original Dataset/Diabetic Retinopathy/DR671.jpg,Diabetic Retinopathy,1
Eye Disease Image Dataset/Original Dataset/Original Dataset/Myopia/Myopia404.jpg,Myopia,6
Eye Disease Image Dataset/Original Dataset/Original Dataset/Healthy/Healthy512.jpg,Healthy,4
Eye Disease Image Dataset/Original Dataset/Original Dataset/Retinitis Pigmentosa/Retinitis Pigmentosa112.jpg,Retinitis Pigmentosa,9
Eye Disease Image Dataset/Original Dataset/Original Dataset/Diabetic Retinopathy/DR34.jpg,Diabetic Retinopathy,1
Eye Disease Image Dataset/Original Dataset/Original Dataset/Healthy/Healthy952.jpg,Healthy,4
Eye Disease Image Dataset/Original Dataset/Original Dataset/Healthy/Healthy884.jpg,Healthy,4
Eye Disease Image Dataset/Original Dataset/Original Dataset/Diabetic Retinopathy/DR1459.jpg,Diabetic Retinopathy,1
Eye Disease Image Dataset/Original Dataset/Original Dataset/Glaucoma/Glaucoma1330.jpg,Glaucoma,3
Eye Disease Image Dataset/Original Dataset/Original Dataset/Macular Scar/Macular Scar197.jpg,Macular Scar,5
Eye Disease Image Dataset/Original Dataset/Original Dataset/Healthy/Healthy163.jpg,Healthy,4
Eye Disease Image Dataset/Original Dataset/Original Dataset/Glaucoma/Glaucoma727.jpg,Glaucoma,3
Eye Disease Image Dataset/Original Dataset/Original Dataset/Disc Edema/Disc Edema100.jpg,Disc Edema,2
Eye Disease Image Dataset/Original Dataset/Original Dataset/Glaucoma/Glaucoma28.jpg,Glaucoma,3
Eye Disease Image Dataset/Original Dataset/Original Dataset/Myopia/Myopia314.jpg,Myopia,6
Eye Disease Image Dataset/Original Dataset/Original Dataset/Macular Scar/Macular Scar132.jpg,Macular Scar,5
Eye Disease Image Dataset/Original Dataset/Original Dataset/Disc Edema/Disc Edema112.jpg,Disc Edema,2
Eye Disease Image Dataset/Original Dataset/Original Dataset/Retinal Detachment/Retinal Detachment18.jpg,Retinal Detachment,8
Eye Disease Image Dataset/Original Dataset/Original Dataset/Glaucoma/Glaucoma573.jpg,Glaucoma,3
Eye Disease Image Dataset/Original Dataset/Original Dataset/Retinal Detachment/Retinal Detachment15.jpg,Retinal Detachment,8
Eye Disease Image Dataset/Original Dataset/Original Dataset/Healthy/Healthy13.jpg,Healthy,4
Eye Disease Image Dataset/Original Dataset/Original Dataset/Healthy/Healthy768.jpg,Healthy,4
Eye Disease Image Dataset/Original Dataset/Original Dataset/Diabetic Retinopathy/DR1348.jpg,Diabetic Retinopathy,1
Eye Disease Image Dataset/Original Dataset/Original Dataset/Myopia/Myopia416.jpg,Myopia,6
Eye Disease Image Dataset/Original Dataset/Original Dataset/Diabetic Retinopathy/DR746.jpg,Diabetic Retinopathy,1
Eye Disease Image Dataset/Original Dataset/Original Dataset/Diabetic Retinopathy/DR1027.jpg,Diabetic Retinopathy,1
Eye Disease Image Dataset/Original Dataset/Original Dataset/Disc Edema/Disc Edema5.jpg,Disc Edema,2
Eye Disease Image Dataset/Original Dataset/Original Dataset/Macular Scar/Macular Scar297.jpg,Macular Scar,5
Eye Disease Image Dataset/Original Dataset/Original Dataset/Glaucoma/Glaucoma1245.jpg,Glaucoma,3
Eye Disease Image Dataset/Original Dataset/Original Dataset/Diabetic Retinopathy/DR756.jpg,Diabetic Retinopathy,1
Eye Disease Image Dataset/Original Dataset/Original Dataset/Healthy/Healthy3.jpg,Healthy,4
Eye Disease Image Dataset/Original Dataset/Original Dataset/Glaucoma/Glaucoma642.jpg,Glaucoma,3
Eye Disease Image Dataset/Original Dataset/Original Dataset/Diabetic Retinopathy/DR1266.jpg,Diabetic Retinopathy,1
Eye Disease Image Dataset/Original Dataset/Original Dataset/Myopia/Myopia401.jpg,Myopia,6
Eye Disease Image Dataset/Original Dataset/Original Dataset/Myopia/Myopia321.jpg,Myopia,6
Eye Disease Image Dataset/Original Dataset/Original Dataset/Glaucoma/Glaucoma317.jpg,Glaucoma,3
Eye Disease Image Dataset/Original Dataset/Original Dataset/Myopia/Myopia346.jpg,Myopia,6
Eye Disease Image Dataset/Original Dataset/Original Dataset/Glaucoma/Glaucoma302.jpg,Glaucoma,3
Eye Disease Image Dataset/Original Dataset/Original Dataset/Diabetic Retinopathy/DR432.jpg,Diabetic Retinopathy,1
Eye Disease Image Dataset/Original Dataset/Original Dataset/Diabetic Retinopathy/DR1510.jpg,Diabetic Retinopathy,1
Eye Disease Image Dataset/Original Dataset/Original Dataset/Macular Scar/Macular Scar12.jpg,Macular Scar,5
Eye Disease Image Dataset/Original Dataset/Original Dataset/Glaucoma/Glaucoma31.jpg,Glaucoma,3
Eye Disease Image Dataset/Original Dataset/Original Dataset/Diabetic Retinopathy/DR891.jpg,Diabetic Retinopathy,1
Eye Disease Image Dataset/Original Dataset/Original Dataset/Healthy/Healthy670.jpg,Healthy,4
Eye Disease Image Dataset/Original Dataset/Original Dataset/Macular Scar/Macular Scar222.jpg,Macular Scar,5
Eye Disease Image Dataset/Original Dataset/Original Dataset/Glaucoma/Glaucoma1051.jpg,Glaucoma,3
Eye Disease Image Dataset/Original Dataset/Original Dataset/Disc Edema/Disc Edema84.jpg,Disc Edema,2
Eye Disease Image Dataset/Original Dataset/Original Dataset/Myopia/Myopia335.jpg,Myopia,6
Eye Disease Image Dataset/Original Dataset/Original Dataset/Glaucoma/Glaucoma387.jpg,Glaucoma,3
Eye Disease Image Dataset/Original Dataset/Original Dataset/Healthy/Healthy575.jpg,Healthy,4
Eye Disease Image Dataset/Original Dataset/Original Dataset/Myopia/Myopia315.jpg,Myopia,6
Eye Disease Image Dataset/Original Dataset/Original Dataset/Glaucoma/Glaucoma846.jpg,Glaucoma,3
Eye Disease Image Dataset/Original Dataset/Original Dataset/Diabetic Retinopathy/DR1022.jpg,Diabetic Retinopathy,1
Eye Disease Image Dataset/Original Dataset/Original Dataset/Macular Scar/Macular Scar120.jpg,Macular Scar,5
Eye Disease Image Dataset/Original Dataset/Original Dataset/Diabetic Retinopathy/DR548.jpg,Diabetic Retinopathy,1
Eye Disease Image Dataset/Original Dataset/Original Dataset/Healthy/Healthy219.jpg,Healthy,4
Eye Disease Image Dataset/Original Dataset/Original Dataset/Myopia/Myopia268.jpg,Myopia,6
Eye Disease Image Dataset/Original Dataset/Original Dataset/Diabetic Retinopathy/DR320.jpg,Diabetic Retinopathy,1
Eye Disease Image Dataset/Original Dataset/Original Dataset/Glaucoma/Glaucoma1073.jpg,Glaucoma,3
Eye Disease Image Dataset/Original Dataset/Original Dataset/Myopia/Myopia399.jpg,Myopia,6
Eye Disease Image Dataset/Original Dataset/Original Dataset/Diabetic Retinopathy/DR1397.jpg,Diabetic Retinopathy,1
Eye Disease Image Dataset/Original Dataset/Original Dataset/Diabetic Retinopathy/DR691.jpg,Diabetic Retinopathy,1
Eye Disease Image Dataset/Original Dataset/Original Dataset/Glaucoma/Glaucoma683.jpg,Glaucoma,3
Eye Disease Image Dataset/Original Dataset/Original Dataset/Diabetic Retinopathy/DR1141.jpg,Diabetic Retinopathy,1
Eye Disease Image Dataset/Original Dataset/Original Dataset/Disc Edema/Disc Edema62.jpg,Disc Edema,2
Eye Disease Image Dataset/Original Dataset/Original Dataset/Macular Scar/Macular Scar201.jpg,Macular Scar,5
Eye Disease Image Dataset/Original Dataset/Original Dataset/Macular Scar/Macular Scar316.jpg,Macular Scar,5
Eye Disease Image Dataset/Original Dataset/Original Dataset/Healthy/Healthy127.jpg,Healthy,4
Eye Disease Image Dataset/Original Dataset/Original Dataset/Healthy/Healthy803.jpg,Healthy,4
Eye Disease Image Dataset/Original Dataset/Original Dataset/Diabetic Retinopathy/DR729.jpg,Diabetic Retinopathy,1
Eye Disease Image Dataset/Original Dataset/Original Dataset/Glaucoma/Glaucoma950.jpg,Glaucoma,3
Eye Disease Image Dataset/Original Dataset/Original Dataset/Diabetic Retinopathy/DR43.jpg,Diabetic Retinopathy,1
Eye Disease Image Dataset/Original Dataset/Original Dataset/Diabetic Retinopathy/DR114.jpg,Diabetic Retinopathy,1
Eye Disease Image Dataset/Original Dataset/Original Dataset/Healthy/Healthy567.jpg,Healthy,4
Eye Disease Image Dataset/Original Dataset/Original Dataset/Diabetic Retinopathy/DR304.jpg,Diabetic Retinopathy,1
Eye Disease Image Dataset/Original Dataset/Original Dataset/Retinitis Pigmentosa/Retinitis Pigmentosa77.jpg,Retinitis Pigmentosa,9
Eye Disease Image Dataset/Original Dataset/Original Dataset/Myopia/Myopia244.jpg,Myopia,6
Eye Disease Image Dataset/Original Dataset/Original Dataset/Glaucoma/Glaucoma685.jpg,Glaucoma,3
Eye Disease Image Dataset/Original Dataset/Original Dataset/Diabetic Retinopathy/DR571.jpg,Diabetic Retinopathy,1
Eye Disease Image Dataset/Original Dataset/Original Dataset/Glaucoma/Glaucoma425.jpg,Glaucoma,3
Eye Disease Image Dataset/Original Dataset/Original Dataset/Diabetic Retinopathy/DR590.jpg,Diabetic Retinopathy,1
Eye Disease Image Dataset/Original Dataset/Original Dataset/Diabetic Retinopathy/DR303.jpg,Diabetic Retinopathy,1
Eye Disease Image Dataset/Original Dataset/Original Dataset/Healthy/Healthy749.jpg,Healthy,4
Eye Disease Image Dataset/Original Dataset/Original Dataset/Healthy/Healthy318.jpg,Healthy,4
Eye Disease Image Dataset/Original Dataset/Original Dataset/Diabetic Retinopathy/DR97.jpg,Diabetic Retinopathy,1
Eye Disease Image Dataset/Original Dataset/Original Dataset/Glaucoma/Glaucoma196.jpg,Glaucoma,3
Eye Disease Image Dataset/Original Dataset/Original Dataset/Healthy/Healthy180.jpg,Healthy,4
Eye Disease Image Dataset/Original Dataset/Original Dataset/Glaucoma/Glaucoma635.jpg,Glaucoma,3
Eye Disease Image Dataset/Original Dataset/Original Dataset/Glaucoma/Glaucoma74.jpg,Glaucoma,3
Eye Disease Image Dataset/Original Dataset/Original Dataset/Disc Edema/Disc Edema75.jpg,Disc Edema,2
Eye Disease Image Dataset/Original Dataset/Original Dataset/Macular Scar/Macular Scar82.jpg,Macular Scar,5
Eye Disease Image Dataset/Original Dataset/Original Dataset/Disc Edema/Disc Edema34.jpg,Disc Edema,2
Eye Disease Image Dataset/Original Dataset/Original Dataset/Glaucoma/Glaucoma410.jpg,Glaucoma,3
Eye Disease Image Dataset/Original Dataset/Original Dataset/Healthy/Healthy626.jpg,Healthy,4
Eye Disease Image Dataset/Original Dataset/Original Dataset/Myopia/Myopia84.jpg,Myopia,6
Eye Disease Image Dataset/Original Dataset/Original Dataset/Diabetic Retinopathy/DR731.jpg,Diabetic Retinopathy,1
Eye Disease Image Dataset/Original Dataset/Original Dataset/Macular Scar/Macular Scar216.jpg,Macular Scar,5
Eye Disease Image Dataset/Original Dataset/Original Dataset/Glaucoma/Glaucoma280.jpg,Glaucoma,3
Eye Disease Image Dataset/Original Dataset/Original Dataset/Glaucoma/Glaucoma122.jpg,Glaucoma,3
Eye Disease Image Dataset/Original Dataset/Original Dataset/Healthy/Healthy117.jpg,Healthy,4
Eye Disease Image Dataset/Original Dataset/Original Dataset/Healthy/Healthy400.jpg,Healthy,4
Eye Disease Image Dataset/Original Dataset/Original Dataset/Glaucoma/Glaucoma130.jpg,Glaucoma,3
Eye Disease Image Dataset/Original Dataset/Original Dataset/Macular Scar/Macular Scar268.jpg,Macular Scar,5
Eye Disease Image Dataset/Original Dataset/Original Dataset/Healthy/Healthy504.jpg,Healthy,4
Eye Disease Image Dataset/Original Dataset/Original Dataset/Glaucoma/Glaucoma958.jpg,Glaucoma,3
Eye Disease Image Dataset/Original Dataset/Original Dataset/Glaucoma/Glaucoma1323.jpg,Glaucoma,3
Eye Disease Image Dataset/Original Dataset/Original Dataset/Healthy/Healthy424.jpg,Healthy,4
Eye Disease Image Dataset/Original Dataset/Original Dataset/Glaucoma/Glaucoma692.jpg,Glaucoma,3
Eye Disease Image Dataset/Original Dataset/Original Dataset/Retinitis Pigmentosa/Retinitis Pigmentosa18.jpg,Retinitis Pigmentosa,9
Eye Disease Image Dataset/Original Dataset/Original Dataset/Diabetic Retinopathy/DR1042.jpg,Diabetic Retinopathy,1
Eye Disease Image Dataset/Original Dataset/Original Dataset/Glaucoma/Glaucoma418.jpg,Glaucoma,3
Eye Disease Image Dataset/Original Dataset/Original Dataset/Healthy/Healthy762.jpg,Healthy,4
Eye Disease Image Dataset/Original Dataset/Original Dataset/Healthy/Healthy30.jpg,Healthy,4
Eye Disease Image Dataset/Original Dataset/Original Dataset/Macular Scar/Macular Scar108.jpg,Macular Scar,5
Eye Disease Image Dataset/Original Dataset/Original Dataset/Glaucoma/Glaucoma946.jpg,Glaucoma,3
Eye Disease Image Dataset/Original Dataset/Original Dataset/Glaucoma/Glaucoma1130.jpg,Glaucoma,3
Eye Disease Image Dataset/Original Dataset/Original Dataset/Healthy/Healthy394.jpg,Healthy,4
Eye Disease Image Dataset/Original Dataset/Original Dataset/Diabetic Retinopathy/DR677.jpg,Diabetic Retinopathy,1
Eye Disease Image Dataset/Original Dataset/Original Dataset/Myopia/Myopia288.jpg,Myopia,6
Eye Disease Image Dataset/Original Dataset/Original Dataset/Macular Scar/Macular Scar307.jpg,Macular Scar,5
Eye Disease Image Dataset/Original Dataset/Original Dataset/Healthy/Healthy558.jpg,Healthy,4
Eye Disease Image Dataset/Original Dataset/Original Dataset/Diabetic Retinopathy/DR313.jpg,Diabetic Retinopathy,1
Eye Disease Image Dataset/Original Dataset/Original Dataset/Healthy/Healthy406.jpg,Healthy,4
Eye Disease Image Dataset/Original Dataset/Original Dataset/Retinitis Pigmentosa/Retinitis Pigmentosa39.jpg,Retinitis Pigmentosa,9
Eye Disease Image Dataset/Original Dataset/Original Dataset/Healthy/Healthy799.jpg,Healthy,4
Eye Disease Image Dataset/Original Dataset/Original Dataset/Healthy/Healthy293.jpg,Healthy,4
Eye Disease Image Dataset/Original Dataset/Original Dataset/Disc Edema/Disc Edema11.jpg,Disc Edema,2
Eye Disease Image Dataset/Original Dataset/Original Dataset/Diabetic Retinopathy/DR708.jpg,Diabetic Retinopathy,1
Eye Disease Image Dataset/Original Dataset/Original Dataset/Diabetic Retinopathy/DR953.jpg,Diabetic Retinopathy,1
Eye Disease Image Dataset/Original Dataset/Original Dataset/Diabetic Retinopathy/DR797.jpg,Diabetic Retinopathy,1
Eye Disease Image Dataset/Original Dataset/Original Dataset/Healthy/Healthy587.jpg,Healthy,4
Eye Disease Image Dataset/Original Dataset/Original Dataset/Glaucoma/Glaucoma305.jpg,Glaucoma,3
Eye Disease Image Dataset/Original Dataset/Original Dataset/Healthy/Healthy278.jpg,Healthy,4
Eye Disease Image Dataset/Original Dataset/Original Dataset/Diabetic Retinopathy/DR505.jpg,Diabetic Retinopathy,1
Eye Disease Image Dataset/Original Dataset/Original Dataset/Disc Edema/Disc Edema125.jpg,Disc Edema,2
Eye Disease Image Dataset/Original Dataset/Original Dataset/Central Serous Chorioretinopathy [Color Fundus]/CSCR81.jpg,Central Serous Chorioretinopathy [Color Fundus],0
Eye Disease Image Dataset/Original Dataset/Original Dataset/Glaucoma/Glaucoma995.jpg,Glaucoma,3
Eye Disease Image Dataset/Original Dataset/Original Dataset/Healthy/Healthy143.jpg,Healthy,4
Eye Disease Image Dataset/Original Dataset/Original Dataset/Macular Scar/Macular Scar39.jpg,Macular Scar,5
Eye Disease Image Dataset/Original Dataset/Original Dataset/Diabetic Retinopathy/DR736.jpg,Diabetic Retinopathy,1
Eye Disease Image Dataset/Original Dataset/Original Dataset/Diabetic Retinopathy/DR13.jpg,Diabetic Retinopathy,1
Eye Disease Image Dataset/Original Dataset/Original Dataset/Diabetic Retinopathy/DR681.jpg,Diabetic Retinopathy,1
Eye Disease Image Dataset/Original Dataset/Original Dataset/Myopia/Myopia143.jpg,Myopia,6
Eye Disease Image Dataset/Original Dataset/Original Dataset/Diabetic Retinopathy/DR1078.jpg,Diabetic Retinopathy,1
Eye Disease Image Dataset/Original Dataset/Original Dataset/Disc Edema/Disc Edema70.jpg,Disc Edema,2
Eye Disease Image Dataset/Original Dataset/Original Dataset/Central Serous Chorioretinopathy [Color Fundus]/CSCR13.jpg,Central Serous Chorioretinopathy [Color Fundus],0
Eye Disease Image Dataset/Original Dataset/Original Dataset/Diabetic Retinopathy/DR1201.jpg,Diabetic Retinopathy,1
Eye Disease Image Dataset/Original Dataset/Original Dataset/Diabetic Retinopathy/DR777.jpg,Diabetic Retinopathy,1
Eye Disease Image Dataset/Original Dataset/Original Dataset/Central Serous Chorioretinopathy [Color Fundus]/CSCR15.jpg,Central Serous Chorioretinopathy [Color Fundus],0
Eye Disease Image Dataset/Original Dataset/Original Dataset/Macular Scar/Macular Scar209.jpg,Macular Scar,5
Eye Disease Image Dataset/Original Dataset/Original Dataset/Diabetic Retinopathy/DR1008.jpg,Diabetic Retinopathy,1
Eye Disease Image Dataset/Original Dataset/Original Dataset/Healthy/Healthy408.jpg,Healthy,4
Eye Disease Image Dataset/Original Dataset/Original Dataset/Diabetic Retinopathy/DR1139.jpg,Diabetic Retinopathy,1
Eye Disease Image Dataset/Original Dataset/Original Dataset/Glaucoma/Glaucoma1166.jpg,Glaucoma,3
Eye Disease Image Dataset/Original Dataset/Original Dataset/Diabetic Retinopathy/DR447.jpg,Diabetic Retinopathy,1
Eye Disease Image Dataset/Original Dataset/Original Dataset/Glaucoma/Glaucoma1053.jpg,Glaucoma,3
Eye Disease Image Dataset/Original Dataset/Original Dataset/Diabetic Retinopathy/DR1244.jpg,Diabetic Retinopathy,1
Eye Disease Image Dataset/Original Dataset/Original Dataset/Glaucoma/Glaucoma435.jpg,Glaucoma,3
Eye Disease Image Dataset/Original Dataset/Original Dataset/Macular Scar/Macular Scar122.jpg,Macular Scar,5
Eye Disease Image Dataset/Original Dataset/Original Dataset/Myopia/Myopia189.jpg,Myopia,6
Eye Disease Image Dataset/Original Dataset/Original Dataset/Glaucoma/Glaucoma565.jpg,Glaucoma,3
Eye Disease Image Dataset/Original Dataset/Original Dataset/Glaucoma/Glaucoma133.jpg,Glaucoma,3
Eye Disease Image Dataset/Original Dataset/Original Dataset/Glaucoma/Glaucoma917.jpg,Glaucoma,3
Eye Disease Image Dataset/Original Dataset/Original Dataset/Healthy/Healthy734.jpg,Healthy,4
Eye Disease Image Dataset/Original Dataset/Original Dataset/Glaucoma/Glaucoma25.jpg,Glaucoma,3
Eye Disease Image Dataset/Original Dataset/Original Dataset/Diabetic Retinopathy/DR1005.jpg,Diabetic Retinopathy,1
Eye Disease Image Dataset/Original Dataset/Original Dataset/Retinitis Pigmentosa/Retinitis Pigmentosa129.jpg,Retinitis Pigmentosa,9
Eye Disease Image Dataset/Original Dataset/Original Dataset/Diabetic Retinopathy/DR157.jpg,Diabetic Retinopathy,1
Eye Disease Image Dataset/Original Dataset/Original Dataset/Glaucoma/Glaucoma711.jpg,Glaucoma,3
Eye Disease Image Dataset/Original Dataset/Original Dataset/Glaucoma/Glaucoma323.jpg,Glaucoma,3
Eye Disease Image Dataset/Original Dataset/Original Dataset/Glaucoma/Glaucoma1145.jpg,Glaucoma,3
Eye Disease Image Dataset/Original Dataset/Original Dataset/Diabetic Retinopathy/DR1321.jpg,Diabetic Retinopathy,1
Eye Disease Image Dataset/Original Dataset/Original Dataset/Glaucoma/Glaucoma895.jpg,Glaucoma,3
Eye Disease Image Dataset/Original Dataset/Original Dataset/Glaucoma/Glaucoma1156.jpg,Glaucoma,3
Eye Disease Image Dataset/Original Dataset/Original Dataset/Healthy/Healthy782.jpg,Healthy,4
Eye Disease Image Dataset/Original Dataset/Original Dataset/Diabetic Retinopathy/DR565.jpg,Diabetic Retinopathy,1
Eye Disease Image Dataset/Original Dataset/Original Dataset/Healthy/Healthy880.jpg,Healthy,4
Eye Disease Image Dataset/Original Dataset/Original Dataset/Glaucoma/Glaucoma236.jpg,Glaucoma,3
Eye Disease Image Dataset/Original Dataset/Original Dataset/Glaucoma/Glaucoma955.jpg,Glaucoma,3
Eye Disease Image Dataset/Original Dataset/Original Dataset/Macular Scar/Macular Scar368.jpg,Macular Scar,5
Eye Disease Image Dataset/Original Dataset/Original Dataset/Macular Scar/Macular Scar83.jpg,Macular Scar,5
Eye Disease Image Dataset/Original Dataset/Original Dataset/Diabetic Retinopathy/DR979.jpg,Diabetic Retinopathy,1
Eye Disease Image Dataset/Original Dataset/Original Dataset/Myopia/Myopia215.jpg,Myopia,6
Eye Disease Image Dataset/Original Dataset/Original Dataset/Glaucoma/Glaucoma188.jpg,Glaucoma,3
Eye Disease Image Dataset/Original Dataset/Original Dataset/Myopia/Myopia425.jpg,Myopia,6
Eye Disease Image Dataset/Original Dataset/Original Dataset/Macular Scar/Macular Scar289.jpg,Macular Scar,5
Eye Disease Image Dataset/Original Dataset/Original Dataset/Healthy/Healthy455.jpg,Healthy,4
Eye Disease Image Dataset/Original Dataset/Original Dataset/Healthy/Healthy598.jpg,Healthy,4
Eye Disease Image Dataset/Original Dataset/Original Dataset/Diabetic Retinopathy/DR183.jpg,Diabetic Retinopathy,1
Eye Disease Image Dataset/Original Dataset/Original Dataset/Healthy/Healthy837.jpg,Healthy,4
Eye Disease Image Dataset/Original Dataset/Original Dataset/Healthy/Healthy583.jpg,Healthy,4
Eye Disease Image Dataset/Original Dataset/Original Dataset/Healthy/Healthy861.jpg,Healthy,4
Eye Disease Image Dataset/Original Dataset/Original Dataset/Disc Edema/Disc Edema105.jpg,Disc Edema,2
Eye Disease Image Dataset/Original Dataset/Original Dataset/Retinitis Pigmentosa/Retinitis Pigmentosa65.jpg,Retinitis Pigmentosa,9
Eye Disease Image Dataset/Original Dataset/Original Dataset/Glaucoma/Glaucoma270.jpg,Glaucoma,3
Eye Disease Image Dataset/Original Dataset/Original Dataset/Diabetic Retinopathy/DR968.jpg,Diabetic Retinopathy,1
Eye Disease Image Dataset/Original Dataset/Original Dataset/Glaucoma/Glaucoma756.jpg,Glaucoma,3
Eye Disease Image Dataset/Original Dataset/Original Dataset/Macular Scar/Macular Scar417.jpg,Macular Scar,5
Eye Disease Image Dataset/Original Dataset/Original Dataset/Healthy/Healthy703.jpg,Healthy,4
Eye Disease Image Dataset/Original Dataset/Original Dataset/Glaucoma/Glaucoma639.jpg,Glaucoma,3
Eye Disease Image Dataset/Original Dataset/Original Dataset/Diabetic Retinopathy/DR938.jpg,Diabetic Retinopathy,1
Eye Disease Image Dataset/Original Dataset/Original Dataset/Glaucoma/Glaucoma78.jpg,Glaucoma,3
Eye Disease Image Dataset/Original Dataset/Original Dataset/Glaucoma/Glaucoma138.jpg,Glaucoma,3
Eye Disease Image Dataset/Original Dataset/Original Dataset/Myopia/Myopia383.jpg,Myopia,6
Eye Disease Image Dataset/Original Dataset/Original Dataset/Glaucoma/Glaucoma295.jpg,Glaucoma,3
Eye Disease Image Dataset/Original Dataset/Original Dataset/Diabetic Retinopathy/DR1144.jpg,Diabetic Retinopathy,1
Eye Disease Image Dataset/Original Dataset/Original Dataset/Diabetic Retinopathy/DR1465.jpg,Diabetic Retinopathy,1
Eye Disease Image Dataset/Original Dataset/Original Dataset/Healthy/Healthy114.jpg,Healthy,4
Eye Disease Image Dataset/Original Dataset/Original Dataset/Glaucoma/Glaucoma1001.jpg,Glaucoma,3
Eye Disease Image Dataset/Original Dataset/Original Dataset/Diabetic Retinopathy/DR185.jpg,Diabetic Retinopathy,1
Eye Disease Image Dataset/Original Dataset/Original Dataset/Glaucoma/Glaucoma1327.jpg,Glaucoma,3
Eye Disease Image Dataset/Original Dataset/Original Dataset/Healthy/Healthy97.jpg,Healthy,4
Eye Disease Image Dataset/Original Dataset/Original Dataset/Myopia/Myopia449.jpg,Myopia,6
Eye Disease Image Dataset/Original Dataset/Original Dataset/Glaucoma/Glaucoma1129.jpg,Glaucoma,3
Eye Disease Image Dataset/Original Dataset/Original Dataset/Retinal Detachment/Retinal Detachment117.jpg,Retinal Detachment,8
Eye Disease Image Dataset/Original Dataset/Original Dataset/Myopia/Myopia300.jpg,Myopia,6
Eye Disease Image Dataset/Original Dataset/Original Dataset/Macular Scar/Macular Scar48.jpg,Macular Scar,5
Eye Disease Image Dataset/Original Dataset/Original Dataset/Diabetic Retinopathy/DR1335.jpg,Diabetic Retinopathy,1
Eye Disease Image Dataset/Original Dataset/Original Dataset/Healthy/Healthy773.jpg,Healthy,4
Eye Disease Image Dataset/Original Dataset/Original Dataset/Glaucoma/Glaucoma1035.jpg,Glaucoma,3
Eye Disease Image Dataset/Original Dataset/Original Dataset/Disc Edema/Disc Edema39.jpg,Disc Edema,2
Eye Disease Image Dataset/Original Dataset/Original Dataset/Diabetic Retinopathy/DR49.jpg,Diabetic Retinopathy,1
Eye Disease Image Dataset/Original Dataset/Original Dataset/Glaucoma/Glaucoma202.jpg,Glaucoma,3
Eye Disease Image Dataset/Original Dataset/Original Dataset/Diabetic Retinopathy/DR229.jpg,Diabetic Retinopathy,1
Eye Disease Image Dataset/Original Dataset/Original Dataset/Macular Scar/Macular Scar147.jpg,Macular Scar,5
Eye Disease Image Dataset/Original Dataset/Original Dataset/Healthy/Healthy139.jpg,Healthy,4
Eye Disease Image Dataset/Original Dataset/Original Dataset/Healthy/Healthy965.jpg,Healthy,4
Eye Disease Image Dataset/Original Dataset/Original Dataset/Glaucoma/Glaucoma299.jpg,Glaucoma,3
Eye Disease Image Dataset/Original Dataset/Original Dataset/Healthy/Healthy151.jpg,Healthy,4
Eye Disease Image Dataset/Original Dataset/Original Dataset/Diabetic Retinopathy/DR1268.jpg,Diabetic Retinopathy,1
Eye Disease Image Dataset/Original Dataset/Original Dataset/Diabetic Retinopathy/DR1478.jpg,Diabetic Retinopathy,1
Eye Disease Image Dataset/Original Dataset/Original Dataset/Myopia/Myopia164.jpg,Myopia,6
Eye Disease Image Dataset/Original Dataset/Original Dataset/Glaucoma/Glaucoma265.jpg,Glaucoma,3
Eye Disease Image Dataset/Original Dataset/Original Dataset/Diabetic Retinopathy/DR1414.jpg,Diabetic Retinopathy,1
Eye Disease Image Dataset/Original Dataset/Original Dataset/Retinitis Pigmentosa/Retinitis Pigmentosa55.jpg,Retinitis Pigmentosa,9
Eye Disease Image Dataset/Original Dataset/Original Dataset/Glaucoma/Glaucoma1174.jpg,Glaucoma,3
Eye Disease Image Dataset/Original Dataset/Original Dataset/Central Serous Chorioretinopathy [Color Fundus]/CSCR4.jpg,Central Serous Chorioretinopathy [Color Fundus],0
Eye Disease Image Dataset/Original Dataset/Original Dataset/Glaucoma/Glaucoma688.jpg,Glaucoma,3
Eye Disease Image Dataset/Original Dataset/Original Dataset/Macular Scar/Macular Scar294.jpg,Macular Scar,5
Eye Disease Image Dataset/Original Dataset/Original Dataset/Myopia/Myopia190.jpg,Myopia,6
Eye Disease Image Dataset/Original Dataset/Original Dataset/Disc Edema/Disc Edema96.jpg,Disc Edema,2
Eye Disease Image Dataset/Original Dataset/Original Dataset/Glaucoma/Glaucoma944.jpg,Glaucoma,3
Eye Disease Image Dataset/Original Dataset/Original Dataset/Glaucoma/Glaucoma1251.jpg,Glaucoma,3
Eye Disease Image Dataset/Original Dataset/Original Dataset/Glaucoma/Glaucoma1216.jpg,Glaucoma,3
Eye Disease Image Dataset/Original Dataset/Original Dataset/Healthy/Healthy1017.jpg,Healthy,4
Eye Disease Image Dataset/Original Dataset/Original Dataset/Disc Edema/Disc Edema73.jpg,Disc Edema,2
Eye Disease Image Dataset/Original Dataset/Original Dataset/Healthy/Healthy1015.jpg,Healthy,4
Eye Disease Image Dataset/Original Dataset/Original Dataset/Healthy/Healthy693.jpg,Healthy,4
Eye Disease Image Dataset/Original Dataset/Original Dataset/Myopia/Myopia338.jpg,Myopia,6
Eye Disease Image Dataset/Original Dataset/Original Dataset/Healthy/Healthy395.jpg,Healthy,4
Eye Disease Image Dataset/Original Dataset/Original Dataset/Diabetic Retinopathy/DR362.jpg,Diabetic Retinopathy,1
Eye Disease Image Dataset/Original Dataset/Original Dataset/Macular Scar/Macular Scar266.jpg,Macular Scar,5
Eye Disease Image Dataset/Original Dataset/Original Dataset/Diabetic Retinopathy/DR497.jpg,Diabetic Retinopathy,1
Eye Disease Image Dataset/Original Dataset/Original Dataset/Diabetic Retinopathy/DR788.jpg,Diabetic Retinopathy,1
Eye Disease Image Dataset/Original Dataset/Original Dataset/Glaucoma/Glaucoma796.jpg,Glaucoma,3
Eye Disease Image Dataset/Original Dataset/Original Dataset/Glaucoma/Glaucoma300.jpg,Glaucoma,3
Eye Disease Image Dataset/Original Dataset/Original Dataset/Healthy/Healthy744.jpg,Healthy,4
Eye Disease Image Dataset/Original Dataset/Original Dataset/Diabetic Retinopathy/DR339.jpg,Diabetic Retinopathy,1
Eye Disease Image Dataset/Original Dataset/Original Dataset/Disc Edema/Disc Edema91.jpg,Disc Edema,2
Eye Disease Image Dataset/Original Dataset/Original Dataset/Healthy/Healthy990.jpg,Healthy,4
Eye Disease Image Dataset/Original Dataset/Original Dataset/Healthy/Healthy56.jpg,Healthy,4
Eye Disease Image Dataset/Original Dataset/Original Dataset/Glaucoma/Glaucoma678.jpg,Glaucoma,3
Eye Disease Image Dataset/Original Dataset/Original Dataset/Diabetic Retinopathy/DR1227.jpg,Diabetic Retinopathy,1
Eye Disease Image Dataset/Original Dataset/Original Dataset/Glaucoma/Glaucoma723.jpg,Glaucoma,3
Eye Disease Image Dataset/Original Dataset/Original Dataset/Disc Edema/Disc Edema37.jpg,Disc Edema,2
Eye Disease Image Dataset/Original Dataset/Original Dataset/Myopia/Myopia418.jpg,Myopia,6
Eye Disease Image Dataset/Original Dataset/Original Dataset/Macular Scar/Macular Scar430.jpg,Macular Scar,5
Eye Disease Image Dataset/Original Dataset/Original Dataset/Diabetic Retinopathy/DR775.jpg,Diabetic Retinopathy,1
Eye Disease Image Dataset/Original Dataset/Original Dataset/Diabetic Retinopathy/DR544.jpg,Diabetic Retinopathy,1
Eye Disease Image Dataset/Original Dataset/Original Dataset/Healthy/Healthy721.jpg,Healthy,4
Eye Disease Image Dataset/Original Dataset/Original Dataset/Glaucoma/Glaucoma1207.jpg,Glaucoma,3
Eye Disease Image Dataset/Original Dataset/Original Dataset/Central Serous Chorioretinopathy [Color Fundus]/CSCR79.jpg,Central Serous Chorioretinopathy [Color Fundus],0
Eye Disease Image Dataset/Original Dataset/Original Dataset/Diabetic Retinopathy/DR965.jpg,Diabetic Retinopathy,1
Eye Disease Image Dataset/Original Dataset/Original Dataset/Central Serous Chorioretinopathy [Color Fundus]/CSCR47.jpg,Central Serous Chorioretinopathy [Color Fundus],0
Eye Disease Image Dataset/Original Dataset/Original Dataset/Glaucoma/Glaucoma931.jpg,Glaucoma,3
Eye Disease Image Dataset/Original Dataset/Original Dataset/Diabetic Retinopathy/DR264.jpg,Diabetic Retinopathy,1
Eye Disease Image Dataset/Original Dataset/Original Dataset/Glaucoma/Glaucoma1169.jpg,Glaucoma,3
Eye Disease Image Dataset/Original Dataset/Original Dataset/Myopia/Myopia2.jpg,Myopia,6
Eye Disease Image Dataset/Original Dataset/Original Dataset/Healthy/Healthy637.jpg,Healthy,4
Eye Disease Image Dataset/Original Dataset/Original Dataset/Healthy/Healthy335.jpg,Healthy,4
Eye Disease Image Dataset/Original Dataset/Original Dataset/Retinal Detachment/Retinal Detachment101.jpg,Retinal Detachment,8
Eye Disease Image Dataset/Original Dataset/Original Dataset/Diabetic Retinopathy/DR941.jpg,Diabetic Retinopathy,1
Eye Disease Image Dataset/Original Dataset/Original Dataset/Diabetic Retinopathy/DR1291.jpg,Diabetic Retinopathy,1
Eye Disease Image Dataset/Original Dataset/Original Dataset/Diabetic Retinopathy/DR1161.jpg,Diabetic Retinopathy,1
Eye Disease Image Dataset/Original Dataset/Original Dataset/Macular Scar/Macular Scar135.jpg,Macular Scar,5
Eye Disease Image Dataset/Original Dataset/Original Dataset/Healthy/Healthy390.jpg,Healthy,4
Eye Disease Image Dataset/Original Dataset/Original Dataset/Healthy/Healthy848.jpg,Healthy,4
Eye Disease Image Dataset/Original Dataset/Original Dataset/Pterygium/Pterygium6.jpg,Pterygium,7
Eye Disease Image Dataset/Original Dataset/Original Dataset/Diabetic Retinopathy/DR8.jpg,Diabetic Retinopathy,1
Eye Disease Image Dataset/Original Dataset/Original Dataset/Glaucoma/Glaucoma3.jpg,Glaucoma,3
Eye Disease Image Dataset/Original Dataset/Original Dataset/Healthy/Healthy119.jpg,Healthy,4
Eye Disease Image Dataset/Original Dataset/Original Dataset/Myopia/Myopia188.jpg,Myopia,6
Eye Disease Image Dataset/Original Dataset/Original Dataset/Macular Scar/Macular Scar47.jpg,Macular Scar,5
Eye Disease Image Dataset/Original Dataset/Original Dataset/Diabetic Retinopathy/DR1004.jpg,Diabetic Retinopathy,1
Eye Disease Image Dataset/Original Dataset/Original Dataset/Diabetic Retinopathy/DR1493.jpg,Diabetic Retinopathy,1
Eye Disease Image Dataset/Original Dataset/Original Dataset/Glaucoma/Glaucoma1041.jpg,Glaucoma,3
Eye Disease Image Dataset/Original Dataset/Original Dataset/Diabetic Retinopathy/DR600.jpg,Diabetic Retinopathy,1
Eye Disease Image Dataset/Original Dataset/Original Dataset/Diabetic Retinopathy/DR44.jpg,Diabetic Retinopathy,1
Eye Disease Image Dataset/Original Dataset/Original Dataset/Glaucoma/Glaucoma437.jpg,Glaucoma,3
Eye Disease Image Dataset/Original Dataset/Original Dataset/Diabetic Retinopathy/DR396.jpg,Diabetic Retinopathy,1
Eye Disease Image Dataset/Original Dataset/Original Dataset/Glaucoma/Glaucoma886.jpg,Glaucoma,3
Eye Disease Image Dataset/Original Dataset/Original Dataset/Diabetic Retinopathy/DR632.jpg,Diabetic Retinopathy,1
Eye Disease Image Dataset/Original Dataset/Original Dataset/Diabetic Retinopathy/DR274.jpg,Diabetic Retinopathy,1
Eye Disease Image Dataset/Original Dataset/Original Dataset/Myopia/Myopia121.jpg,Myopia,6
Eye Disease Image Dataset/Original Dataset/Original Dataset/Diabetic Retinopathy/DR1252.jpg,Diabetic Retinopathy,1
Eye Disease Image Dataset/Original Dataset/Original Dataset/Diabetic Retinopathy/DR474.jpg,Diabetic Retinopathy,1
Eye Disease Image Dataset/Original Dataset/Original Dataset/Diabetic Retinopathy/DR1235.jpg,Diabetic Retinopathy,1
Eye Disease Image Dataset/Original Dataset/Original Dataset/Healthy/Healthy890.jpg,Healthy,4
Eye Disease Image Dataset/Original Dataset/Original Dataset/Macular Scar/Macular Scar206.jpg,Macular Scar,5
Eye Disease Image Dataset/Original Dataset/Original Dataset/Myopia/Myopia64.jpg,Myopia,6
Eye Disease Image Dataset/Original Dataset/Original Dataset/Central Serous Chorioretinopathy [Color Fundus]/CSCR67.jpg,Central Serous Chorioretinopathy [Color Fundus],0
Eye Disease Image Dataset/Original Dataset/Original Dataset/Macular Scar/Macular Scar295.jpg,Macular Scar,5
Eye Disease Image Dataset/Original Dataset/Original Dataset/Diabetic Retinopathy/DR1347.jpg,Diabetic Retinopathy,1
Eye Disease Image Dataset/Original Dataset/Original Dataset/Disc Edema/Disc Edema102.jpg,Disc Edema,2
Eye Disease Image Dataset/Original Dataset/Original Dataset/Glaucoma/Glaucoma1075.jpg,Glaucoma,3
Eye Disease Image Dataset/Original Dataset/Original Dataset/Healthy/Healthy19.jpg,Healthy,4
Eye Disease Image Dataset/Original Dataset/Original Dataset/Healthy/Healthy876.jpg,Healthy,4
Eye Disease Image Dataset/Original Dataset/Original Dataset/Glaucoma/Glaucoma1154.jpg,Glaucoma,3
Eye Disease Image Dataset/Original Dataset/Original Dataset/Diabetic Retinopathy/DR1128.jpg,Diabetic Retinopathy,1
Eye Disease Image Dataset/Original Dataset/Original Dataset/Glaucoma/Glaucoma492.jpg,Glaucoma,3
Eye Disease Image Dataset/Original Dataset/Original Dataset/Healthy/Healthy336.jpg,Healthy,4
Eye Disease Image Dataset/Original Dataset/Original Dataset/Diabetic Retinopathy/DR1025.jpg,Diabetic Retinopathy,1
Eye Disease Image Dataset/Original Dataset/Original Dataset/Healthy/Healthy514.jpg,Healthy,4
Eye Disease Image Dataset/Original Dataset/Original Dataset/Diabetic Retinopathy/DR546.jpg,Diabetic Retinopathy,1
Eye Disease Image Dataset/Original Dataset/Original Dataset/Glaucoma/Glaucoma742.jpg,Glaucoma,3
Eye Disease Image Dataset/Original Dataset/Original Dataset/Central Serous Chorioretinopathy [Color Fundus]/CSCR24.jpg,Central Serous Chorioretinopathy [Color Fundus],0
Eye Disease Image Dataset/Original Dataset/Original Dataset/Healthy/Healthy755.jpg,Healthy,4
Eye Disease Image Dataset/Original Dataset/Original Dataset/Healthy/Healthy650.jpg,Healthy,4
Eye Disease Image Dataset/Original Dataset/Original Dataset/Myopia/Myopia129.jpg,Myopia,6
Eye Disease Image Dataset/Original Dataset/Original Dataset/Healthy/Healthy340.jpg,Healthy,4
Eye Disease Image Dataset/Original Dataset/Original Dataset/Healthy/Healthy47.jpg,Healthy,4
Eye Disease Image Dataset/Original Dataset/Original Dataset/Healthy/Healthy503.jpg,Healthy,4
Eye Disease Image Dataset/Original Dataset/Original Dataset/Myopia/Myopia397.jpg,Myopia,6
Eye Disease Image Dataset/Original Dataset/Original Dataset/Glaucoma/Glaucoma1273.jpg,Glaucoma,3
Eye Disease Image Dataset/Original Dataset/Original Dataset/Healthy/Healthy454.jpg,Healthy,4
Eye Disease Image Dataset/Original Dataset/Original Dataset/Healthy/Healthy173.jpg,Healthy,4
Eye Disease Image Dataset/Original Dataset/Original Dataset/Diabetic Retinopathy/DR276.jpg,Diabetic Retinopathy,1
Eye Disease Image Dataset/Original Dataset/Original Dataset/Diabetic Retinopathy/DR1425.jpg,Diabetic Retinopathy,1
Eye Disease Image Dataset/Original Dataset/Original Dataset/Healthy/Healthy788.jpg,Healthy,4
Eye Disease Image Dataset/Original Dataset/Original Dataset/Glaucoma/Glaucoma266.jpg,Glaucoma,3
Eye Disease Image Dataset/Original Dataset/Original Dataset/Diabetic Retinopathy/DR108.jpg,Diabetic Retinopathy,1
Eye Disease Image Dataset/Original Dataset/Original Dataset/Myopia/Myopia58.jpg,Myopia,6
Eye Disease Image Dataset/Original Dataset/Original Dataset/Macular Scar/Macular Scar35.jpg,Macular Scar,5
Eye Disease Image Dataset/Original Dataset/Original Dataset/Healthy/Healthy881.jpg,Healthy,4
Eye Disease Image Dataset/Original Dataset/Original Dataset/Myopia/Myopia478.jpg,Myopia,6
Eye Disease Image Dataset/Original Dataset/Original Dataset/Diabetic Retinopathy/DR748.jpg,Diabetic Retinopathy,1
Eye Disease Image Dataset/Original Dataset/Original Dataset/Healthy/Healthy321.jpg,Healthy,4
Eye Disease Image Dataset/Original Dataset/Original Dataset/Glaucoma/Glaucoma368.jpg,Glaucoma,3
Eye Disease Image Dataset/Original Dataset/Original Dataset/Healthy/Healthy1021.jpg,Healthy,4
Eye Disease Image Dataset/Original Dataset/Original Dataset/Glaucoma/Glaucoma402.jpg,Glaucoma,3
Eye Disease Image Dataset/Original Dataset/Original Dataset/Myopia/Myopia494.jpg,Myopia,6
Eye Disease Image Dataset/Original Dataset/Original Dataset/Glaucoma/Glaucoma272.jpg,Glaucoma,3
Eye Disease Image Dataset/Original Dataset/Original Dataset/Diabetic Retinopathy/DR1082.jpg,Diabetic Retinopathy,1
Eye Disease Image Dataset/Original Dataset/Original Dataset/Diabetic Retinopathy/DR45.jpg,Diabetic Retinopathy,1
Eye Disease Image Dataset/Original Dataset/Original Dataset/Healthy/Healthy636.jpg,Healthy,4
Eye Disease Image Dataset/Original Dataset/Original Dataset/Diabetic Retinopathy/DR578.jpg,Diabetic Retinopathy,1
Eye Disease Image Dataset/Original Dataset/Original Dataset/Macular Scar/Macular Scar169.jpg,Macular Scar,5
Eye Disease Image Dataset/Original Dataset/Original Dataset/Diabetic Retinopathy/DR1162.jpg,Diabetic Retinopathy,1
Eye Disease Image Dataset/Original Dataset/Original Dataset/Healthy/Healthy260.jpg,Healthy,4
Eye Disease Image Dataset/Original Dataset/Original Dataset/Healthy/Healthy807.jpg,Healthy,4
Eye Disease Image Dataset/Original Dataset/Original Dataset/Healthy/Healthy509.jpg,Healthy,4
Eye Disease Image Dataset/Original Dataset/Original Dataset/Diabetic Retinopathy/DR667.jpg,Diabetic Retinopathy,1
Eye Disease Image Dataset/Original Dataset/Original Dataset/Glaucoma/Glaucoma1217.jpg,Glaucoma,3
Eye Disease Image Dataset/Original Dataset/Original Dataset/Diabetic Retinopathy/DR1513.jpg,Diabetic Retinopathy,1
Eye Disease Image Dataset/Original Dataset/Original Dataset/Diabetic Retinopathy/DR273.jpg,Diabetic Retinopathy,1
Eye Disease Image Dataset/Original Dataset/Original Dataset/Diabetic Retinopathy/DR1436.jpg,Diabetic Retinopathy,1
Eye Disease Image Dataset/Original Dataset/Original Dataset/Healthy/Healthy507.jpg,Healthy,4
Eye Disease Image Dataset/Original Dataset/Original Dataset/Diabetic Retinopathy/DR1374.jpg,Diabetic Retinopathy,1
Eye Disease Image Dataset/Original Dataset/Original Dataset/Diabetic Retinopathy/DR92.jpg,Diabetic Retinopathy,1
Eye Disease Image Dataset/Original Dataset/Original Dataset/Retinal Detachment/Retinal Detachment2.jpg,Retinal Detachment,8
Eye Disease Image Dataset/Original Dataset/Original Dataset/Diabetic Retinopathy/DR1202.jpg,Diabetic Retinopathy,1
Eye Disease Image Dataset/Original Dataset/Original Dataset/Glaucoma/Glaucoma1042.jpg,Glaucoma,3
Eye Disease Image Dataset/Original Dataset/Original Dataset/Healthy/Healthy834.jpg,Healthy,4
Eye Disease Image Dataset/Original Dataset/Original Dataset/Diabetic Retinopathy/DR665.jpg,Diabetic Retinopathy,1
Eye Disease Image Dataset/Original Dataset/Original Dataset/Glaucoma/Glaucoma693.jpg,Glaucoma,3
Eye Disease Image Dataset/Original Dataset/Original Dataset/Healthy/Healthy933.jpg,Healthy,4
Eye Disease Image Dataset/Original Dataset/Original Dataset/Glaucoma/Glaucoma447.jpg,Glaucoma,3
Eye Disease Image Dataset/Original Dataset/Original Dataset/Diabetic Retinopathy/DR265.jpg,Diabetic Retinopathy,1
Eye Disease Image Dataset/Original Dataset/Original Dataset/Healthy/Healthy277.jpg,Healthy,4
Eye Disease Image Dataset/Original Dataset/Original Dataset/Macular Scar/Macular Scar145.jpg,Macular Scar,5
Eye Disease Image Dataset/Original Dataset/Original Dataset/Glaucoma/Glaucoma1337.jpg,Glaucoma,3
Eye Disease Image Dataset/Original Dataset/Original Dataset/Glaucoma/Glaucoma268.jpg,Glaucoma,3
Eye Disease Image Dataset/Original Dataset/Original Dataset/Glaucoma/Glaucoma1234.jpg,Glaucoma,3
Eye Disease Image Dataset/Original Dataset/Original Dataset/Healthy/Healthy934.jpg,Healthy,4
Eye Disease Image Dataset/Original Dataset/Original Dataset/Diabetic Retinopathy/DR434.jpg,Diabetic Retinopathy,1
Eye Disease Image Dataset/Original Dataset/Original Dataset/Myopia/Myopia308.jpg,Myopia,6
Eye Disease Image Dataset/Original Dataset/Original Dataset/Diabetic Retinopathy/DR514.jpg,Diabetic Retinopathy,1
Eye Disease Image Dataset/Original Dataset/Original Dataset/Healthy/Healthy218.jpg,Healthy,4
Eye Disease Image Dataset/Original Dataset/Original Dataset/Glaucoma/Glaucoma969.jpg,Glaucoma,3
Eye Disease Image Dataset/Original Dataset/Original Dataset/Macular Scar/Macular Scar141.jpg,Macular Scar,5
Eye Disease Image Dataset/Original Dataset/Original Dataset/Glaucoma/Glaucoma42.jpg,Glaucoma,3
Eye Disease Image Dataset/Original Dataset/Original Dataset/Diabetic Retinopathy/DR57.jpg,Diabetic Retinopathy,1
Eye Disease Image Dataset/Original Dataset/Original Dataset/Glaucoma/Glaucoma676.jpg,Glaucoma,3
Eye Disease Image Dataset/Original Dataset/Original Dataset/Glaucoma/Glaucoma254.jpg,Glaucoma,3
Eye Disease Image Dataset/Original Dataset/Original Dataset/Disc Edema/Disc Edema7.jpg,Disc Edema,2
Eye Disease Image Dataset/Original Dataset/Original Dataset/Myopia/Myopia415.jpg,Myopia,6
Eye Disease Image Dataset/Original Dataset/Original Dataset/Myopia/Myopia290.jpg,Myopia,6
Eye Disease Image Dataset/Original Dataset/Original Dataset/Diabetic Retinopathy/DR416.jpg,Diabetic Retinopathy,1
Eye Disease Image Dataset/Original Dataset/Original Dataset/Healthy/Healthy148.jpg,Healthy,4
Eye Disease Image Dataset/Original Dataset/Original Dataset/Glaucoma/Glaucoma919.jpg,Glaucoma,3
Eye Disease Image Dataset/Original Dataset/Original Dataset/Glaucoma/Glaucoma290.jpg,Glaucoma,3
Eye Disease Image Dataset/Original Dataset/Original Dataset/Diabetic Retinopathy/DR783.jpg,Diabetic Retinopathy,1
Eye Disease Image Dataset/Original Dataset/Original Dataset/Diabetic Retinopathy/DR588.jpg,Diabetic Retinopathy,1
Eye Disease Image Dataset/Original Dataset/Original Dataset/Pterygium/Pterygium1.jpg,Pterygium,7
Eye Disease Image Dataset/Original Dataset/Original Dataset/Myopia/Myopia201.jpg,Myopia,6
Eye Disease Image Dataset/Original Dataset/Original Dataset/Glaucoma/Glaucoma100.jpg,Glaucoma,3
Eye Disease Image Dataset/Original Dataset/Original Dataset/Diabetic Retinopathy/DR216.jpg,Diabetic Retinopathy,1
Eye Disease Image Dataset/Original Dataset/Original Dataset/Myopia/Myopia180.jpg,Myopia,6
Eye Disease Image Dataset/Original Dataset/Original Dataset/Diabetic Retinopathy/DR888.jpg,Diabetic Retinopathy,1
Eye Disease Image Dataset/Original Dataset/Original Dataset/Healthy/Healthy20.jpg,Healthy,4
Eye Disease Image Dataset/Original Dataset/Original Dataset/Glaucoma/Glaucoma739.jpg,Glaucoma,3
Eye Disease Image Dataset/Original Dataset/Original Dataset/Glaucoma/Glaucoma839.jpg,Glaucoma,3
Eye Disease Image Dataset/Original Dataset/Original Dataset/Healthy/Healthy932.jpg,Healthy,4
Eye Disease Image Dataset/Original Dataset/Original Dataset/Myopia/Myopia25.jpg,Myopia,6
Eye Disease Image Dataset/Original Dataset/Original Dataset/Macular Scar/Macular Scar247.jpg,Macular Scar,5
Eye Disease Image Dataset/Original Dataset/Original Dataset/Diabetic Retinopathy/DR1121.jpg,Diabetic Retinopathy,1
Eye Disease Image Dataset/Original Dataset/Original Dataset/Glaucoma/Glaucoma629.jpg,Glaucoma,3
Eye Disease Image Dataset/Original Dataset/Original Dataset/Healthy/Healthy666.jpg,Healthy,4
Eye Disease Image Dataset/Original Dataset/Original Dataset/Myopia/Myopia343.jpg,Myopia,6
Eye Disease Image Dataset/Original Dataset/Original Dataset/Diabetic Retinopathy/DR1057.jpg,Diabetic Retinopathy,1
Eye Disease Image Dataset/Original Dataset/Original Dataset/Diabetic Retinopathy/DR411.jpg,Diabetic Retinopathy,1
Eye Disease Image Dataset/Original Dataset/Original Dataset/Glaucoma/Glaucoma243.jpg,Glaucoma,3
Eye Disease Image Dataset/Original Dataset/Original Dataset/Diabetic Retinopathy/DR1189.jpg,Diabetic Retinopathy,1
Eye Disease Image Dataset/Original Dataset/Original Dataset/Glaucoma/Glaucoma700.jpg,Glaucoma,3
Eye Disease Image Dataset/Original Dataset/Original Dataset/Glaucoma/Glaucoma1033.jpg,Glaucoma,3
Eye Disease Image Dataset/Original Dataset/Original Dataset/Healthy/Healthy332.jpg,Healthy,4
Eye Disease Image Dataset/Original Dataset/Original Dataset/Diabetic Retinopathy/DR493.jpg,Diabetic Retinopathy,1
Eye Disease Image Dataset/Original Dataset/Original Dataset/Diabetic Retinopathy/DR189.jpg,Diabetic Retinopathy,1
Eye Disease Image Dataset/Original Dataset/Original Dataset/Glaucoma/Glaucoma1146.jpg,Glaucoma,3
Eye Disease Image Dataset/Original Dataset/Original Dataset/Healthy/Healthy152.jpg,Healthy,4
Eye Disease Image Dataset/Original Dataset/Original Dataset/Retinitis Pigmentosa/Retinitis Pigmentosa30.jpg,Retinitis Pigmentosa,9
Eye Disease Image Dataset/Original Dataset/Original Dataset/Diabetic Retinopathy/DR1194.jpg,Diabetic Retinopathy,1
Eye Disease Image Dataset/Original Dataset/Original Dataset/Healthy/Healthy798.jpg,Healthy,4
Eye Disease Image Dataset/Original Dataset/Original Dataset/Healthy/Healthy529.jpg,Healthy,4
Eye Disease Image Dataset/Original Dataset/Original Dataset/Retinal Detachment/Retinal Detachment110.jpg,Retinal Detachment,8
Eye Disease Image Dataset/Original Dataset/Original Dataset/Diabetic Retinopathy/DR1045.jpg,Diabetic Retinopathy,1
Eye Disease Image Dataset/Original Dataset/Original Dataset/Diabetic Retinopathy/DR1026.jpg,Diabetic Retinopathy,1
Eye Disease Image Dataset/Original Dataset/Original Dataset/Healthy/Healthy865.jpg,Healthy,4
Eye Disease Image Dataset/Original Dataset/Original Dataset/Glaucoma/Glaucoma1092.jpg,Glaucoma,3
Eye Disease Image Dataset/Original Dataset/Original Dataset/Healthy/Healthy594.jpg,Healthy,4
Eye Disease Image Dataset/Original Dataset/Original Dataset/Myopia/Myopia138.jpg,Myopia,6
Eye Disease Image Dataset/Original Dataset/Original Dataset/Myopia/Myopia392.jpg,Myopia,6
Eye Disease Image Dataset/Original Dataset/Original Dataset/Diabetic Retinopathy/DR289.jpg,Diabetic Retinopathy,1
Eye Disease Image Dataset/Original Dataset/Original Dataset/Healthy/Healthy959.jpg,Healthy,4
Eye Disease Image Dataset/Original Dataset/Original Dataset/Glaucoma/Glaucoma210.jpg,Glaucoma,3
Eye Disease Image Dataset/Original Dataset/Original Dataset/Glaucoma/Glaucoma792.jpg,Glaucoma,3
Eye Disease Image Dataset/Original Dataset/Original Dataset/Diabetic Retinopathy/DR153.jpg,Diabetic Retinopathy,1
Eye Disease Image Dataset/Original Dataset/Original Dataset/Disc Edema/Disc Edema123.jpg,Disc Edema,2
Eye Disease Image Dataset/Original Dataset/Original Dataset/Myopia/Myopia378.jpg,Myopia,6
Eye Disease Image Dataset/Original Dataset/Original Dataset/Disc Edema/Disc Edema49.jpg,Disc Edema,2
Eye Disease Image Dataset/Original Dataset/Original Dataset/Myopia/Myopia386.jpg,Myopia,6
Eye Disease Image Dataset/Original Dataset/Original Dataset/Diabetic Retinopathy/DR629.jpg,Diabetic Retinopathy,1
Eye Disease Image Dataset/Original Dataset/Original Dataset/Glaucoma/Glaucoma845.jpg,Glaucoma,3
Eye Disease Image Dataset/Original Dataset/Original Dataset/Disc Edema/Disc Edema69.jpg,Disc Edema,2
Eye Disease Image Dataset/Original Dataset/Original Dataset/Macular Scar/Macular Scar311.jpg,Macular Scar,5
Eye Disease Image Dataset/Original Dataset/Original Dataset/Glaucoma/Glaucoma884.jpg,Glaucoma,3
Eye Disease Image Dataset/Original Dataset/Original Dataset/Glaucoma/Glaucoma77.jpg,Glaucoma,3
Eye Disease Image Dataset/Original Dataset/Original Dataset/Glaucoma/Glaucoma768.jpg,Glaucoma,3
Eye Disease Image Dataset/Original Dataset/Original Dataset/Diabetic Retinopathy/DR170.jpg,Diabetic Retinopathy,1
Eye Disease Image Dataset/Original Dataset/Original Dataset/Healthy/Healthy502.jpg,Healthy,4
Eye Disease Image Dataset/Original Dataset/Original Dataset/Healthy/Healthy840.jpg,Healthy,4
Eye Disease Image Dataset/Original Dataset/Original Dataset/Diabetic Retinopathy/DR372.jpg,Diabetic Retinopathy,1
Eye Disease Image Dataset/Original Dataset/Original Dataset/Healthy/Healthy251.jpg,Healthy,4
Eye Disease Image Dataset/Original Dataset/Original Dataset/Macular Scar/Macular Scar67.jpg,Macular Scar,5
Eye Disease Image Dataset/Original Dataset/Original Dataset/Healthy/Healthy326.jpg,Healthy,4
Eye Disease Image Dataset/Original Dataset/Original Dataset/Glaucoma/Glaucoma178.jpg,Glaucoma,3
Eye Disease Image Dataset/Original Dataset/Original Dataset/Glaucoma/Glaucoma779.jpg,Glaucoma,3
Eye Disease Image Dataset/Original Dataset/Original Dataset/Healthy/Healthy923.jpg,Healthy,4
Eye Disease Image Dataset/Original Dataset/Original Dataset/Diabetic Retinopathy/DR1124.jpg,Diabetic Retinopathy,1
Eye Disease Image Dataset/Original Dataset/Original Dataset/Diabetic Retinopathy/DR977.jpg,Diabetic Retinopathy,1
Eye Disease Image Dataset/Original Dataset/Original Dataset/Diabetic Retinopathy/DR27.jpg,Diabetic Retinopathy,1
Eye Disease Image Dataset/Original Dataset/Original Dataset/Diabetic Retinopathy/DR485.jpg,Diabetic Retinopathy,1
Eye Disease Image Dataset/Original Dataset/Original Dataset/Healthy/Healthy696.jpg,Healthy,4
Eye Disease Image Dataset/Original Dataset/Original Dataset/Healthy/Healthy327.jpg,Healthy,4
Eye Disease Image Dataset/Original Dataset/Original Dataset/Macular Scar/Macular Scar339.jpg,Macular Scar,5
Eye Disease Image Dataset/Original Dataset/Original Dataset/Glaucoma/Glaucoma324.jpg,Glaucoma,3
Eye Disease Image Dataset/Original Dataset/Original Dataset/Diabetic Retinopathy/DR62.jpg,Diabetic Retinopathy,1
Eye Disease Image Dataset/Original Dataset/Original Dataset/Macular Scar/Macular Scar131.jpg,Macular Scar,5
Eye Disease Image Dataset/Original Dataset/Original Dataset/Macular Scar/Macular Scar332.jpg,Macular Scar,5
Eye Disease Image Dataset/Original Dataset/Original Dataset/Macular Scar/Macular Scar212.jpg,Macular Scar,5
Eye Disease Image Dataset/Original Dataset/Original Dataset/Glaucoma/Glaucoma1115.jpg,Glaucoma,3
Eye Disease Image Dataset/Original Dataset/Original Dataset/Macular Scar/Macular Scar202.jpg,Macular Scar,5
Eye Disease Image Dataset/Original Dataset/Original Dataset/Healthy/Healthy1000.jpg,Healthy,4
Eye Disease Image Dataset/Original Dataset/Original Dataset/Glaucoma/Glaucoma1036.jpg,Glaucoma,3
Eye Disease Image Dataset/Original Dataset/Original Dataset/Macular Scar/Macular Scar107.jpg,Macular Scar,5
Eye Disease Image Dataset/Original Dataset/Original Dataset/Retinal Detachment/Retinal Detachment74.jpg,Retinal Detachment,8
Eye Disease Image Dataset/Original Dataset/Original Dataset/Glaucoma/Glaucoma650.jpg,Glaucoma,3
Eye Disease Image Dataset/Original Dataset/Original Dataset/Diabetic Retinopathy/DR690.jpg,Diabetic Retinopathy,1
Eye Disease Image Dataset/Original Dataset/Original Dataset/Diabetic Retinopathy/DR975.jpg,Diabetic Retinopathy,1
Eye Disease Image Dataset/Original Dataset/Original Dataset/Diabetic Retinopathy/DR143.jpg,Diabetic Retinopathy,1
Eye Disease Image Dataset/Original Dataset/Original Dataset/Glaucoma/Glaucoma148.jpg,Glaucoma,3
Eye Disease Image Dataset/Original Dataset/Original Dataset/Glaucoma/Glaucoma1260.jpg,Glaucoma,3
Eye Disease Image Dataset/Original Dataset/Original Dataset/Diabetic Retinopathy/DR154.jpg,Diabetic Retinopathy,1
Eye Disease Image Dataset/Original Dataset/Original Dataset/Central Serous Chorioretinopathy [Color Fundus]/CSCR49.jpg,Central Serous Chorioretinopathy [Color Fundus],0
Eye Disease Image Dataset/Original Dataset/Original Dataset/Glaucoma/Glaucoma424.jpg,Glaucoma,3
Eye Disease Image Dataset/Original Dataset/Original Dataset/Macular Scar/Macular Scar133.jpg,Macular Scar,5
Eye Disease Image Dataset/Original Dataset/Original Dataset/Disc Edema/Disc Edema55.jpg,Disc Edema,2
Eye Disease Image Dataset/Original Dataset/Original Dataset/Healthy/Healthy925.jpg,Healthy,4
Eye Disease Image Dataset/Original Dataset/Original Dataset/Diabetic Retinopathy/DR538.jpg,Diabetic Retinopathy,1
Eye Disease Image Dataset/Original Dataset/Original Dataset/Glaucoma/Glaucoma1031.jpg,Glaucoma,3
Eye Disease Image Dataset/Original Dataset/Original Dataset/Myopia/Myopia29.jpg,Myopia,6
Eye Disease Image Dataset/Original Dataset/Original Dataset/Glaucoma/Glaucoma92.jpg,Glaucoma,3
Eye Disease Image Dataset/Original Dataset/Original Dataset/Myopia/Myopia130.jpg,Myopia,6
Eye Disease Image Dataset/Original Dataset/Original Dataset/Healthy/Healthy37.jpg,Healthy,4
Eye Disease Image Dataset/Original Dataset/Original Dataset/Diabetic Retinopathy/DR429.jpg,Diabetic Retinopathy,1
Eye Disease Image Dataset/Original Dataset/Original Dataset/Diabetic Retinopathy/DR672.jpg,Diabetic Retinopathy,1
Eye Disease Image Dataset/Original Dataset/Original Dataset/Glaucoma/Glaucoma1305.jpg,Glaucoma,3
Eye Disease Image Dataset/Original Dataset/Original Dataset/Central Serous Chorioretinopathy [Color Fundus]/CSCR78.jpg,Central Serous Chorioretinopathy [Color Fundus],0
Eye Disease Image Dataset/Original Dataset/Original Dataset/Diabetic Retinopathy/DR1502.jpg,Diabetic Retinopathy,1
Eye Disease Image Dataset/Original Dataset/Original Dataset/Diabetic Retinopathy/DR1016.jpg,Diabetic Retinopathy,1
Eye Disease Image Dataset/Original Dataset/Original Dataset/Diabetic Retinopathy/DR301.jpg,Diabetic Retinopathy,1
Eye Disease Image Dataset/Original Dataset/Original Dataset/Healthy/Healthy740.jpg,Healthy,4
Eye Disease Image Dataset/Original Dataset/Original Dataset/Central Serous Chorioretinopathy [Color Fundus]/CSCR5.jpg,Central Serous Chorioretinopathy [Color Fundus],0
Eye Disease Image Dataset/Original Dataset/Original Dataset/Glaucoma/Glaucoma1227.jpg,Glaucoma,3
Eye Disease Image Dataset/Original Dataset/Original Dataset/Diabetic Retinopathy/DR626.jpg,Diabetic Retinopathy,1
Eye Disease Image Dataset/Original Dataset/Original Dataset/Retinitis Pigmentosa/Retinitis Pigmentosa81.jpg,Retinitis Pigmentosa,9
Eye Disease Image Dataset/Original Dataset/Original Dataset/Diabetic Retinopathy/DR1219.jpg,Diabetic Retinopathy,1
Eye Disease Image Dataset/Original Dataset/Original Dataset/Glaucoma/Glaucoma1139.jpg,Glaucoma,3
Eye Disease Image Dataset/Original Dataset/Original Dataset/Glaucoma/Glaucoma764.jpg,Glaucoma,3
Eye Disease Image Dataset/Original Dataset/Original Dataset/Diabetic Retinopathy/DR735.jpg,Diabetic Retinopathy,1
Eye Disease Image Dataset/Original Dataset/Original Dataset/Healthy/Healthy115.jpg,Healthy,4
Eye Disease Image Dataset/Original Dataset/Original Dataset/Macular Scar/Macular Scar139.jpg,Macular Scar,5
Eye Disease Image Dataset/Original Dataset/Original Dataset/Glaucoma/Glaucoma318.jpg,Glaucoma,3
Eye Disease Image Dataset/Original Dataset/Original Dataset/Healthy/Healthy337.jpg,Healthy,4
Eye Disease Image Dataset/Original Dataset/Original Dataset/Diabetic Retinopathy/DR733.jpg,Diabetic Retinopathy,1
Eye Disease Image Dataset/Original Dataset/Original Dataset/Macular Scar/Macular Scar234.jpg,Macular Scar,5
Eye Disease Image Dataset/Original Dataset/Original Dataset/Macular Scar/Macular Scar117.jpg,Macular Scar,5
Eye Disease Image Dataset/Original Dataset/Original Dataset/Disc Edema/Disc Edema67.jpg,Disc Edema,2
Eye Disease Image Dataset/Original Dataset/Original Dataset/Healthy/Healthy18.jpg,Healthy,4
Eye Disease Image Dataset/Original Dataset/Original Dataset/Glaucoma/Glaucoma1210.jpg,Glaucoma,3
Eye Disease Image Dataset/Original Dataset/Original Dataset/Disc Edema/Disc Edema47.jpg,Disc Edema,2
Eye Disease Image Dataset/Original Dataset/Original Dataset/Healthy/Healthy644.jpg,Healthy,4
Eye Disease Image Dataset/Original Dataset/Original Dataset/Glaucoma/Glaucoma913.jpg,Glaucoma,3
Eye Disease Image Dataset/Original Dataset/Original Dataset/Healthy/Healthy767.jpg,Healthy,4
Eye Disease Image Dataset/Original Dataset/Original Dataset/Diabetic Retinopathy/DR583.jpg,Diabetic Retinopathy,1
Eye Disease Image Dataset/Original Dataset/Original Dataset/Healthy/Healthy352.jpg,Healthy,4
Eye Disease Image Dataset/Original Dataset/Original Dataset/Central Serous Chorioretinopathy [Color Fundus]/CSCR48.jpg,Central Serous Chorioretinopathy [Color Fundus],0
Eye Disease Image Dataset/Original Dataset/Original Dataset/Healthy/Healthy860.jpg,Healthy,4
Eye Disease Image Dataset/Original Dataset/Original Dataset/Diabetic Retinopathy/DR1041.jpg,Diabetic Retinopathy,1
Eye Disease Image Dataset/Original Dataset/Original Dataset/Glaucoma/Glaucoma520.jpg,Glaucoma,3
Eye Disease Image Dataset/Original Dataset/Original Dataset/Healthy/Healthy245.jpg,Healthy,4
Eye Disease Image Dataset/Original Dataset/Original Dataset/Macular Scar/Macular Scar148.jpg,Macular Scar,5
Eye Disease Image Dataset/Original Dataset/Original Dataset/Diabetic Retinopathy/DR821.jpg,Diabetic Retinopathy,1
Eye Disease Image Dataset/Original Dataset/Original Dataset/Healthy/Healthy234.jpg,Healthy,4
Eye Disease Image Dataset/Original Dataset/Original Dataset/Diabetic Retinopathy/DR850.jpg,Diabetic Retinopathy,1
Eye Disease Image Dataset/Original Dataset/Original Dataset/Glaucoma/Glaucoma461.jpg,Glaucoma,3
Eye Disease Image Dataset/Original Dataset/Original Dataset/Disc Edema/Disc Edema17.jpg,Disc Edema,2
Eye Disease Image Dataset/Original Dataset/Original Dataset/Glaucoma/Glaucoma250.jpg,Glaucoma,3
Eye Disease Image Dataset/Original Dataset/Original Dataset/Diabetic Retinopathy/DR633.jpg,Diabetic Retinopathy,1
Eye Disease Image Dataset/Original Dataset/Original Dataset/Glaucoma/Glaucoma327.jpg,Glaucoma,3
Eye Disease Image Dataset/Original Dataset/Original Dataset/Diabetic Retinopathy/DR1246.jpg,Diabetic Retinopathy,1
Eye Disease Image Dataset/Original Dataset/Original Dataset/Glaucoma/Glaucoma903.jpg,Glaucoma,3
Eye Disease Image Dataset/Original Dataset/Original Dataset/Macular Scar/Macular Scar163.jpg,Macular Scar,5
Eye Disease Image Dataset/Original Dataset/Original Dataset/Healthy/Healthy388.jpg,Healthy,4
Eye Disease Image Dataset/Original Dataset/Original Dataset/Glaucoma/Glaucoma874.jpg,Glaucoma,3
Eye Disease Image Dataset/Original Dataset/Original Dataset/Healthy/Healthy303.jpg,Healthy,4
Eye Disease Image Dataset/Original Dataset/Original Dataset/Glaucoma/Glaucoma812.jpg,Glaucoma,3
Eye Disease Image Dataset/Original Dataset/Original Dataset/Diabetic Retinopathy/DR201.jpg,Diabetic Retinopathy,1
Eye Disease Image Dataset/Original Dataset/Original Dataset/Glaucoma/Glaucoma816.jpg,Glaucoma,3
Eye Disease Image Dataset/Original Dataset/Original Dataset/Myopia/Myopia328.jpg,Myopia,6
Eye Disease Image Dataset/Original Dataset/Original Dataset/Healthy/Healthy886.jpg,Healthy,4
Eye Disease Image Dataset/Original Dataset/Original Dataset/Diabetic Retinopathy/DR141.jpg,Diabetic Retinopathy,1
Eye Disease Image Dataset/Original Dataset/Original Dataset/Glaucoma/Glaucoma1236.jpg,Glaucoma,3
Eye Disease Image Dataset/Original Dataset/Original Dataset/Diabetic Retinopathy/DR85.jpg,Diabetic Retinopathy,1
Eye Disease Image Dataset/Original Dataset/Original Dataset/Diabetic Retinopathy/DR42.jpg,Diabetic Retinopathy,1
Eye Disease Image Dataset/Original Dataset/Original Dataset/Diabetic Retinopathy/DR893.jpg,Diabetic Retinopathy,1
Eye Disease Image Dataset/Original Dataset/Original Dataset/Central Serous Chorioretinopathy [Color Fundus]/CSCR96.jpg,Central Serous Chorioretinopathy [Color Fundus],0
Eye Disease Image Dataset/Original Dataset/Original Dataset/Glaucoma/Glaucoma529.jpg,Glaucoma,3
Eye Disease Image Dataset/Original Dataset/Original Dataset/Disc Edema/Disc Edema81.jpg,Disc Edema,2
Eye Disease Image Dataset/Original Dataset/Original Dataset/Macular Scar/Macular Scar181.jpg,Macular Scar,5
Eye Disease Image Dataset/Original Dataset/Original Dataset/Healthy/Healthy791.jpg,Healthy,4
Eye Disease Image Dataset/Original Dataset/Original Dataset/Healthy/Healthy463.jpg,Healthy,4
Eye Disease Image Dataset/Original Dataset/Original Dataset/Myopia/Myopia424.jpg,Myopia,6
Eye Disease Image Dataset/Original Dataset/Original Dataset/Healthy/Healthy974.jpg,Healthy,4
Eye Disease Image Dataset/Original Dataset/Original Dataset/Glaucoma/Glaucoma114.jpg,Glaucoma,3
Eye Disease Image Dataset/Original Dataset/Original Dataset/Macular Scar/Macular Scar373.jpg,Macular Scar,5
Eye Disease Image Dataset/Original Dataset/Original Dataset/Macular Scar/Macular Scar226.jpg,Macular Scar,5
Eye Disease Image Dataset/Original Dataset/Original Dataset/Glaucoma/Glaucoma961.jpg,Glaucoma,3
Eye Disease Image Dataset/Original Dataset/Original Dataset/Diabetic Retinopathy/DR292.jpg,Diabetic Retinopathy,1
Eye Disease Image Dataset/Original Dataset/Original Dataset/Diabetic Retinopathy/DR419.jpg,Diabetic Retinopathy,1
Eye Disease Image Dataset/Original Dataset/Original Dataset/Healthy/Healthy585.jpg,Healthy,4
Eye Disease Image Dataset/Original Dataset/Original Dataset/Myopia/Myopia413.jpg,Myopia,6
Eye Disease Image Dataset/Original Dataset/Original Dataset/Retinitis Pigmentosa/Retinitis Pigmentosa128.jpg,Retinitis Pigmentosa,9
Eye Disease Image Dataset/Original Dataset/Original Dataset/Healthy/Healthy877.jpg,Healthy,4
Eye Disease Image Dataset/Original Dataset/Original Dataset/Retinal Detachment/Retinal Detachment82.jpg,Retinal Detachment,8
Eye Disease Image Dataset/Original Dataset/Original Dataset/Diabetic Retinopathy/DR1209.jpg,Diabetic Retinopathy,1
Eye Disease Image Dataset/Original Dataset/Original Dataset/Glaucoma/Glaucoma862.jpg,Glaucoma,3
Eye Disease Image Dataset/Original Dataset/Original Dataset/Myopia/Myopia473.jpg,Myopia,6
Eye Disease Image Dataset/Original Dataset/Original Dataset/Diabetic Retinopathy/DR484.jpg,Diabetic Retinopathy,1
Eye Disease Image Dataset/Original Dataset/Original Dataset/Pterygium/Pterygium12.jpg,Pterygium,7
Eye Disease Image Dataset/Original Dataset/Original Dataset/Diabetic Retinopathy/DR490.jpg,Diabetic Retinopathy,1
Eye Disease Image Dataset/Original Dataset/Original Dataset/Glaucoma/Glaucoma867.jpg,Glaucoma,3
Eye Disease Image Dataset/Original Dataset/Original Dataset/Diabetic Retinopathy/DR36.jpg,Diabetic Retinopathy,1
Eye Disease Image Dataset/Original Dataset/Original Dataset/Healthy/Healthy944.jpg,Healthy,4
Eye Disease Image Dataset/Original Dataset/Original Dataset/Healthy/Healthy81.jpg,Healthy,4
Eye Disease Image Dataset/Original Dataset/Original Dataset/Healthy/Healthy904.jpg,Healthy,4
Eye Disease Image Dataset/Original Dataset/Original Dataset/Diabetic Retinopathy/DR958.jpg,Diabetic Retinopathy,1
Eye Disease Image Dataset/Original Dataset/Original Dataset/Myopia/Myopia362.jpg,Myopia,6
Eye Disease Image Dataset/Original Dataset/Original Dataset/Healthy/Healthy341.jpg,Healthy,4
Eye Disease Image Dataset/Original Dataset/Original Dataset/Myopia/Myopia306.jpg,Myopia,6
Eye Disease Image Dataset/Original Dataset/Original Dataset/Glaucoma/Glaucoma261.jpg,Glaucoma,3
Eye Disease Image Dataset/Original Dataset/Original Dataset/Macular Scar/Macular Scar103.jpg,Macular Scar,5
Eye Disease Image Dataset/Original Dataset/Original Dataset/Diabetic Retinopathy/DR1477.jpg,Diabetic Retinopathy,1
Eye Disease Image Dataset/Original Dataset/Original Dataset/Glaucoma/Glaucoma206.jpg,Glaucoma,3
Eye Disease Image Dataset/Original Dataset/Original Dataset/Diabetic Retinopathy/DR402.jpg,Diabetic Retinopathy,1
Eye Disease Image Dataset/Original Dataset/Original Dataset/Diabetic Retinopathy/DR1338.jpg,Diabetic Retinopathy,1
Eye Disease Image Dataset/Original Dataset/Original Dataset/Glaucoma/Glaucoma43.jpg,Glaucoma,3
Eye Disease Image Dataset/Original Dataset/Original Dataset/Macular Scar/Macular Scar265.jpg,Macular Scar,5
Eye Disease Image Dataset/Original Dataset/Original Dataset/Glaucoma/Glaucoma1298.jpg,Glaucoma,3
Eye Disease Image Dataset/Original Dataset/Original Dataset/Healthy/Healthy951.jpg,Healthy,4
Eye Disease Image Dataset/Original Dataset/Original Dataset/Myopia/Myopia479.jpg,Myopia,6
Eye Disease Image Dataset/Original Dataset/Original Dataset/Myopia/Myopia466.jpg,Myopia,6
Eye Disease Image Dataset/Original Dataset/Original Dataset/Myopia/Myopia270.jpg,Myopia,6
Eye Disease Image Dataset/Original Dataset/Original Dataset/Glaucoma/Glaucoma721.jpg,Glaucoma,3
Eye Disease Image Dataset/Original Dataset/Original Dataset/Myopia/Myopia480.jpg,Myopia,6
Eye Disease Image Dataset/Original Dataset/Original Dataset/Myopia/Myopia442.jpg,Myopia,6
Eye Disease Image Dataset/Original Dataset/Original Dataset/Myopia/Myopia406.jpg,Myopia,6
Eye Disease Image Dataset/Original Dataset/Original Dataset/Diabetic Retinopathy/DR1240.jpg,Diabetic Retinopathy,1
Eye Disease Image Dataset/Original Dataset/Original Dataset/Glaucoma/Glaucoma1109.jpg,Glaucoma,3
Eye Disease Image Dataset/Original Dataset/Original Dataset/Diabetic Retinopathy/DR657.jpg,Diabetic Retinopathy,1
Eye Disease Image Dataset/Original Dataset/Original Dataset/Healthy/Healthy705.jpg,Healthy,4
Eye Disease Image Dataset/Original Dataset/Original Dataset/Glaucoma/Glaucoma6.jpg,Glaucoma,3
Eye Disease Image Dataset/Original Dataset/Original Dataset/Healthy/Healthy182.jpg,Healthy,4
Eye Disease Image Dataset/Original Dataset/Original Dataset/Myopia/Myopia234.jpg,Myopia,6
Eye Disease Image Dataset/Original Dataset/Original Dataset/Diabetic Retinopathy/DR1155.jpg,Diabetic Retinopathy,1
Eye Disease Image Dataset/Original Dataset/Original Dataset/Glaucoma/Glaucoma36.jpg,Glaucoma,3
Eye Disease Image Dataset/Original Dataset/Original Dataset/Glaucoma/Glaucoma336.jpg,Glaucoma,3
Eye Disease Image Dataset/Original Dataset/Original Dataset/Diabetic Retinopathy/DR1491.jpg,Diabetic Retinopathy,1
Eye Disease Image Dataset/Original Dataset/Original Dataset/Retinal Detachment/Retinal Detachment88.jpg,Retinal Detachment,8
Eye Disease Image Dataset/Original Dataset/Original Dataset/Glaucoma/Glaucoma1319.jpg,Glaucoma,3
Eye Disease Image Dataset/Original Dataset/Original Dataset/Macular Scar/Macular Scar337.jpg,Macular Scar,5
Eye Disease Image Dataset/Original Dataset/Original Dataset/Diabetic Retinopathy/DR12.jpg,Diabetic Retinopathy,1
Eye Disease Image Dataset/Original Dataset/Original Dataset/Glaucoma/Glaucoma1198.jpg,Glaucoma,3
Eye Disease Image Dataset/Original Dataset/Original Dataset/Healthy/Healthy542.jpg,Healthy,4
Eye Disease Image Dataset/Original Dataset/Original Dataset/Glaucoma/Glaucoma669.jpg,Glaucoma,3
Eye Disease Image Dataset/Original Dataset/Original Dataset/Myopia/Myopia421.jpg,Myopia,6
Eye Disease Image Dataset/Original Dataset/Original Dataset/Macular Scar/Macular Scar443.jpg,Macular Scar,5
Eye Disease Image Dataset/Original Dataset/Original Dataset/Myopia/Myopia59.jpg,Myopia,6
Eye Disease Image Dataset/Original Dataset/Original Dataset/Glaucoma/Glaucoma738.jpg,Glaucoma,3
Eye Disease Image Dataset/Original Dataset/Original Dataset/Healthy/Healthy641.jpg,Healthy,4
Eye Disease Image Dataset/Original Dataset/Original Dataset/Glaucoma/Glaucoma1225.jpg,Glaucoma,3
Eye Disease Image Dataset/Original Dataset/Original Dataset/Diabetic Retinopathy/DR1500.jpg,Diabetic Retinopathy,1
Eye Disease Image Dataset/Original Dataset/Original Dataset/Macular Scar/Macular Scar112.jpg,Macular Scar,5
Eye Disease Image Dataset/Original Dataset/Original Dataset/Myopia/Myopia120.jpg,Myopia,6
Eye Disease Image Dataset/Original Dataset/Original Dataset/Diabetic Retinopathy/DR964.jpg,Diabetic Retinopathy,1
Eye Disease Image Dataset/Original Dataset/Original Dataset/Retinal Detachment/Retinal Detachment67.jpg,Retinal Detachment,8
Eye Disease Image Dataset/Original Dataset/Original Dataset/Glaucoma/Glaucoma890.jpg,Glaucoma,3
Eye Disease Image Dataset/Original Dataset/Original Dataset/Healthy/Healthy525.jpg,Healthy,4
Eye Disease Image Dataset/Original Dataset/Original Dataset/Glaucoma/Glaucoma1230.jpg,Glaucoma,3
Eye Disease Image Dataset/Original Dataset/Original Dataset/Healthy/Healthy160.jpg,Healthy,4
Eye Disease Image Dataset/Original Dataset/Original Dataset/Diabetic Retinopathy/DR1454.jpg,Diabetic Retinopathy,1
Eye Disease Image Dataset/Original Dataset/Original Dataset/Retinal Detachment/Retinal Detachment25.jpg,Retinal Detachment,8
Eye Disease Image Dataset/Original Dataset/Original Dataset/Myopia/Myopia366.jpg,Myopia,6
Eye Disease Image Dataset/Original Dataset/Original Dataset/Diabetic Retinopathy/DR1286.jpg,Diabetic Retinopathy,1
Eye Disease Image Dataset/Original Dataset/Original Dataset/Central Serous Chorioretinopathy [Color Fundus]/CSCR95.jpg,Central Serous Chorioretinopathy [Color Fundus],0
Eye Disease Image Dataset/Original Dataset/Original Dataset/Glaucoma/Glaucoma384.jpg,Glaucoma,3
Eye Disease Image Dataset/Original Dataset/Original Dataset/Diabetic Retinopathy/DR1391.jpg,Diabetic Retinopathy,1
Eye Disease Image Dataset/Original Dataset/Original Dataset/Healthy/Healthy1004.jpg,Healthy,4
Eye Disease Image Dataset/Original Dataset/Original Dataset/Diabetic Retinopathy/DR74.jpg,Diabetic Retinopathy,1
Eye Disease Image Dataset/Original Dataset/Original Dataset/Diabetic Retinopathy/DR20.jpg,Diabetic Retinopathy,1
Eye Disease Image Dataset/Original Dataset/Original Dataset/Glaucoma/Glaucoma348.jpg,Glaucoma,3
Eye Disease Image Dataset/Original Dataset/Original Dataset/Diabetic Retinopathy/DR892.jpg,Diabetic Retinopathy,1
Eye Disease Image Dataset/Original Dataset/Original Dataset/Diabetic Retinopathy/DR104.jpg,Diabetic Retinopathy,1
Eye Disease Image Dataset/Original Dataset/Original Dataset/Diabetic Retinopathy/DR666.jpg,Diabetic Retinopathy,1
Eye Disease Image Dataset/Original Dataset/Original Dataset/Retinitis Pigmentosa/Retinitis Pigmentosa48.jpg,Retinitis Pigmentosa,9
Eye Disease Image Dataset/Original Dataset/Original Dataset/Macular Scar/Macular Scar71.jpg,Macular Scar,5
Eye Disease Image Dataset/Original Dataset/Original Dataset/Diabetic Retinopathy/DR970.jpg,Diabetic Retinopathy,1
Eye Disease Image Dataset/Original Dataset/Original Dataset/Diabetic Retinopathy/DR1175.jpg,Diabetic Retinopathy,1
Eye Disease Image Dataset/Original Dataset/Original Dataset/Diabetic Retinopathy/DR439.jpg,Diabetic Retinopathy,1
Eye Disease Image Dataset/Original Dataset/Original Dataset/Diabetic Retinopathy/DR335.jpg,Diabetic Retinopathy,1
Eye Disease Image Dataset/Original Dataset/Original Dataset/Diabetic Retinopathy/DR1299.jpg,Diabetic Retinopathy,1
Eye Disease Image Dataset/Original Dataset/Original Dataset/Diabetic Retinopathy/DR115.jpg,Diabetic Retinopathy,1
Eye Disease Image Dataset/Original Dataset/Original Dataset/Glaucoma/Glaucoma456.jpg,Glaucoma,3
Eye Disease Image Dataset/Original Dataset/Original Dataset/Glaucoma/Glaucoma766.jpg,Glaucoma,3
Eye Disease Image Dataset/Original Dataset/Original Dataset/Glaucoma/Glaucoma925.jpg,Glaucoma,3
Eye Disease Image Dataset/Original Dataset/Original Dataset/Myopia/Myopia477.jpg,Myopia,6
Eye Disease Image Dataset/Original Dataset/Original Dataset/Healthy/Healthy582.jpg,Healthy,4
Eye Disease Image Dataset/Original Dataset/Original Dataset/Diabetic Retinopathy/DR294.jpg,Diabetic Retinopathy,1
Eye Disease Image Dataset/Original Dataset/Original Dataset/Diabetic Retinopathy/DR414.jpg,Diabetic Retinopathy,1
Eye Disease Image Dataset/Original Dataset/Original Dataset/Myopia/Myopia257.jpg,Myopia,6
Eye Disease Image Dataset/Original Dataset/Original Dataset/Glaucoma/Glaucoma183.jpg,Glaucoma,3
Eye Disease Image Dataset/Original Dataset/Original Dataset/Central Serous Chorioretinopathy [Color Fundus]/CSCR87.jpg,Central Serous Chorioretinopathy [Color Fundus],0
Eye Disease Image Dataset/Original Dataset/Original Dataset/Myopia/Myopia44.jpg,Myopia,6
Eye Disease Image Dataset/Original Dataset/Original Dataset/Glaucoma/Glaucoma984.jpg,Glaucoma,3
Eye Disease Image Dataset/Original Dataset/Original Dataset/Myopia/Myopia458.jpg,Myopia,6
Eye Disease Image Dataset/Original Dataset/Original Dataset/Retinitis Pigmentosa/Retinitis Pigmentosa20.jpg,Retinitis Pigmentosa,9
Eye Disease Image Dataset/Original Dataset/Original Dataset/Macular Scar/Macular Scar253.jpg,Macular Scar,5
Eye Disease Image Dataset/Original Dataset/Original Dataset/Healthy/Healthy99.jpg,Healthy,4
Eye Disease Image Dataset/Original Dataset/Original Dataset/Diabetic Retinopathy/DR812.jpg,Diabetic Retinopathy,1
Eye Disease Image Dataset/Original Dataset/Original Dataset/Myopia/Myopia426.jpg,Myopia,6
Eye Disease Image Dataset/Original Dataset/Original Dataset/Diabetic Retinopathy/DR377.jpg,Diabetic Retinopathy,1
Eye Disease Image Dataset/Original Dataset/Original Dataset/Healthy/Healthy92.jpg,Healthy,4
Eye Disease Image Dataset/Original Dataset/Original Dataset/Diabetic Retinopathy/DR517.jpg,Diabetic Retinopathy,1
Eye Disease Image Dataset/Original Dataset/Original Dataset/Diabetic Retinopathy/DR1370.jpg,Diabetic Retinopathy,1
Eye Disease Image Dataset/Original Dataset/Original Dataset/Retinitis Pigmentosa/Retinitis Pigmentosa127.jpg,Retinitis Pigmentosa,9
Eye Disease Image Dataset/Original Dataset/Original Dataset/Healthy/Healthy350.jpg,Healthy,4
Eye Disease Image Dataset/Original Dataset/Original Dataset/Myopia/Myopia364.jpg,Myopia,6
Eye Disease Image Dataset/Original Dataset/Original Dataset/Healthy/Healthy564.jpg,Healthy,4
Eye Disease Image Dataset/Original Dataset/Original Dataset/Retinal Detachment/Retinal Detachment65.jpg,Retinal Detachment,8
Eye Disease Image Dataset/Original Dataset/Original Dataset/Healthy/Healthy883.jpg,Healthy,4
Eye Disease Image Dataset/Original Dataset/Original Dataset/Glaucoma/Glaucoma1243.jpg,Glaucoma,3
Eye Disease Image Dataset/Original Dataset/Original Dataset/Healthy/Healthy409.jpg,Healthy,4
Eye Disease Image Dataset/Original Dataset/Original Dataset/Diabetic Retinopathy/DR939.jpg,Diabetic Retinopathy,1
Eye Disease Image Dataset/Original Dataset/Original Dataset/Glaucoma/Glaucoma1049.jpg,Glaucoma,3
Eye Disease Image Dataset/Original Dataset/Original Dataset/Glaucoma/Glaucoma503.jpg,Glaucoma,3
Eye Disease Image Dataset/Original Dataset/Original Dataset/Central Serous Chorioretinopathy [Color Fundus]/CSCR25.jpg,Central Serous Chorioretinopathy [Color Fundus],0
Eye Disease Image Dataset/Original Dataset/Original Dataset/Glaucoma/Glaucoma143.jpg,Glaucoma,3
Eye Disease Image Dataset/Original Dataset/Original Dataset/Diabetic Retinopathy/DR1214.jpg,Diabetic Retinopathy,1
Eye Disease Image Dataset/Original Dataset/Original Dataset/Glaucoma/Glaucoma315.jpg,Glaucoma,3
Eye Disease Image Dataset/Original Dataset/Original Dataset/Glaucoma/Glaucoma935.jpg,Glaucoma,3
Eye Disease Image Dataset/Original Dataset/Original Dataset/Retinitis Pigmentosa/Retinitis Pigmentosa43.jpg,Retinitis Pigmentosa,9
Eye Disease Image Dataset/Original Dataset/Original Dataset/Diabetic Retinopathy/DR378.jpg,Diabetic Retinopathy,1
Eye Disease Image Dataset/Original Dataset/Original Dataset/Myopia/Myopia17.jpg,Myopia,6
Eye Disease Image Dataset/Original Dataset/Original Dataset/Glaucoma/Glaucoma1039.jpg,Glaucoma,3
Eye Disease Image Dataset/Original Dataset/Original Dataset/Macular Scar/Macular Scar38.jpg,Macular Scar,5
Eye Disease Image Dataset/Original Dataset/Original Dataset/Diabetic Retinopathy/DR980.jpg,Diabetic Retinopathy,1
Eye Disease Image Dataset/Original Dataset/Original Dataset/Glaucoma/Glaucoma523.jpg,Glaucoma,3
Eye Disease Image Dataset/Original Dataset/Original Dataset/Glaucoma/Glaucoma234.jpg,Glaucoma,3
Eye Disease Image Dataset/Original Dataset/Original Dataset/Glaucoma/Glaucoma476.jpg,Glaucoma,3
Eye Disease Image Dataset/Original Dataset/Original Dataset/Healthy/Healthy461.jpg,Healthy,4
Eye Disease Image Dataset/Original Dataset/Original Dataset/Healthy/Healthy108.jpg,Healthy,4
Eye Disease Image Dataset/Original Dataset/Original Dataset/Diabetic Retinopathy/DR1032.jpg,Diabetic Retinopathy,1
Eye Disease Image Dataset/Original Dataset/Original Dataset/Healthy/Healthy488.jpg,Healthy,4
Eye Disease Image Dataset/Original Dataset/Original Dataset/Glaucoma/Glaucoma798.jpg,Glaucoma,3
Eye Disease Image Dataset/Original Dataset/Original Dataset/Glaucoma/Glaucoma722.jpg,Glaucoma,3
Eye Disease Image Dataset/Original Dataset/Original Dataset/Glaucoma/Glaucoma998.jpg,Glaucoma,3
Eye Disease Image Dataset/Original Dataset/Original Dataset/Disc Edema/Disc Edema12.jpg,Disc Edema,2
Eye Disease Image Dataset/Original Dataset/Original Dataset/Retinal Detachment/Retinal Detachment68.jpg,Retinal Detachment,8
Eye Disease Image Dataset/Original Dataset/Original Dataset/Diabetic Retinopathy/DR100.jpg,Diabetic Retinopathy,1
Eye Disease Image Dataset/Original Dataset/Original Dataset/Retinitis Pigmentosa/Retinitis Pigmentosa7.jpg,Retinitis Pigmentosa,9
Eye Disease Image Dataset/Original Dataset/Original Dataset/Myopia/Myopia38.jpg,Myopia,6
Eye Disease Image Dataset/Original Dataset/Original Dataset/Diabetic Retinopathy/DR297.jpg,Diabetic Retinopathy,1
Eye Disease Image Dataset/Original Dataset/Original Dataset/Myopia/Myopia423.jpg,Myopia,6
Eye Disease Image Dataset/Original Dataset/Original Dataset/Glaucoma/Glaucoma185.jpg,Glaucoma,3
Eye Disease Image Dataset/Original Dataset/Original Dataset/Diabetic Retinopathy/DR1289.jpg,Diabetic Retinopathy,1
Eye Disease Image Dataset/Original Dataset/Original Dataset/Myopia/Myopia115.jpg,Myopia,6
Eye Disease Image Dataset/Original Dataset/Original Dataset/Central Serous Chorioretinopathy [Color Fundus]/CSCR6.jpg,Central Serous Chorioretinopathy [Color Fundus],0
Eye Disease Image Dataset/Original Dataset/Original Dataset/Healthy/Healthy658.jpg,Healthy,4
Eye Disease Image Dataset/Original Dataset/Original Dataset/Diabetic Retinopathy/DR599.jpg,Diabetic Retinopathy,1
Eye Disease Image Dataset/Original Dataset/Original Dataset/Diabetic Retinopathy/DR645.jpg,Diabetic Retinopathy,1
Eye Disease Image Dataset/Original Dataset/Original Dataset/Healthy/Healthy993.jpg,Healthy,4
Eye Disease Image Dataset/Original Dataset/Original Dataset/Healthy/Healthy735.jpg,Healthy,4
Eye Disease Image Dataset/Original Dataset/Original Dataset/Healthy/Healthy1009.jpg,Healthy,4
Eye Disease Image Dataset/Original Dataset/Original Dataset/Glaucoma/Glaucoma540.jpg,Glaucoma,3
Eye Disease Image Dataset/Original Dataset/Original Dataset/Diabetic Retinopathy/DR1053.jpg,Diabetic Retinopathy,1
Eye Disease Image Dataset/Original Dataset/Original Dataset/Healthy/Healthy620.jpg,Healthy,4
Eye Disease Image Dataset/Original Dataset/Original Dataset/Healthy/Healthy34.jpg,Healthy,4
Eye Disease Image Dataset/Original Dataset/Original Dataset/Diabetic Retinopathy/DR1064.jpg,Diabetic Retinopathy,1
Eye Disease Image Dataset/Original Dataset/Original Dataset/Glaucoma/Glaucoma1336.jpg,Glaucoma,3
Eye Disease Image Dataset/Original Dataset/Original Dataset/Diabetic Retinopathy/DR383.jpg,Diabetic Retinopathy,1
Eye Disease Image Dataset/Original Dataset/Original Dataset/Retinitis Pigmentosa/Retinitis Pigmentosa132.jpg,Retinitis Pigmentosa,9
Eye Disease Image Dataset/Original Dataset/Original Dataset/Retinal Detachment/Retinal Detachment72.jpg,Retinal Detachment,8
Eye Disease Image Dataset/Original Dataset/Original Dataset/Retinitis Pigmentosa/Retinitis Pigmentosa32.jpg,Retinitis Pigmentosa,9
Eye Disease Image Dataset/Original Dataset/Original Dataset/Healthy/Healthy231.jpg,Healthy,4
Eye Disease Image Dataset/Original Dataset/Original Dataset/Diabetic Retinopathy/DR198.jpg,Diabetic Retinopathy,1
Eye Disease Image Dataset/Original Dataset/Original Dataset/Glaucoma/Glaucoma416.jpg,Glaucoma,3
Eye Disease Image Dataset/Original Dataset/Original Dataset/Healthy/Healthy686.jpg,Healthy,4
Eye Disease Image Dataset/Original Dataset/Original Dataset/Healthy/Healthy267.jpg,Healthy,4
Eye Disease Image Dataset/Original Dataset/Original Dataset/Glaucoma/Glaucoma150.jpg,Glaucoma,3
Eye Disease Image Dataset/Original Dataset/Original Dataset/Diabetic Retinopathy/DR338.jpg,Diabetic Retinopathy,1
Eye Disease Image Dataset/Original Dataset/Original Dataset/Macular Scar/Macular Scar46.jpg,Macular Scar,5
Eye Disease Image Dataset/Original Dataset/Original Dataset/Glaucoma/Glaucoma868.jpg,Glaucoma,3
Eye Disease Image Dataset/Original Dataset/Original Dataset/Healthy/Healthy43.jpg,Healthy,4
Eye Disease Image Dataset/Original Dataset/Original Dataset/Diabetic Retinopathy/DR1002.jpg,Diabetic Retinopathy,1
Eye Disease Image Dataset/Original Dataset/Original Dataset/Diabetic Retinopathy/DR1095.jpg,Diabetic Retinopathy,1
Eye Disease Image Dataset/Original Dataset/Original Dataset/Diabetic Retinopathy/DR310.jpg,Diabetic Retinopathy,1
Eye Disease Image Dataset/Original Dataset/Original Dataset/Macular Scar/Macular Scar278.jpg,Macular Scar,5
Eye Disease Image Dataset/Original Dataset/Original Dataset/Glaucoma/Glaucoma1229.jpg,Glaucoma,3
Eye Disease Image Dataset/Original Dataset/Original Dataset/Healthy/Healthy955.jpg,Healthy,4
Eye Disease Image Dataset/Original Dataset/Original Dataset/Diabetic Retinopathy/DR260.jpg,Diabetic Retinopathy,1
Eye Disease Image Dataset/Original Dataset/Original Dataset/Disc Edema/Disc Edema26.jpg,Disc Edema,2
Eye Disease Image Dataset/Original Dataset/Original Dataset/Diabetic Retinopathy/DR1168.jpg,Diabetic Retinopathy,1
Eye Disease Image Dataset/Original Dataset/Original Dataset/Diabetic Retinopathy/DR82.jpg,Diabetic Retinopathy,1
Eye Disease Image Dataset/Original Dataset/Original Dataset/Diabetic Retinopathy/DR1501.jpg,Diabetic Retinopathy,1
Eye Disease Image Dataset/Original Dataset/Original Dataset/Healthy/Healthy243.jpg,Healthy,4
Eye Disease Image Dataset/Original Dataset/Original Dataset/Diabetic Retinopathy/DR623.jpg,Diabetic Retinopathy,1
Eye Disease Image Dataset/Original Dataset/Original Dataset/Diabetic Retinopathy/DR931.jpg,Diabetic Retinopathy,1
Eye Disease Image Dataset/Original Dataset/Original Dataset/Macular Scar/Macular Scar326.jpg,Macular Scar,5
Eye Disease Image Dataset/Original Dataset/Original Dataset/Macular Scar/Macular Scar338.jpg,Macular Scar,5
Eye Disease Image Dataset/Original Dataset/Original Dataset/Myopia/Myopia13.jpg,Myopia,6
Eye Disease Image Dataset/Original Dataset/Original Dataset/Macular Scar/Macular Scar312.jpg,Macular Scar,5
Eye Disease Image Dataset/Original Dataset/Original Dataset/Myopia/Myopia289.jpg,Myopia,6
Eye Disease Image Dataset/Original Dataset/Original Dataset/Diabetic Retinopathy/DR570.jpg,Diabetic Retinopathy,1
Eye Disease Image Dataset/Original Dataset/Original Dataset/Glaucoma/Glaucoma93.jpg,Glaucoma,3
Eye Disease Image Dataset/Original Dataset/Original Dataset/Glaucoma/Glaucoma870.jpg,Glaucoma,3
Eye Disease Image Dataset/Original Dataset/Original Dataset/Glaucoma/Glaucoma544.jpg,Glaucoma,3
Eye Disease Image Dataset/Original Dataset/Original Dataset/Healthy/Healthy766.jpg,Healthy,4
Eye Disease Image Dataset/Original Dataset/Original Dataset/Diabetic Retinopathy/DR1398.jpg,Diabetic Retinopathy,1
Eye Disease Image Dataset/Original Dataset/Original Dataset/Glaucoma/Glaucoma858.jpg,Glaucoma,3
Eye Disease Image Dataset/Original Dataset/Original Dataset/Healthy/Healthy994.jpg,Healthy,4
Eye Disease Image Dataset/Original Dataset/Original Dataset/Disc Edema/Disc Edema74.jpg,Disc Edema,2
Eye Disease Image Dataset/Original Dataset/Original Dataset/Diabetic Retinopathy/DR856.jpg,Diabetic Retinopathy,1
Eye Disease Image Dataset/Original Dataset/Original Dataset/Myopia/Myopia293.jpg,Myopia,6
Eye Disease Image Dataset/Original Dataset/Original Dataset/Macular Scar/Macular Scar175.jpg,Macular Scar,5
Eye Disease Image Dataset/Original Dataset/Original Dataset/Glaucoma/Glaucoma412.jpg,Glaucoma,3
Eye Disease Image Dataset/Original Dataset/Original Dataset/Macular Scar/Macular Scar401.jpg,Macular Scar,5
Eye Disease Image Dataset/Original Dataset/Original Dataset/Healthy/Healthy32.jpg,Healthy,4
Eye Disease Image Dataset/Original Dataset/Original Dataset/Glaucoma/Glaucoma392.jpg,Glaucoma,3
Eye Disease Image Dataset/Original Dataset/Original Dataset/Diabetic Retinopathy/DR1148.jpg,Diabetic Retinopathy,1
Eye Disease Image Dataset/Original Dataset/Original Dataset/Glaucoma/Glaucoma948.jpg,Glaucoma,3
Eye Disease Image Dataset/Original Dataset/Original Dataset/Healthy/Healthy370.jpg,Healthy,4
Eye Disease Image Dataset/Original Dataset/Original Dataset/Macular Scar/Macular Scar162.jpg,Macular Scar,5
Eye Disease Image Dataset/Original Dataset/Original Dataset/Healthy/Healthy913.jpg,Healthy,4
Eye Disease Image Dataset/Original Dataset/Original Dataset/Disc Edema/Disc Edema94.jpg,Disc Edema,2
Eye Disease Image Dataset/Original Dataset/Original Dataset/Diabetic Retinopathy/DR535.jpg,Diabetic Retinopathy,1
Eye Disease Image Dataset/Original Dataset/Original Dataset/Diabetic Retinopathy/DR1389.jpg,Diabetic Retinopathy,1
Eye Disease Image Dataset/Original Dataset/Original Dataset/Glaucoma/Glaucoma662.jpg,Glaucoma,3
Eye Disease Image Dataset/Original Dataset/Original Dataset/Diabetic Retinopathy/DR426.jpg,Diabetic Retinopathy,1
Eye Disease Image Dataset/Original Dataset/Original Dataset/Diabetic Retinopathy/DR801.jpg,Diabetic Retinopathy,1
Eye Disease Image Dataset/Original Dataset/Original Dataset/Glaucoma/Glaucoma468.jpg,Glaucoma,3
Eye Disease Image Dataset/Original Dataset/Original Dataset/Healthy/Healthy991.jpg,Healthy,4
Eye Disease Image Dataset/Original Dataset/Original Dataset/Healthy/Healthy201.jpg,Healthy,4
Eye Disease Image Dataset/Original Dataset/Original Dataset/Diabetic Retinopathy/DR738.jpg,Diabetic Retinopathy,1
Eye Disease Image Dataset/Original Dataset/Original Dataset/Diabetic Retinopathy/DR833.jpg,Diabetic Retinopathy,1
Eye Disease Image Dataset/Original Dataset/Original Dataset/Glaucoma/Glaucoma1163.jpg,Glaucoma,3
Eye Disease Image Dataset/Original Dataset/Original Dataset/Healthy/Healthy957.jpg,Healthy,4
Eye Disease Image Dataset/Original Dataset/Original Dataset/Diabetic Retinopathy/DR1251.jpg,Diabetic Retinopathy,1
Eye Disease Image Dataset/Original Dataset/Original Dataset/Healthy/Healthy361.jpg,Healthy,4
Eye Disease Image Dataset/Original Dataset/Original Dataset/Macular Scar/Macular Scar55.jpg,Macular Scar,5
Eye Disease Image Dataset/Original Dataset/Original Dataset/Glaucoma/Glaucoma1303.jpg,Glaucoma,3
Eye Disease Image Dataset/Original Dataset/Original Dataset/Diabetic Retinopathy/DR1156.jpg,Diabetic Retinopathy,1
Eye Disease Image Dataset/Original Dataset/Original Dataset/Diabetic Retinopathy/DR405.jpg,Diabetic Retinopathy,1
Eye Disease Image Dataset/Original Dataset/Original Dataset/Diabetic Retinopathy/DR93.jpg,Diabetic Retinopathy,1
Eye Disease Image Dataset/Original Dataset/Original Dataset/Myopia/Myopia3.jpg,Myopia,6
Eye Disease Image Dataset/Original Dataset/Original Dataset/Glaucoma/Glaucoma1064.jpg,Glaucoma,3
Eye Disease Image Dataset/Original Dataset/Original Dataset/Healthy/Healthy61.jpg,Healthy,4
Eye Disease Image Dataset/Original Dataset/Original Dataset/Diabetic Retinopathy/DR1187.jpg,Diabetic Retinopathy,1
Eye Disease Image Dataset/Original Dataset/Original Dataset/Glaucoma/Glaucoma731.jpg,Glaucoma,3
Eye Disease Image Dataset/Original Dataset/Original Dataset/Diabetic Retinopathy/DR1392.jpg,Diabetic Retinopathy,1
Eye Disease Image Dataset/Original Dataset/Original Dataset/Glaucoma/Glaucoma1138.jpg,Glaucoma,3
Eye Disease Image Dataset/Original Dataset/Original Dataset/Diabetic Retinopathy/DR255.jpg,Diabetic Retinopathy,1
Eye Disease Image Dataset/Original Dataset/Original Dataset/Diabetic Retinopathy/DR380.jpg,Diabetic Retinopathy,1
Eye Disease Image Dataset/Original Dataset/Original Dataset/Glaucoma/Glaucoma926.jpg,Glaucoma,3
Eye Disease Image Dataset/Original Dataset/Original Dataset/Central Serous Chorioretinopathy [Color Fundus]/CSCR45.jpg,Central Serous Chorioretinopathy [Color Fundus],0
Eye Disease Image Dataset/Original Dataset/Original Dataset/Myopia/Myopia277.jpg,Myopia,6
Eye Disease Image Dataset/Original Dataset/Original Dataset/Retinitis Pigmentosa/Retinitis Pigmentosa90.jpg,Retinitis Pigmentosa,9
Eye Disease Image Dataset/Original Dataset/Original Dataset/Macular Scar/Macular Scar89.jpg,Macular Scar,5
Eye Disease Image Dataset/Original Dataset/Original Dataset/Diabetic Retinopathy/DR393.jpg,Diabetic Retinopathy,1
Eye Disease Image Dataset/Original Dataset/Original Dataset/Retinal Detachment/Retinal Detachment97.jpg,Retinal Detachment,8
Eye Disease Image Dataset/Original Dataset/Original Dataset/Healthy/Healthy977.jpg,Healthy,4
Eye Disease Image Dataset/Original Dataset/Original Dataset/Healthy/Healthy824.jpg,Healthy,4
Eye Disease Image Dataset/Original Dataset/Original Dataset/Healthy/Healthy449.jpg,Healthy,4
Eye Disease Image Dataset/Original Dataset/Original Dataset/Diabetic Retinopathy/DR475.jpg,Diabetic Retinopathy,1
Eye Disease Image Dataset/Original Dataset/Original Dataset/Glaucoma/Glaucoma856.jpg,Glaucoma,3
Eye Disease Image Dataset/Original Dataset/Original Dataset/Diabetic Retinopathy/DR1323.jpg,Diabetic Retinopathy,1
Eye Disease Image Dataset/Original Dataset/Original Dataset/Healthy/Healthy65.jpg,Healthy,4
Eye Disease Image Dataset/Original Dataset/Original Dataset/Pterygium/Pterygium13.jpg,Pterygium,7
Eye Disease Image Dataset/Original Dataset/Original Dataset/Myopia/Myopia116.jpg,Myopia,6
Eye Disease Image Dataset/Original Dataset/Original Dataset/Healthy/Healthy713.jpg,Healthy,4
Eye Disease Image Dataset/Original Dataset/Original Dataset/Diabetic Retinopathy/DR398.jpg,Diabetic Retinopathy,1
Eye Disease Image Dataset/Original Dataset/Original Dataset/Myopia/Myopia20.jpg,Myopia,6
Eye Disease Image Dataset/Original Dataset/Original Dataset/Diabetic Retinopathy/DR397.jpg,Diabetic Retinopathy,1
Eye Disease Image Dataset/Original Dataset/Original Dataset/Glaucoma/Glaucoma1233.jpg,Glaucoma,3
Eye Disease Image Dataset/Original Dataset/Original Dataset/Glaucoma/Glaucoma532.jpg,Glaucoma,3
Eye Disease Image Dataset/Original Dataset/Original Dataset/Macular Scar/Macular Scar194.jpg,Macular Scar,5
Eye Disease Image Dataset/Original Dataset/Original Dataset/Glaucoma/Glaucoma156.jpg,Glaucoma,3
Eye Disease Image Dataset/Original Dataset/Original Dataset/Central Serous Chorioretinopathy [Color Fundus]/CSCR58.jpg,Central Serous Chorioretinopathy [Color Fundus],0
Eye Disease Image Dataset/Original Dataset/Original Dataset/Glaucoma/Glaucoma1272.jpg,Glaucoma,3
Eye Disease Image Dataset/Original Dataset/Original Dataset/Healthy/Healthy226.jpg,Healthy,4
Eye Disease Image Dataset/Original Dataset/Original Dataset/Diabetic Retinopathy/DR360.jpg,Diabetic Retinopathy,1
Eye Disease Image Dataset/Original Dataset/Original Dataset/Healthy/Healthy334.jpg,Healthy,4
Eye Disease Image Dataset/Original Dataset/Original Dataset/Glaucoma/Glaucoma641.jpg,Glaucoma,3
Eye Disease Image Dataset/Original Dataset/Original Dataset/Healthy/Healthy1003.jpg,Healthy,4
Eye Disease Image Dataset/Original Dataset/Original Dataset/Healthy/Healthy736.jpg,Healthy,4
Eye Disease Image Dataset/Original Dataset/Original Dataset/Diabetic Retinopathy/DR1035.jpg,Diabetic Retinopathy,1
Eye Disease Image Dataset/Original Dataset/Original Dataset/Healthy/Healthy1024.jpg,Healthy,4
Eye Disease Image Dataset/Original Dataset/Original Dataset/Disc Edema/Disc Edema108.jpg,Disc Edema,2
Eye Disease Image Dataset/Original Dataset/Original Dataset/Macular Scar/Macular Scar345.jpg,Macular Scar,5
Eye Disease Image Dataset/Original Dataset/Original Dataset/Macular Scar/Macular Scar142.jpg,Macular Scar,5
Eye Disease Image Dataset/Original Dataset/Original Dataset/Diabetic Retinopathy/DR1030.jpg,Diabetic Retinopathy,1
Eye Disease Image Dataset/Original Dataset/Original Dataset/Glaucoma/Glaucoma1048.jpg,Glaucoma,3
Eye Disease Image Dataset/Original Dataset/Original Dataset/Myopia/Myopia97.jpg,Myopia,6
Eye Disease Image Dataset/Original Dataset/Original Dataset/Diabetic Retinopathy/DR417.jpg,Diabetic Retinopathy,1
Eye Disease Image Dataset/Original Dataset/Original Dataset/Diabetic Retinopathy/DR792.jpg,Diabetic Retinopathy,1
Eye Disease Image Dataset/Original Dataset/Original Dataset/Glaucoma/Glaucoma824.jpg,Glaucoma,3
Eye Disease Image Dataset/Original Dataset/Original Dataset/Glaucoma/Glaucoma129.jpg,Glaucoma,3
Eye Disease Image Dataset/Original Dataset/Original Dataset/Diabetic Retinopathy/DR1242.jpg,Diabetic Retinopathy,1
Eye Disease Image Dataset/Original Dataset/Original Dataset/Glaucoma/Glaucoma1014.jpg,Glaucoma,3
Eye Disease Image Dataset/Original Dataset/Original Dataset/Diabetic Retinopathy/DR782.jpg,Diabetic Retinopathy,1
Eye Disease Image Dataset/Original Dataset/Original Dataset/Diabetic Retinopathy/DR227.jpg,Diabetic Retinopathy,1
Eye Disease Image Dataset/Original Dataset/Original Dataset/Diabetic Retinopathy/DR234.jpg,Diabetic Retinopathy,1
Eye Disease Image Dataset/Original Dataset/Original Dataset/Healthy/Healthy668.jpg,Healthy,4
Eye Disease Image Dataset/Original Dataset/Original Dataset/Myopia/Myopia49.jpg,Myopia,6
Eye Disease Image Dataset/Original Dataset/Original Dataset/Macular Scar/Macular Scar252.jpg,Macular Scar,5
Eye Disease Image Dataset/Original Dataset/Original Dataset/Glaucoma/Glaucoma329.jpg,Glaucoma,3
Eye Disease Image Dataset/Original Dataset/Original Dataset/Diabetic Retinopathy/DR1174.jpg,Diabetic Retinopathy,1
Eye Disease Image Dataset/Original Dataset/Original Dataset/Macular Scar/Macular Scar223.jpg,Macular Scar,5
Eye Disease Image Dataset/Original Dataset/Original Dataset/Healthy/Healthy638.jpg,Healthy,4
Eye Disease Image Dataset/Original Dataset/Original Dataset/Diabetic Retinopathy/DR33.jpg,Diabetic Retinopathy,1
Eye Disease Image Dataset/Original Dataset/Original Dataset/Healthy/Healthy302.jpg,Healthy,4
Eye Disease Image Dataset/Original Dataset/Original Dataset/Diabetic Retinopathy/DR169.jpg,Diabetic Retinopathy,1
Eye Disease Image Dataset/Original Dataset/Original Dataset/Macular Scar/Macular Scar86.jpg,Macular Scar,5
Eye Disease Image Dataset/Original Dataset/Original Dataset/Glaucoma/Glaucoma391.jpg,Glaucoma,3
Eye Disease Image Dataset/Original Dataset/Original Dataset/Glaucoma/Glaucoma1089.jpg,Glaucoma,3
Eye Disease Image Dataset/Original Dataset/Original Dataset/Healthy/Healthy150.jpg,Healthy,4
Eye Disease Image Dataset/Original Dataset/Original Dataset/Retinitis Pigmentosa/Retinitis Pigmentosa111.jpg,Retinitis Pigmentosa,9
Eye Disease Image Dataset/Original Dataset/Original Dataset/Healthy/Healthy801.jpg,Healthy,4
Eye Disease Image Dataset/Original Dataset/Original Dataset/Diabetic Retinopathy/DR539.jpg,Diabetic Retinopathy,1
Eye Disease Image Dataset/Original Dataset/Original Dataset/Macular Scar/Macular Scar236.jpg,Macular Scar,5
Eye Disease Image Dataset/Original Dataset/Original Dataset/Healthy/Healthy698.jpg,Healthy,4
Eye Disease Image Dataset/Original Dataset/Original Dataset/Central Serous Chorioretinopathy [Color Fundus]/CSCR23.jpg,Central Serous Chorioretinopathy [Color Fundus],0
Eye Disease Image Dataset/Original Dataset/Original Dataset/Glaucoma/Glaucoma876.jpg,Glaucoma,3
Eye Disease Image Dataset/Original Dataset/Original Dataset/Diabetic Retinopathy/DR385.jpg,Diabetic Retinopathy,1
Eye Disease Image Dataset/Original Dataset/Original Dataset/Glaucoma/Glaucoma37.jpg,Glaucoma,3
Eye Disease Image Dataset/Original Dataset/Original Dataset/Healthy/Healthy94.jpg,Healthy,4
Eye Disease Image Dataset/Original Dataset/Original Dataset/Healthy/Healthy969.jpg,Healthy,4
Eye Disease Image Dataset/Original Dataset/Original Dataset/Glaucoma/Glaucoma65.jpg,Glaucoma,3
Eye Disease Image Dataset/Original Dataset/Original Dataset/Glaucoma/Glaucoma940.jpg,Glaucoma,3
Eye Disease Image Dataset/Original Dataset/Original Dataset/Diabetic Retinopathy/DR1516.jpg,Diabetic Retinopathy,1
Eye Disease Image Dataset/Original Dataset/Original Dataset/Retinitis Pigmentosa/Retinitis Pigmentosa89.jpg,Retinitis Pigmentosa,9
Eye Disease Image Dataset/Original Dataset/Original Dataset/Diabetic Retinopathy/DR1009.jpg,Diabetic Retinopathy,1
Eye Disease Image Dataset/Original Dataset/Original Dataset/Glaucoma/Glaucoma191.jpg,Glaucoma,3
Eye Disease Image Dataset/Original Dataset/Original Dataset/Glaucoma/Glaucoma498.jpg,Glaucoma,3
Eye Disease Image Dataset/Original Dataset/Original Dataset/Diabetic Retinopathy/DR448.jpg,Diabetic Retinopathy,1
Eye Disease Image Dataset/Original Dataset/Original Dataset/Glaucoma/Glaucoma47.jpg,Glaucoma,3
Eye Disease Image Dataset/Original Dataset/Original Dataset/Diabetic Retinopathy/DR870.jpg,Diabetic Retinopathy,1
Eye Disease Image Dataset/Original Dataset/Original Dataset/Macular Scar/Macular Scar356.jpg,Macular Scar,5
Eye Disease Image Dataset/Original Dataset/Original Dataset/Diabetic Retinopathy/DR184.jpg,Diabetic Retinopathy,1
Eye Disease Image Dataset/Original Dataset/Original Dataset/Glaucoma/Glaucoma465.jpg,Glaucoma,3
Eye Disease Image Dataset/Original Dataset/Original Dataset/Diabetic Retinopathy/DR1449.jpg,Diabetic Retinopathy,1
Eye Disease Image Dataset/Original Dataset/Original Dataset/Macular Scar/Macular Scar98.jpg,Macular Scar,5
Eye Disease Image Dataset/Original Dataset/Original Dataset/Glaucoma/Glaucoma297.jpg,Glaucoma,3
Eye Disease Image Dataset/Original Dataset/Original Dataset/Glaucoma/Glaucoma8.jpg,Glaucoma,3
Eye Disease Image Dataset/Original Dataset/Original Dataset/Glaucoma/Glaucoma198.jpg,Glaucoma,3
Eye Disease Image Dataset/Original Dataset/Original Dataset/Myopia/Myopia217.jpg,Myopia,6
Eye Disease Image Dataset/Original Dataset/Original Dataset/Glaucoma/Glaucoma566.jpg,Glaucoma,3
Eye Disease Image Dataset/Original Dataset/Original Dataset/Diabetic Retinopathy/DR724.jpg,Diabetic Retinopathy,1
Eye Disease Image Dataset/Original Dataset/Original Dataset/Healthy/Healthy241.jpg,Healthy,4
Eye Disease Image Dataset/Original Dataset/Original Dataset/Macular Scar/Macular Scar157.jpg,Macular Scar,5
Eye Disease Image Dataset/Original Dataset/Original Dataset/Myopia/Myopia141.jpg,Myopia,6
Eye Disease Image Dataset/Original Dataset/Original Dataset/Macular Scar/Macular Scar405.jpg,Macular Scar,5
Eye Disease Image Dataset/Original Dataset/Original Dataset/Macular Scar/Macular Scar187.jpg,Macular Scar,5
Eye Disease Image Dataset/Original Dataset/Original Dataset/Diabetic Retinopathy/DR867.jpg,Diabetic Retinopathy,1
Eye Disease Image Dataset/Original Dataset/Original Dataset/Diabetic Retinopathy/DR1399.jpg,Diabetic Retinopathy,1
Eye Disease Image Dataset/Original Dataset/Original Dataset/Glaucoma/Glaucoma211.jpg,Glaucoma,3
Eye Disease Image Dataset/Original Dataset/Original Dataset/Glaucoma/Glaucoma53.jpg,Glaucoma,3
Eye Disease Image Dataset/Original Dataset/Original Dataset/Disc Edema/Disc Edema68.jpg,Disc Edema,2
Eye Disease Image Dataset/Original Dataset/Original Dataset/Healthy/Healthy517.jpg,Healthy,4
Eye Disease Image Dataset/Original Dataset/Original Dataset/Central Serous Chorioretinopathy [Color Fundus]/CSCR56.jpg,Central Serous Chorioretinopathy [Color Fundus],0
Eye Disease Image Dataset/Original Dataset/Original Dataset/Healthy/Healthy183.jpg,Healthy,4
Eye Disease Image Dataset/Original Dataset/Original Dataset/Diabetic Retinopathy/DR569.jpg,Diabetic Retinopathy,1
Eye Disease Image Dataset/Original Dataset/Original Dataset/Glaucoma/Glaucoma625.jpg,Glaucoma,3
Eye Disease Image Dataset/Original Dataset/Original Dataset/Glaucoma/Glaucoma1265.jpg,Glaucoma,3
Eye Disease Image Dataset/Original Dataset/Original Dataset/Glaucoma/Glaucoma41.jpg,Glaucoma,3
Eye Disease Image Dataset/Original Dataset/Original Dataset/Pterygium/Pterygium2.jpg,Pterygium,7
Eye Disease Image Dataset/Original Dataset/Original Dataset/Diabetic Retinopathy/DR1100.jpg,Diabetic Retinopathy,1
Eye Disease Image Dataset/Original Dataset/Original Dataset/Diabetic Retinopathy/DR1285.jpg,Diabetic Retinopathy,1
Eye Disease Image Dataset/Original Dataset/Original Dataset/Glaucoma/Glaucoma366.jpg,Glaucoma,3
Eye Disease Image Dataset/Original Dataset/Original Dataset/Myopia/Myopia281.jpg,Myopia,6
Eye Disease Image Dataset/Original Dataset/Original Dataset/Macular Scar/Macular Scar57.jpg,Macular Scar,5
Eye Disease Image Dataset/Original Dataset/Original Dataset/Glaucoma/Glaucoma932.jpg,Glaucoma,3
Eye Disease Image Dataset/Original Dataset/Original Dataset/Healthy/Healthy496.jpg,Healthy,4
Eye Disease Image Dataset/Original Dataset/Original Dataset/Diabetic Retinopathy/DR713.jpg,Diabetic Retinopathy,1
Eye Disease Image Dataset/Original Dataset/Original Dataset/Myopia/Myopia87.jpg,Myopia,6
Eye Disease Image Dataset/Original Dataset/Original Dataset/Myopia/Myopia99.jpg,Myopia,6
Eye Disease Image Dataset/Original Dataset/Original Dataset/Myopia/Myopia170.jpg,Myopia,6
Eye Disease Image Dataset/Original Dataset/Original Dataset/Diabetic Retinopathy/DR449.jpg,Diabetic Retinopathy,1
Eye Disease Image Dataset/Original Dataset/Original Dataset/Healthy/Healthy612.jpg,Healthy,4
Eye Disease Image Dataset/Original Dataset/Original Dataset/Glaucoma/Glaucoma1194.jpg,Glaucoma,3
Eye Disease Image Dataset/Original Dataset/Original Dataset/Diabetic Retinopathy/DR166.jpg,Diabetic Retinopathy,1
Eye Disease Image Dataset/Original Dataset/Original Dataset/Diabetic Retinopathy/DR784.jpg,Diabetic Retinopathy,1
Eye Disease Image Dataset/Original Dataset/Original Dataset/Diabetic Retinopathy/DR1520.jpg,Diabetic Retinopathy,1
Eye Disease Image Dataset/Original Dataset/Original Dataset/Glaucoma/Glaucoma754.jpg,Glaucoma,3
Eye Disease Image Dataset/Original Dataset/Original Dataset/Diabetic Retinopathy/DR1379.jpg,Diabetic Retinopathy,1
Eye Disease Image Dataset/Original Dataset/Original Dataset/Glaucoma/Glaucoma72.jpg,Glaucoma,3
Eye Disease Image Dataset/Original Dataset/Original Dataset/Retinitis Pigmentosa/Retinitis Pigmentosa27.jpg,Retinitis Pigmentosa,9
Eye Disease Image Dataset/Original Dataset/Original Dataset/Diabetic Retinopathy/DR1024.jpg,Diabetic Retinopathy,1
Eye Disease Image Dataset/Original Dataset/Original Dataset/Glaucoma/Glaucoma1058.jpg,Glaucoma,3
Eye Disease Image Dataset/Original Dataset/Original Dataset/Healthy/Healthy1019.jpg,Healthy,4
Eye Disease Image Dataset/Original Dataset/Original Dataset/Diabetic Retinopathy/DR392.jpg,Diabetic Retinopathy,1
Eye Disease Image Dataset/Original Dataset/Original Dataset/Diabetic Retinopathy/DR240.jpg,Diabetic Retinopathy,1
Eye Disease Image Dataset/Original Dataset/Original Dataset/Diabetic Retinopathy/DR278.jpg,Diabetic Retinopathy,1
Eye Disease Image Dataset/Original Dataset/Original Dataset/Diabetic Retinopathy/DR615.jpg,Diabetic Retinopathy,1
Eye Disease Image Dataset/Original Dataset/Original Dataset/Diabetic Retinopathy/DR582.jpg,Diabetic Retinopathy,1
Eye Disease Image Dataset/Original Dataset/Original Dataset/Glaucoma/Glaucoma362.jpg,Glaucoma,3
Eye Disease Image Dataset/Original Dataset/Original Dataset/Glaucoma/Glaucoma142.jpg,Glaucoma,3
Eye Disease Image Dataset/Original Dataset/Original Dataset/Macular Scar/Macular Scar398.jpg,Macular Scar,5
Eye Disease Image Dataset/Original Dataset/Original Dataset/Diabetic Retinopathy/DR1233.jpg,Diabetic Retinopathy,1
Eye Disease Image Dataset/Original Dataset/Original Dataset/Glaucoma/Glaucoma179.jpg,Glaucoma,3
Eye Disease Image Dataset/Original Dataset/Original Dataset/Retinal Detachment/Retinal Detachment63.jpg,Retinal Detachment,8
Eye Disease Image Dataset/Original Dataset/Original Dataset/Glaucoma/Glaucoma457.jpg,Glaucoma,3
Eye Disease Image Dataset/Original Dataset/Original Dataset/Glaucoma/Glaucoma600.jpg,Glaucoma,3
Eye Disease Image Dataset/Original Dataset/Original Dataset/Glaucoma/Glaucoma875.jpg,Glaucoma,3
Eye Disease Image Dataset/Original Dataset/Original Dataset/Diabetic Retinopathy/DR1440.jpg,Diabetic Retinopathy,1
Eye Disease Image Dataset/Original Dataset/Original Dataset/Glaucoma/Glaucoma535.jpg,Glaucoma,3
Eye Disease Image Dataset/Original Dataset/Original Dataset/Diabetic Retinopathy/DR906.jpg,Diabetic Retinopathy,1
Eye Disease Image Dataset/Original Dataset/Original Dataset/Glaucoma/Glaucoma554.jpg,Glaucoma,3
Eye Disease Image Dataset/Original Dataset/Original Dataset/Glaucoma/Glaucoma1304.jpg,Glaucoma,3
Eye Disease Image Dataset/Original Dataset/Original Dataset/Macular Scar/Macular Scar318.jpg,Macular Scar,5
Eye Disease Image Dataset/Original Dataset/Original Dataset/Myopia/Myopia137.jpg,Myopia,6
Eye Disease Image Dataset/Original Dataset/Original Dataset/Diabetic Retinopathy/DR907.jpg,Diabetic Retinopathy,1
Eye Disease Image Dataset/Original Dataset/Original Dataset/Healthy/Healthy810.jpg,Healthy,4
Eye Disease Image Dataset/Original Dataset/Original Dataset/Healthy/Healthy118.jpg,Healthy,4
Eye Disease Image Dataset/Original Dataset/Original Dataset/Diabetic Retinopathy/DR1457.jpg,Diabetic Retinopathy,1
Eye Disease Image Dataset/Original Dataset/Original Dataset/Healthy/Healthy153.jpg,Healthy,4
Eye Disease Image Dataset/Original Dataset/Original Dataset/Macular Scar/Macular Scar215.jpg,Macular Scar,5
Eye Disease Image Dataset/Original Dataset/Original Dataset/Glaucoma/Glaucoma896.jpg,Glaucoma,3
Eye Disease Image Dataset/Original Dataset/Original Dataset/Macular Scar/Macular Scar298.jpg,Macular Scar,5
Eye Disease Image Dataset/Original Dataset/Original Dataset/Diabetic Retinopathy/DR462.jpg,Diabetic Retinopathy,1
Eye Disease Image Dataset/Original Dataset/Original Dataset/Retinal Detachment/Retinal Detachment16.jpg,Retinal Detachment,8
Eye Disease Image Dataset/Original Dataset/Original Dataset/Diabetic Retinopathy/DR567.jpg,Diabetic Retinopathy,1
Eye Disease Image Dataset/Original Dataset/Original Dataset/Myopia/Myopia450.jpg,Myopia,6
Eye Disease Image Dataset/Original Dataset/Original Dataset/Retinitis Pigmentosa/Retinitis Pigmentosa54.jpg,Retinitis Pigmentosa,9
Eye Disease Image Dataset/Original Dataset/Original Dataset/Diabetic Retinopathy/DR403.jpg,Diabetic Retinopathy,1
Eye Disease Image Dataset/Original Dataset/Original Dataset/Healthy/Healthy700.jpg,Healthy,4
Eye Disease Image Dataset/Original Dataset/Original Dataset/Glaucoma/Glaucoma893.jpg,Glaucoma,3
Eye Disease Image Dataset/Original Dataset/Original Dataset/Healthy/Healthy60.jpg,Healthy,4
Eye Disease Image Dataset/Original Dataset/Original Dataset/Retinal Detachment/Retinal Detachment103.jpg,Retinal Detachment,8
Eye Disease Image Dataset/Original Dataset/Original Dataset/Diabetic Retinopathy/DR825.jpg,Diabetic Retinopathy,1
Eye Disease Image Dataset/Original Dataset/Original Dataset/Macular Scar/Macular Scar240.jpg,Macular Scar,5
Eye Disease Image Dataset/Original Dataset/Original Dataset/Healthy/Healthy249.jpg,Healthy,4
Eye Disease Image Dataset/Original Dataset/Original Dataset/Myopia/Myopia110.jpg,Myopia,6
Eye Disease Image Dataset/Original Dataset/Original Dataset/Healthy/Healthy692.jpg,Healthy,4
Eye Disease Image Dataset/Original Dataset/Original Dataset/Macular Scar/Macular Scar155.jpg,Macular Scar,5
Eye Disease Image Dataset/Original Dataset/Original Dataset/Glaucoma/Glaucoma749.jpg,Glaucoma,3
Eye Disease Image Dataset/Original Dataset/Original Dataset/Healthy/Healthy827.jpg,Healthy,4
Eye Disease Image Dataset/Original Dataset/Original Dataset/Myopia/Myopia357.jpg,Myopia,6
Eye Disease Image Dataset/Original Dataset/Original Dataset/Diabetic Retinopathy/DR874.jpg,Diabetic Retinopathy,1
Eye Disease Image Dataset/Original Dataset/Original Dataset/Healthy/Healthy917.jpg,Healthy,4
Eye Disease Image Dataset/Original Dataset/Original Dataset/Macular Scar/Macular Scar258.jpg,Macular Scar,5
Eye Disease Image Dataset/Original Dataset/Original Dataset/Glaucoma/Glaucoma942.jpg,Glaucoma,3
Eye Disease Image Dataset/Original Dataset/Original Dataset/Diabetic Retinopathy/DR706.jpg,Diabetic Retinopathy,1
Eye Disease Image Dataset/Original Dataset/Original Dataset/Central Serous Chorioretinopathy [Color Fundus]/CSCR21.jpg,Central Serous Chorioretinopathy [Color Fundus],0
Eye Disease Image Dataset/Original Dataset/Original Dataset/Glaucoma/Glaucoma992.jpg,Glaucoma,3
Eye Disease Image Dataset/Original Dataset/Original Dataset/Myopia/Myopia250.jpg,Myopia,6
Eye Disease Image Dataset/Original Dataset/Original Dataset/Macular Scar/Macular Scar134.jpg,Macular Scar,5
Eye Disease Image Dataset/Original Dataset/Original Dataset/Glaucoma/Glaucoma1047.jpg,Glaucoma,3
Eye Disease Image Dataset/Original Dataset/Original Dataset/Diabetic Retinopathy/DR1081.jpg,Diabetic Retinopathy,1
Eye Disease Image Dataset/Original Dataset/Original Dataset/Diabetic Retinopathy/DR373.jpg,Diabetic Retinopathy,1
Eye Disease Image Dataset/Original Dataset/Original Dataset/Myopia/Myopia226.jpg,Myopia,6
Eye Disease Image Dataset/Original Dataset/Original Dataset/Glaucoma/Glaucoma1213.jpg,Glaucoma,3
Eye Disease Image Dataset/Original Dataset/Original Dataset/Retinal Detachment/Retinal Detachment22.jpg,Retinal Detachment,8
Eye Disease Image Dataset/Original Dataset/Original Dataset/Glaucoma/Glaucoma209.jpg,Glaucoma,3
Eye Disease Image Dataset/Original Dataset/Original Dataset/Healthy/Healthy756.jpg,Healthy,4
Eye Disease Image Dataset/Original Dataset/Original Dataset/Glaucoma/Glaucoma68.jpg,Glaucoma,3
Eye Disease Image Dataset/Original Dataset/Original Dataset/Retinitis Pigmentosa/Retinitis Pigmentosa88.jpg,Retinitis Pigmentosa,9
Eye Disease Image Dataset/Original Dataset/Original Dataset/Myopia/Myopia63.jpg,Myopia,6
Eye Disease Image Dataset/Original Dataset/Original Dataset/Glaucoma/Glaucoma87.jpg,Glaucoma,3
Eye Disease Image Dataset/Original Dataset/Original Dataset/Myopia/Myopia487.jpg,Myopia,6
Eye Disease Image Dataset/Original Dataset/Original Dataset/Myopia/Myopia407.jpg,Myopia,6
Eye Disease Image Dataset/Original Dataset/Original Dataset/Healthy/Healthy983.jpg,Healthy,4
Eye Disease Image Dataset/Original Dataset/Original Dataset/Glaucoma/Glaucoma634.jpg,Glaucoma,3
Eye Disease Image Dataset/Original Dataset/Original Dataset/Diabetic Retinopathy/DR1006.jpg,Diabetic Retinopathy,1
Eye Disease Image Dataset/Original Dataset/Original Dataset/Diabetic Retinopathy/DR451.jpg,Diabetic Retinopathy,1
Eye Disease Image Dataset/Original Dataset/Original Dataset/Healthy/Healthy158.jpg,Healthy,4
Eye Disease Image Dataset/Original Dataset/Original Dataset/Macular Scar/Macular Scar68.jpg,Macular Scar,5
Eye Disease Image Dataset/Original Dataset/Original Dataset/Diabetic Retinopathy/DR1393.jpg,Diabetic Retinopathy,1
Eye Disease Image Dataset/Original Dataset/Original Dataset/Healthy/Healthy129.jpg,Healthy,4
Eye Disease Image Dataset/Original Dataset/Original Dataset/Diabetic Retinopathy/DR288.jpg,Diabetic Retinopathy,1
Eye Disease Image Dataset/Original Dataset/Original Dataset/Diabetic Retinopathy/DR369.jpg,Diabetic Retinopathy,1
Eye Disease Image Dataset/Original Dataset/Original Dataset/Myopia/Myopia439.jpg,Myopia,6
Eye Disease Image Dataset/Original Dataset/Original Dataset/Healthy/Healthy680.jpg,Healthy,4
Eye Disease Image Dataset/Original Dataset/Original Dataset/Retinal Detachment/Retinal Detachment96.jpg,Retinal Detachment,8
Eye Disease Image Dataset/Original Dataset/Original Dataset/Glaucoma/Glaucoma1314.jpg,Glaucoma,3
Eye Disease Image Dataset/Original Dataset/Original Dataset/Healthy/Healthy538.jpg,Healthy,4
Eye Disease Image Dataset/Original Dataset/Original Dataset/Diabetic Retinopathy/DR1101.jpg,Diabetic Retinopathy,1
Eye Disease Image Dataset/Original Dataset/Original Dataset/Glaucoma/Glaucoma444.jpg,Glaucoma,3
Eye Disease Image Dataset/Original Dataset/Original Dataset/Diabetic Retinopathy/DR1052.jpg,Diabetic Retinopathy,1
Eye Disease Image Dataset/Original Dataset/Original Dataset/Healthy/Healthy823.jpg,Healthy,4
Eye Disease Image Dataset/Original Dataset/Original Dataset/Diabetic Retinopathy/DR172.jpg,Diabetic Retinopathy,1
Eye Disease Image Dataset/Original Dataset/Original Dataset/Disc Edema/Disc Edema27.jpg,Disc Edema,2
Eye Disease Image Dataset/Original Dataset/Original Dataset/Diabetic Retinopathy/DR1373.jpg,Diabetic Retinopathy,1
Eye Disease Image Dataset/Original Dataset/Original Dataset/Myopia/Myopia332.jpg,Myopia,6
Eye Disease Image Dataset/Original Dataset/Original Dataset/Macular Scar/Macular Scar411.jpg,Macular Scar,5
Eye Disease Image Dataset/Original Dataset/Original Dataset/Glaucoma/Glaucoma27.jpg,Glaucoma,3
Eye Disease Image Dataset/Original Dataset/Original Dataset/Retinal Detachment/Retinal Detachment108.jpg,Retinal Detachment,8
Eye Disease Image Dataset/Original Dataset/Original Dataset/Myopia/Myopia225.jpg,Myopia,6
Eye Disease Image Dataset/Original Dataset/Original Dataset/Diabetic Retinopathy/DR55.jpg,Diabetic Retinopathy,1
Eye Disease Image Dataset/Original Dataset/Original Dataset/Pterygium/Pterygium17.jpg,Pterygium,7
Eye Disease Image Dataset/Original Dataset/Original Dataset/Healthy/Healthy844.jpg,Healthy,4
Eye Disease Image Dataset/Original Dataset/Original Dataset/Healthy/Healthy817.jpg,Healthy,4
Eye Disease Image Dataset/Original Dataset/Original Dataset/Healthy/Healthy775.jpg,Healthy,4
Eye Disease Image Dataset/Original Dataset/Original Dataset/Diabetic Retinopathy/DR296.jpg,Diabetic Retinopathy,1
Eye Disease Image Dataset/Original Dataset/Original Dataset/Diabetic Retinopathy/DR368.jpg,Diabetic Retinopathy,1
Eye Disease Image Dataset/Original Dataset/Original Dataset/Glaucoma/Glaucoma1059.jpg,Glaucoma,3
Eye Disease Image Dataset/Original Dataset/Original Dataset/Healthy/Healthy207.jpg,Healthy,4
Eye Disease Image Dataset/Original Dataset/Original Dataset/Diabetic Retinopathy/DR174.jpg,Diabetic Retinopathy,1
Eye Disease Image Dataset/Original Dataset/Original Dataset/Healthy/Healthy285.jpg,Healthy,4
Eye Disease Image Dataset/Original Dataset/Original Dataset/Macular Scar/Macular Scar370.jpg,Macular Scar,5
Eye Disease Image Dataset/Original Dataset/Original Dataset/Diabetic Retinopathy/DR60.jpg,Diabetic Retinopathy,1
Eye Disease Image Dataset/Original Dataset/Original Dataset/Disc Edema/Disc Edema87.jpg,Disc Edema,2
Eye Disease Image Dataset/Original Dataset/Original Dataset/Myopia/Myopia238.jpg,Myopia,6
Eye Disease Image Dataset/Original Dataset/Original Dataset/Diabetic Retinopathy/DR767.jpg,Diabetic Retinopathy,1
Eye Disease Image Dataset/Original Dataset/Original Dataset/Diabetic Retinopathy/DR704.jpg,Diabetic Retinopathy,1
Eye Disease Image Dataset/Original Dataset/Original Dataset/Diabetic Retinopathy/DR1093.jpg,Diabetic Retinopathy,1
Eye Disease Image Dataset/Original Dataset/Original Dataset/Glaucoma/Glaucoma770.jpg,Glaucoma,3
Eye Disease Image Dataset/Original Dataset/Original Dataset/Glaucoma/Glaucoma252.jpg,Glaucoma,3
Eye Disease Image Dataset/Original Dataset/Original Dataset/Healthy/Healthy354.jpg,Healthy,4
Eye Disease Image Dataset/Original Dataset/Original Dataset/Glaucoma/Glaucoma276.jpg,Glaucoma,3
Eye Disease Image Dataset/Original Dataset/Original Dataset/Glaucoma/Glaucoma361.jpg,Glaucoma,3
Eye Disease Image Dataset/Original Dataset/Original Dataset/Healthy/Healthy623.jpg,Healthy,4
Eye Disease Image Dataset/Original Dataset/Original Dataset/Glaucoma/Glaucoma827.jpg,Glaucoma,3
Eye Disease Image Dataset/Original Dataset/Original Dataset/Diabetic Retinopathy/DR1213.jpg,Diabetic Retinopathy,1
Eye Disease Image Dataset/Original Dataset/Original Dataset/Macular Scar/Macular Scar220.jpg,Macular Scar,5
Eye Disease Image Dataset/Original Dataset/Original Dataset/Diabetic Retinopathy/DR685.jpg,Diabetic Retinopathy,1
Eye Disease Image Dataset/Original Dataset/Original Dataset/Glaucoma/Glaucoma401.jpg,Glaucoma,3
Eye Disease Image Dataset/Original Dataset/Original Dataset/Retinal Detachment/Retinal Detachment41.jpg,Retinal Detachment,8
Eye Disease Image Dataset/Original Dataset/Original Dataset/Glaucoma/Glaucoma590.jpg,Glaucoma,3
Eye Disease Image Dataset/Original Dataset/Original Dataset/Diabetic Retinopathy/DR1325.jpg,Diabetic Retinopathy,1
Eye Disease Image Dataset/Original Dataset/Original Dataset/Diabetic Retinopathy/DR914.jpg,Diabetic Retinopathy,1
Eye Disease Image Dataset/Original Dataset/Original Dataset/Macular Scar/Macular Scar168.jpg,Macular Scar,5
Eye Disease Image Dataset/Original Dataset/Original Dataset/Glaucoma/Glaucoma45.jpg,Glaucoma,3
Eye Disease Image Dataset/Original Dataset/Original Dataset/Diabetic Retinopathy/DR1296.jpg,Diabetic Retinopathy,1
Eye Disease Image Dataset/Original Dataset/Original Dataset/Diabetic Retinopathy/DR1376.jpg,Diabetic Retinopathy,1
Eye Disease Image Dataset/Original Dataset/Original Dataset/Central Serous Chorioretinopathy [Color Fundus]/CSCR27.jpg,Central Serous Chorioretinopathy [Color Fundus],0
Eye Disease Image Dataset/Original Dataset/Original Dataset/Healthy/Healthy515.jpg,Healthy,4
Eye Disease Image Dataset/Original Dataset/Original Dataset/Macular Scar/Macular Scar72.jpg,Macular Scar,5
Eye Disease Image Dataset/Original Dataset/Original Dataset/Glaucoma/Glaucoma701.jpg,Glaucoma,3
Eye Disease Image Dataset/Original Dataset/Original Dataset/Glaucoma/Glaucoma1221.jpg,Glaucoma,3
Eye Disease Image Dataset/Original Dataset/Original Dataset/Glaucoma/Glaucoma533.jpg,Glaucoma,3
Eye Disease Image Dataset/Original Dataset/Original Dataset/Glaucoma/Glaucoma772.jpg,Glaucoma,3
Eye Disease Image Dataset/Original Dataset/Original Dataset/Diabetic Retinopathy/DR1236.jpg,Diabetic Retinopathy,1
Eye Disease Image Dataset/Original Dataset/Original Dataset/Diabetic Retinopathy/DR950.jpg,Diabetic Retinopathy,1
Eye Disease Image Dataset/Original Dataset/Original Dataset/Retinitis Pigmentosa/Retinitis Pigmentosa103.jpg,Retinitis Pigmentosa,9
Eye Disease Image Dataset/Original Dataset/Original Dataset/Glaucoma/Glaucoma176.jpg,Glaucoma,3
Eye Disease Image Dataset/Original Dataset/Original Dataset/Glaucoma/Glaucoma1062.jpg,Glaucoma,3
Eye Disease Image Dataset/Original Dataset/Original Dataset/Glaucoma/Glaucoma116.jpg,Glaucoma,3
Eye Disease Image Dataset/Original Dataset/Original Dataset/Healthy/Healthy448.jpg,Healthy,4
Eye Disease Image Dataset/Original Dataset/Original Dataset/Diabetic Retinopathy/DR945.jpg,Diabetic Retinopathy,1
Eye Disease Image Dataset/Original Dataset/Original Dataset/Glaucoma/Glaucoma709.jpg,Glaucoma,3
Eye Disease Image Dataset/Original Dataset/Original Dataset/Macular Scar/Macular Scar436.jpg,Macular Scar,5
Eye Disease Image Dataset/Original Dataset/Original Dataset/Myopia/Myopia232.jpg,Myopia,6
Eye Disease Image Dataset/Original Dataset/Original Dataset/Glaucoma/Glaucoma851.jpg,Glaucoma,3
Eye Disease Image Dataset/Original Dataset/Original Dataset/Healthy/Healthy729.jpg,Healthy,4
Eye Disease Image Dataset/Original Dataset/Original Dataset/Diabetic Retinopathy/DR134.jpg,Diabetic Retinopathy,1
Eye Disease Image Dataset/Original Dataset/Original Dataset/Glaucoma/Glaucoma1318.jpg,Glaucoma,3
Eye Disease Image Dataset/Original Dataset/Original Dataset/Macular Scar/Macular Scar109.jpg,Macular Scar,5
Eye Disease Image Dataset/Original Dataset/Original Dataset/Healthy/Healthy136.jpg,Healthy,4
Eye Disease Image Dataset/Original Dataset/Original Dataset/Myopia/Myopia433.jpg,Myopia,6
Eye Disease Image Dataset/Original Dataset/Original Dataset/Healthy/Healthy50.jpg,Healthy,4
Eye Disease Image Dataset/Original Dataset/Original Dataset/Healthy/Healthy113.jpg,Healthy,4
Eye Disease Image Dataset/Original Dataset/Original Dataset/Glaucoma/Glaucoma803.jpg,Glaucoma,3
Eye Disease Image Dataset/Original Dataset/Original Dataset/Glaucoma/Glaucoma94.jpg,Glaucoma,3
Eye Disease Image Dataset/Original Dataset/Original Dataset/Diabetic Retinopathy/DR1126.jpg,Diabetic Retinopathy,1
Eye Disease Image Dataset/Original Dataset/Original Dataset/Central Serous Chorioretinopathy [Color Fundus]/CSCR55.jpg,Central Serous Chorioretinopathy [Color Fundus],0
Eye Disease Image Dataset/Original Dataset/Original Dataset/Retinal Detachment/Retinal Detachment34.jpg,Retinal Detachment,8
Eye Disease Image Dataset/Original Dataset/Original Dataset/Central Serous Chorioretinopathy [Color Fundus]/CSCR68.jpg,Central Serous Chorioretinopathy [Color Fundus],0
Eye Disease Image Dataset/Original Dataset/Original Dataset/Diabetic Retinopathy/DR1314.jpg,Diabetic Retinopathy,1
Eye Disease Image Dataset/Original Dataset/Original Dataset/Healthy/Healthy191.jpg,Healthy,4
Eye Disease Image Dataset/Original Dataset/Original Dataset/Myopia/Myopia337.jpg,Myopia,6
Eye Disease Image Dataset/Original Dataset/Original Dataset/Healthy/Healthy971.jpg,Healthy,4
Eye Disease Image Dataset/Original Dataset/Original Dataset/Diabetic Retinopathy/DR367.jpg,Diabetic Retinopathy,1
Eye Disease Image Dataset/Original Dataset/Original Dataset/Macular Scar/Macular Scar79.jpg,Macular Scar,5
Eye Disease Image Dataset/Original Dataset/Original Dataset/Glaucoma/Glaucoma1009.jpg,Glaucoma,3
Eye Disease Image Dataset/Original Dataset/Original Dataset/Glaucoma/Glaucoma488.jpg,Glaucoma,3
Eye Disease Image Dataset/Original Dataset/Original Dataset/Diabetic Retinopathy/DR1430.jpg,Diabetic Retinopathy,1
Eye Disease Image Dataset/Original Dataset/Original Dataset/Macular Scar/Macular Scar127.jpg,Macular Scar,5
Eye Disease Image Dataset/Original Dataset/Original Dataset/Glaucoma/Glaucoma139.jpg,Glaucoma,3
Eye Disease Image Dataset/Original Dataset/Original Dataset/Disc Edema/Disc Edema92.jpg,Disc Edema,2
Eye Disease Image Dataset/Original Dataset/Original Dataset/Glaucoma/Glaucoma1095.jpg,Glaucoma,3
Eye Disease Image Dataset/Original Dataset/Original Dataset/Diabetic Retinopathy/DR824.jpg,Diabetic Retinopathy,1
Eye Disease Image Dataset/Original Dataset/Original Dataset/Myopia/Myopia172.jpg,Myopia,6
Eye Disease Image Dataset/Original Dataset/Original Dataset/Diabetic Retinopathy/DR408.jpg,Diabetic Retinopathy,1
Eye Disease Image Dataset/Original Dataset/Original Dataset/Disc Edema/Disc Edema124.jpg,Disc Edema,2
Eye Disease Image Dataset/Original Dataset/Original Dataset/Central Serous Chorioretinopathy [Color Fundus]/CSCR101.jpg,Central Serous Chorioretinopathy [Color Fundus],0
Eye Disease Image Dataset/Original Dataset/Original Dataset/Diabetic Retinopathy/DR410.jpg,Diabetic Retinopathy,1
Eye Disease Image Dataset/Original Dataset/Original Dataset/Healthy/Healthy77.jpg,Healthy,4
Eye Disease Image Dataset/Original Dataset/Original Dataset/Central Serous Chorioretinopathy [Color Fundus]/CSCR3.jpg,Central Serous Chorioretinopathy [Color Fundus],0
Eye Disease Image Dataset/Original Dataset/Original Dataset/Healthy/Healthy378.jpg,Healthy,4
Eye Disease Image Dataset/Original Dataset/Original Dataset/Glaucoma/Glaucoma543.jpg,Glaucoma,3
Eye Disease Image Dataset/Original Dataset/Original Dataset/Glaucoma/Glaucoma50.jpg,Glaucoma,3
Eye Disease Image Dataset/Original Dataset/Original Dataset/Healthy/Healthy653.jpg,Healthy,4
Eye Disease Image Dataset/Original Dataset/Original Dataset/Myopia/Myopia402.jpg,Myopia,6
Eye Disease Image Dataset/Original Dataset/Original Dataset/Diabetic Retinopathy/DR355.jpg,Diabetic Retinopathy,1
Eye Disease Image Dataset/Original Dataset/Original Dataset/Healthy/Healthy171.jpg,Healthy,4
Eye Disease Image Dataset/Original Dataset/Original Dataset/Disc Edema/Disc Edema20.jpg,Disc Edema,2
Eye Disease Image Dataset/Original Dataset/Original Dataset/Diabetic Retinopathy/DR228.jpg,Diabetic Retinopathy,1
Eye Disease Image Dataset/Original Dataset/Original Dataset/Healthy/Healthy275.jpg,Healthy,4
Eye Disease Image Dataset/Original Dataset/Original Dataset/Healthy/Healthy903.jpg,Healthy,4
Eye Disease Image Dataset/Original Dataset/Original Dataset/Glaucoma/Glaucoma190.jpg,Glaucoma,3
Eye Disease Image Dataset/Original Dataset/Original Dataset/Diabetic Retinopathy/DR1120.jpg,Diabetic Retinopathy,1
Eye Disease Image Dataset/Original Dataset/Original Dataset/Healthy/Healthy563.jpg,Healthy,4
Eye Disease Image Dataset/Original Dataset/Original Dataset/Central Serous Chorioretinopathy [Color Fundus]/CSCR51.jpg,Central Serous Chorioretinopathy [Color Fundus],0
Eye Disease Image Dataset/Original Dataset/Original Dataset/Diabetic Retinopathy/DR18.jpg,Diabetic Retinopathy,1
Eye Disease Image Dataset/Original Dataset/Original Dataset/Macular Scar/Macular Scar97.jpg,Macular Scar,5
Eye Disease Image Dataset/Original Dataset/Original Dataset/Healthy/Healthy246.jpg,Healthy,4
Eye Disease Image Dataset/Original Dataset/Original Dataset/Diabetic Retinopathy/DR747.jpg,Diabetic Retinopathy,1
Eye Disease Image Dataset/Original Dataset/Original Dataset/Diabetic Retinopathy/DR1269.jpg,Diabetic Retinopathy,1
Eye Disease Image Dataset/Original Dataset/Original Dataset/Diabetic Retinopathy/DR1237.jpg,Diabetic Retinopathy,1
Eye Disease Image Dataset/Original Dataset/Original Dataset/Central Serous Chorioretinopathy [Color Fundus]/CSCR18.jpg,Central Serous Chorioretinopathy [Color Fundus],0
Eye Disease Image Dataset/Original Dataset/Original Dataset/Diabetic Retinopathy/DR537.jpg,Diabetic Retinopathy,1
Eye Disease Image Dataset/Original Dataset/Original Dataset/Diabetic Retinopathy/DR1451.jpg,Diabetic Retinopathy,1
Eye Disease Image Dataset/Original Dataset/Original Dataset/Macular Scar/Macular Scar66.jpg,Macular Scar,5
Eye Disease Image Dataset/Original Dataset/Original Dataset/Diabetic Retinopathy/DR1322.jpg,Diabetic Retinopathy,1
Eye Disease Image Dataset/Original Dataset/Original Dataset/Healthy/Healthy398.jpg,Healthy,4
Eye Disease Image Dataset/Original Dataset/Original Dataset/Glaucoma/Glaucoma670.jpg,Glaucoma,3
Eye Disease Image Dataset/Original Dataset/Original Dataset/Diabetic Retinopathy/DR859.jpg,Diabetic Retinopathy,1
Eye Disease Image Dataset/Original Dataset/Original Dataset/Diabetic Retinopathy/DR986.jpg,Diabetic Retinopathy,1
Eye Disease Image Dataset/Original Dataset/Original Dataset/Diabetic Retinopathy/DR700.jpg,Diabetic Retinopathy,1
Eye Disease Image Dataset/Original Dataset/Original Dataset/Glaucoma/Glaucoma29.jpg,Glaucoma,3
Eye Disease Image Dataset/Original Dataset/Original Dataset/Glaucoma/Glaucoma1268.jpg,Glaucoma,3
Eye Disease Image Dataset/Original Dataset/Original Dataset/Glaucoma/Glaucoma491.jpg,Glaucoma,3
Eye Disease Image Dataset/Original Dataset/Original Dataset/Glaucoma/Glaucoma1248.jpg,Glaucoma,3
Eye Disease Image Dataset/Original Dataset/Original Dataset/Healthy/Healthy649.jpg,Healthy,4
Eye Disease Image Dataset/Original Dataset/Original Dataset/Retinal Detachment/Retinal Detachment91.jpg,Retinal Detachment,8
Eye Disease Image Dataset/Original Dataset/Original Dataset/Disc Edema/Disc Edema104.jpg,Disc Edema,2
Eye Disease Image Dataset/Original Dataset/Original Dataset/Healthy/Healthy764.jpg,Healthy,4
Eye Disease Image Dataset/Original Dataset/Original Dataset/Pterygium/Pterygium3.jpg,Pterygium,7
Eye Disease Image Dataset/Original Dataset/Original Dataset/Glaucoma/Glaucoma163.jpg,Glaucoma,3
Eye Disease Image Dataset/Original Dataset/Original Dataset/Diabetic Retinopathy/DR1472.jpg,Diabetic Retinopathy,1
Eye Disease Image Dataset/Original Dataset/Original Dataset/Myopia/Myopia441.jpg,Myopia,6
Eye Disease Image Dataset/Original Dataset/Original Dataset/Healthy/Healthy436.jpg,Healthy,4
Eye Disease Image Dataset/Original Dataset/Original Dataset/Healthy/Healthy711.jpg,Healthy,4
Eye Disease Image Dataset/Original Dataset/Original Dataset/Healthy/Healthy815.jpg,Healthy,4
Eye Disease Image Dataset/Original Dataset/Original Dataset/Healthy/Healthy426.jpg,Healthy,4
Eye Disease Image Dataset/Original Dataset/Original Dataset/Diabetic Retinopathy/DR1382.jpg,Diabetic Retinopathy,1
Eye Disease Image Dataset/Original Dataset/Original Dataset/Diabetic Retinopathy/DR1109.jpg,Diabetic Retinopathy,1
Eye Disease Image Dataset/Original Dataset/Original Dataset/Glaucoma/Glaucoma360.jpg,Glaucoma,3
Eye Disease Image Dataset/Original Dataset/Original Dataset/Macular Scar/Macular Scar161.jpg,Macular Scar,5
Eye Disease Image Dataset/Original Dataset/Original Dataset/Myopia/Myopia98.jpg,Myopia,6
Eye Disease Image Dataset/Original Dataset/Original Dataset/Myopia/Myopia24.jpg,Myopia,6
Eye Disease Image Dataset/Original Dataset/Original Dataset/Myopia/Myopia323.jpg,Myopia,6
Eye Disease Image Dataset/Original Dataset/Original Dataset/Macular Scar/Macular Scar413.jpg,Macular Scar,5
Eye Disease Image Dataset/Original Dataset/Original Dataset/Myopia/Myopia485.jpg,Myopia,6
Eye Disease Image Dataset/Original Dataset/Original Dataset/Glaucoma/Glaucoma560.jpg,Glaucoma,3
Eye Disease Image Dataset/Original Dataset/Original Dataset/Retinal Detachment/Retinal Detachment64.jpg,Retinal Detachment,8
Eye Disease Image Dataset/Original Dataset/Original Dataset/Glaucoma/Glaucoma691.jpg,Glaucoma,3
Eye Disease Image Dataset/Original Dataset/Original Dataset/Healthy/Healthy873.jpg,Healthy,4
Eye Disease Image Dataset/Original Dataset/Original Dataset/Diabetic Retinopathy/DR52.jpg,Diabetic Retinopathy,1
Eye Disease Image Dataset/Original Dataset/Original Dataset/Diabetic Retinopathy/DR557.jpg,Diabetic Retinopathy,1
Eye Disease Image Dataset/Original Dataset/Original Dataset/Diabetic Retinopathy/DR872.jpg,Diabetic Retinopathy,1
Eye Disease Image Dataset/Original Dataset/Original Dataset/Diabetic Retinopathy/DR395.jpg,Diabetic Retinopathy,1
Eye Disease Image Dataset/Original Dataset/Original Dataset/Diabetic Retinopathy/DR107.jpg,Diabetic Retinopathy,1
Eye Disease Image Dataset/Original Dataset/Original Dataset/Glaucoma/Glaucoma1211.jpg,Glaucoma,3
Eye Disease Image Dataset/Original Dataset/Original Dataset/Glaucoma/Glaucoma595.jpg,Glaucoma,3
Eye Disease Image Dataset/Original Dataset/Original Dataset/Glaucoma/Glaucoma1343.jpg,Glaucoma,3
Eye Disease Image Dataset/Original Dataset/Original Dataset/Diabetic Retinopathy/DR188.jpg,Diabetic Retinopathy,1
Eye Disease Image Dataset/Original Dataset/Original Dataset/Myopia/Myopia4.jpg,Myopia,6
Eye Disease Image Dataset/Original Dataset/Original Dataset/Healthy/Healthy216.jpg,Healthy,4
Eye Disease Image Dataset/Original Dataset/Original Dataset/Macular Scar/Macular Scar284.jpg,Macular Scar,5
Eye Disease Image Dataset/Original Dataset/Original Dataset/Myopia/Myopia322.jpg,Myopia,6
Eye Disease Image Dataset/Original Dataset/Original Dataset/Retinitis Pigmentosa/Retinitis Pigmentosa95.jpg,Retinitis Pigmentosa,9
Eye Disease Image Dataset/Original Dataset/Original Dataset/Diabetic Retinopathy/DR1204.jpg,Diabetic Retinopathy,1
Eye Disease Image Dataset/Original Dataset/Original Dataset/Diabetic Retinopathy/DR608.jpg,Diabetic Retinopathy,1
Eye Disease Image Dataset/Original Dataset/Original Dataset/Healthy/Healthy657.jpg,Healthy,4
Eye Disease Image Dataset/Original Dataset/Original Dataset/Glaucoma/Glaucoma1067.jpg,Glaucoma,3
Eye Disease Image Dataset/Original Dataset/Original Dataset/Macular Scar/Macular Scar121.jpg,Macular Scar,5
Eye Disease Image Dataset/Original Dataset/Original Dataset/Healthy/Healthy789.jpg,Healthy,4
Eye Disease Image Dataset/Original Dataset/Original Dataset/Glaucoma/Glaucoma1346.jpg,Glaucoma,3
Eye Disease Image Dataset/Original Dataset/Original Dataset/Glaucoma/Glaucoma246.jpg,Glaucoma,3
Eye Disease Image Dataset/Original Dataset/Original Dataset/Glaucoma/Glaucoma681.jpg,Glaucoma,3
Eye Disease Image Dataset/Original Dataset/Original Dataset/Diabetic Retinopathy/DR306.jpg,Diabetic Retinopathy,1
Eye Disease Image Dataset/Original Dataset/Original Dataset/Central Serous Chorioretinopathy [Color Fundus]/CSCR94.jpg,Central Serous Chorioretinopathy [Color Fundus],0
Eye Disease Image Dataset/Original Dataset/Original Dataset/Healthy/Healthy307.jpg,Healthy,4
Eye Disease Image Dataset/Original Dataset/Original Dataset/Diabetic Retinopathy/DR880.jpg,Diabetic Retinopathy,1
Eye Disease Image Dataset/Original Dataset/Original Dataset/Glaucoma/Glaucoma396.jpg,Glaucoma,3
Eye Disease Image Dataset/Original Dataset/Original Dataset/Glaucoma/Glaucoma289.jpg,Glaucoma,3
Eye Disease Image Dataset/Original Dataset/Original Dataset/Myopia/Myopia390.jpg,Myopia,6
Eye Disease Image Dataset/Original Dataset/Original Dataset/Glaucoma/Glaucoma1293.jpg,Glaucoma,3
Eye Disease Image Dataset/Original Dataset/Original Dataset/Diabetic Retinopathy/DR1192.jpg,Diabetic Retinopathy,1
Eye Disease Image Dataset/Original Dataset/Original Dataset/Healthy/Healthy485.jpg,Healthy,4
Eye Disease Image Dataset/Original Dataset/Original Dataset/Myopia/Myopia241.jpg,Myopia,6
Eye Disease Image Dataset/Original Dataset/Original Dataset/Diabetic Retinopathy/DR937.jpg,Diabetic Retinopathy,1
Eye Disease Image Dataset/Original Dataset/Original Dataset/Glaucoma/Glaucoma117.jpg,Glaucoma,3
Eye Disease Image Dataset/Original Dataset/Original Dataset/Diabetic Retinopathy/DR1143.jpg,Diabetic Retinopathy,1
Eye Disease Image Dataset/Original Dataset/Original Dataset/Diabetic Retinopathy/DR193.jpg,Diabetic Retinopathy,1
Eye Disease Image Dataset/Original Dataset/Original Dataset/Diabetic Retinopathy/DR1481.jpg,Diabetic Retinopathy,1
Eye Disease Image Dataset/Original Dataset/Original Dataset/Healthy/Healthy995.jpg,Healthy,4
Eye Disease Image Dataset/Original Dataset/Original Dataset/Myopia/Myopia460.jpg,Myopia,6
Eye Disease Image Dataset/Original Dataset/Original Dataset/Healthy/Healthy403.jpg,Healthy,4
Eye Disease Image Dataset/Original Dataset/Original Dataset/Diabetic Retinopathy/DR315.jpg,Diabetic Retinopathy,1
Eye Disease Image Dataset/Original Dataset/Original Dataset/Diabetic Retinopathy/DR1410.jpg,Diabetic Retinopathy,1
Eye Disease Image Dataset/Original Dataset/Original Dataset/Glaucoma/Glaucoma951.jpg,Glaucoma,3
Eye Disease Image Dataset/Original Dataset/Original Dataset/Diabetic Retinopathy/DR181.jpg,Diabetic Retinopathy,1
Eye Disease Image Dataset/Original Dataset/Original Dataset/Glaucoma/Glaucoma894.jpg,Glaucoma,3
Eye Disease Image Dataset/Original Dataset/Original Dataset/Healthy/Healthy761.jpg,Healthy,4
Eye Disease Image Dataset/Original Dataset/Original Dataset/Glaucoma/Glaucoma1348.jpg,Glaucoma,3
Eye Disease Image Dataset/Original Dataset/Original Dataset/Healthy/Healthy120.jpg,Healthy,4
Eye Disease Image Dataset/Original Dataset/Original Dataset/Glaucoma/Glaucoma512.jpg,Glaucoma,3
Eye Disease Image Dataset/Original Dataset/Original Dataset/Healthy/Healthy540.jpg,Healthy,4
Eye Disease Image Dataset/Original Dataset/Original Dataset/Myopia/Myopia304.jpg,Myopia,6
Eye Disease Image Dataset/Original Dataset/Original Dataset/Glaucoma/Glaucoma344.jpg,Glaucoma,3
Eye Disease Image Dataset/Original Dataset/Original Dataset/Myopia/Myopia104.jpg,Myopia,6
Eye Disease Image Dataset/Original Dataset/Original Dataset/Glaucoma/Glaucoma119.jpg,Glaucoma,3
Eye Disease Image Dataset/Original Dataset/Original Dataset/Glaucoma/Glaucoma1275.jpg,Glaucoma,3
Eye Disease Image Dataset/Original Dataset/Original Dataset/Glaucoma/Glaucoma159.jpg,Glaucoma,3
Eye Disease Image Dataset/Original Dataset/Original Dataset/Diabetic Retinopathy/DR869.jpg,Diabetic Retinopathy,1
Eye Disease Image Dataset/Original Dataset/Original Dataset/Myopia/Myopia200.jpg,Myopia,6
Eye Disease Image Dataset/Original Dataset/Original Dataset/Glaucoma/Glaucoma572.jpg,Glaucoma,3
Eye Disease Image Dataset/Original Dataset/Original Dataset/Glaucoma/Glaucoma686.jpg,Glaucoma,3
Eye Disease Image Dataset/Original Dataset/Original Dataset/Macular Scar/Macular Scar275.jpg,Macular Scar,5
Eye Disease Image Dataset/Original Dataset/Original Dataset/Glaucoma/Glaucoma149.jpg,Glaucoma,3
Eye Disease Image Dataset/Original Dataset/Original Dataset/Healthy/Healthy434.jpg,Healthy,4
Eye Disease Image Dataset/Original Dataset/Original Dataset/Retinitis Pigmentosa/Retinitis Pigmentosa75.jpg,Retinitis Pigmentosa,9
Eye Disease Image Dataset/Original Dataset/Original Dataset/Retinal Detachment/Retinal Detachment62.jpg,Retinal Detachment,8
Eye Disease Image Dataset/Original Dataset/Original Dataset/Myopia/Myopia256.jpg,Myopia,6
Eye Disease Image Dataset/Original Dataset/Original Dataset/Glaucoma/Glaucoma1027.jpg,Glaucoma,3
Eye Disease Image Dataset/Original Dataset/Original Dataset/Glaucoma/Glaucoma729.jpg,Glaucoma,3
Eye Disease Image Dataset/Original Dataset/Original Dataset/Glaucoma/Glaucoma624.jpg,Glaucoma,3
Eye Disease Image Dataset/Original Dataset/Original Dataset/Macular Scar/Macular Scar195.jpg,Macular Scar,5
Eye Disease Image Dataset/Original Dataset/Original Dataset/Healthy/Healthy701.jpg,Healthy,4
Eye Disease Image Dataset/Original Dataset/Original Dataset/Myopia/Myopia66.jpg,Myopia,6
Eye Disease Image Dataset/Original Dataset/Original Dataset/Diabetic Retinopathy/DR741.jpg,Diabetic Retinopathy,1
Eye Disease Image Dataset/Original Dataset/Original Dataset/Disc Edema/Disc Edema24.jpg,Disc Edema,2
Eye Disease Image Dataset/Original Dataset/Original Dataset/Diabetic Retinopathy/DR1474.jpg,Diabetic Retinopathy,1
Eye Disease Image Dataset/Original Dataset/Original Dataset/Glaucoma/Glaucoma528.jpg,Glaucoma,3
Eye Disease Image Dataset/Original Dataset/Original Dataset/Diabetic Retinopathy/DR760.jpg,Diabetic Retinopathy,1
Eye Disease Image Dataset/Original Dataset/Original Dataset/Central Serous Chorioretinopathy [Color Fundus]/CSCR29.jpg,Central Serous Chorioretinopathy [Color Fundus],0
Eye Disease Image Dataset/Original Dataset/Original Dataset/Healthy/Healthy872.jpg,Healthy,4
Eye Disease Image Dataset/Original Dataset/Original Dataset/Healthy/Healthy617.jpg,Healthy,4
Eye Disease Image Dataset/Original Dataset/Original Dataset/Macular Scar/Macular Scar365.jpg,Macular Scar,5
Eye Disease Image Dataset/Original Dataset/Original Dataset/Retinitis Pigmentosa/Retinitis Pigmentosa29.jpg,Retinitis Pigmentosa,9
Eye Disease Image Dataset/Original Dataset/Original Dataset/Diabetic Retinopathy/DR1085.jpg,Diabetic Retinopathy,1
Eye Disease Image Dataset/Original Dataset/Original Dataset/Glaucoma/Glaucoma1190.jpg,Glaucoma,3
Eye Disease Image Dataset/Original Dataset/Original Dataset/Healthy/Healthy222.jpg,Healthy,4
Eye Disease Image Dataset/Original Dataset/Original Dataset/Glaucoma/Glaucoma328.jpg,Glaucoma,3
Eye Disease Image Dataset/Original Dataset/Original Dataset/Diabetic Retinopathy/DR631.jpg,Diabetic Retinopathy,1
Eye Disease Image Dataset/Original Dataset/Original Dataset/Myopia/Myopia70.jpg,Myopia,6
Eye Disease Image Dataset/Original Dataset/Original Dataset/Glaucoma/Glaucoma561.jpg,Glaucoma,3
Eye Disease Image Dataset/Original Dataset/Original Dataset/Healthy/Healthy431.jpg,Healthy,4
Eye Disease Image Dataset/Original Dataset/Original Dataset/Glaucoma/Glaucoma477.jpg,Glaucoma,3
Eye Disease Image Dataset/Original Dataset/Original Dataset/Glaucoma/Glaucoma994.jpg,Glaucoma,3
Eye Disease Image Dataset/Original Dataset/Original Dataset/Diabetic Retinopathy/DR1407.jpg,Diabetic Retinopathy,1
Eye Disease Image Dataset/Original Dataset/Original Dataset/Diabetic Retinopathy/DR1507.jpg,Diabetic Retinopathy,1
Eye Disease Image Dataset/Original Dataset/Original Dataset/Healthy/Healthy772.jpg,Healthy,4
Eye Disease Image Dataset/Original Dataset/Original Dataset/Myopia/Myopia360.jpg,Myopia,6
Eye Disease Image Dataset/Original Dataset/Original Dataset/Retinitis Pigmentosa/Retinitis Pigmentosa67.jpg,Retinitis Pigmentosa,9
Eye Disease Image Dataset/Original Dataset/Original Dataset/Retinal Detachment/Retinal Detachment28.jpg,Retinal Detachment,8
Eye Disease Image Dataset/Original Dataset/Original Dataset/Central Serous Chorioretinopathy [Color Fundus]/CSCR34.jpg,Central Serous Chorioretinopathy [Color Fundus],0
Eye Disease Image Dataset/Original Dataset/Original Dataset/Diabetic Retinopathy/DR954.jpg,Diabetic Retinopathy,1
Eye Disease Image Dataset/Original Dataset/Original Dataset/Macular Scar/Macular Scar444.jpg,Macular Scar,5
Eye Disease Image Dataset/Original Dataset/Original Dataset/Diabetic Retinopathy/DR841.jpg,Diabetic Retinopathy,1
Eye Disease Image Dataset/Original Dataset/Original Dataset/Macular Scar/Macular Scar218.jpg,Macular Scar,5
Eye Disease Image Dataset/Original Dataset/Original Dataset/Healthy/Healthy223.jpg,Healthy,4
Eye Disease Image Dataset/Original Dataset/Original Dataset/Healthy/Healthy476.jpg,Healthy,4
Eye Disease Image Dataset/Original Dataset/Original Dataset/Myopia/Myopia73.jpg,Myopia,6
Eye Disease Image Dataset/Original Dataset/Original Dataset/Diabetic Retinopathy/DR311.jpg,Diabetic Retinopathy,1
Eye Disease Image Dataset/Original Dataset/Original Dataset/Diabetic Retinopathy/DR543.jpg,Diabetic Retinopathy,1
Eye Disease Image Dataset/Original Dataset/Original Dataset/Disc Edema/Disc Edema106.jpg,Disc Edema,2
Eye Disease Image Dataset/Original Dataset/Original Dataset/Macular Scar/Macular Scar116.jpg,Macular Scar,5
Eye Disease Image Dataset/Original Dataset/Original Dataset/Myopia/Myopia353.jpg,Myopia,6
Eye Disease Image Dataset/Original Dataset/Original Dataset/Glaucoma/Glaucoma784.jpg,Glaucoma,3
Eye Disease Image Dataset/Original Dataset/Original Dataset/Diabetic Retinopathy/DR401.jpg,Diabetic Retinopathy,1
Eye Disease Image Dataset/Original Dataset/Original Dataset/Diabetic Retinopathy/DR1492.jpg,Diabetic Retinopathy,1
Eye Disease Image Dataset/Original Dataset/Original Dataset/Diabetic Retinopathy/DR221.jpg,Diabetic Retinopathy,1
Eye Disease Image Dataset/Original Dataset/Original Dataset/Diabetic Retinopathy/DR1147.jpg,Diabetic Retinopathy,1
Eye Disease Image Dataset/Original Dataset/Original Dataset/Diabetic Retinopathy/DR370.jpg,Diabetic Retinopathy,1
Eye Disease Image Dataset/Original Dataset/Original Dataset/Healthy/Healthy833.jpg,Healthy,4
Eye Disease Image Dataset/Original Dataset/Original Dataset/Glaucoma/Glaucoma786.jpg,Glaucoma,3
Eye Disease Image Dataset/Original Dataset/Original Dataset/Retinal Detachment/Retinal Detachment77.jpg,Retinal Detachment,8
Eye Disease Image Dataset/Original Dataset/Original Dataset/Healthy/Healthy271.jpg,Healthy,4
Eye Disease Image Dataset/Original Dataset/Original Dataset/Macular Scar/Macular Scar347.jpg,Macular Scar,5
Eye Disease Image Dataset/Original Dataset/Original Dataset/Macular Scar/Macular Scar260.jpg,Macular Scar,5
Eye Disease Image Dataset/Original Dataset/Original Dataset/Glaucoma/Glaucoma864.jpg,Glaucoma,3
Eye Disease Image Dataset/Original Dataset/Original Dataset/Glaucoma/Glaucoma487.jpg,Glaucoma,3
Eye Disease Image Dataset/Original Dataset/Original Dataset/Healthy/Healthy164.jpg,Healthy,4
Eye Disease Image Dataset/Original Dataset/Original Dataset/Diabetic Retinopathy/DR579.jpg,Diabetic Retinopathy,1
Eye Disease Image Dataset/Original Dataset/Original Dataset/Diabetic Retinopathy/DR563.jpg,Diabetic Retinopathy,1
Eye Disease Image Dataset/Original Dataset/Original Dataset/Diabetic Retinopathy/DR1107.jpg,Diabetic Retinopathy,1
Eye Disease Image Dataset/Original Dataset/Original Dataset/Diabetic Retinopathy/DR233.jpg,Diabetic Retinopathy,1
Eye Disease Image Dataset/Original Dataset/Original Dataset/Myopia/Myopia72.jpg,Myopia,6
Eye Disease Image Dataset/Original Dataset/Original Dataset/Diabetic Retinopathy/DR516.jpg,Diabetic Retinopathy,1
Eye Disease Image Dataset/Original Dataset/Original Dataset/Glaucoma/Glaucoma395.jpg,Glaucoma,3
Eye Disease Image Dataset/Original Dataset/Original Dataset/Glaucoma/Glaucoma583.jpg,Glaucoma,3
Eye Disease Image Dataset/Original Dataset/Original Dataset/Diabetic Retinopathy/DR1260.jpg,Diabetic Retinopathy,1
Eye Disease Image Dataset/Original Dataset/Original Dataset/Diabetic Retinopathy/DR173.jpg,Diabetic Retinopathy,1
Eye Disease Image Dataset/Original Dataset/Original Dataset/Macular Scar/Macular Scar244.jpg,Macular Scar,5
Eye Disease Image Dataset/Original Dataset/Original Dataset/Glaucoma/Glaucoma1192.jpg,Glaucoma,3
Eye Disease Image Dataset/Original Dataset/Original Dataset/Macular Scar/Macular Scar196.jpg,Macular Scar,5
Eye Disease Image Dataset/Original Dataset/Original Dataset/Glaucoma/Glaucoma1043.jpg,Glaucoma,3
Eye Disease Image Dataset/Original Dataset/Original Dataset/Myopia/Myopia60.jpg,Myopia,6
Eye Disease Image Dataset/Original Dataset/Original Dataset/Healthy/Healthy413.jpg,Healthy,4
Eye Disease Image Dataset/Original Dataset/Original Dataset/Myopia/Myopia42.jpg,Myopia,6
Eye Disease Image Dataset/Original Dataset/Original Dataset/Diabetic Retinopathy/DR1469.jpg,Diabetic Retinopathy,1
Eye Disease Image Dataset/Original Dataset/Original Dataset/Healthy/Healthy936.jpg,Healthy,4
Eye Disease Image Dataset/Original Dataset/Original Dataset/Macular Scar/Macular Scar357.jpg,Macular Scar,5
Eye Disease Image Dataset/Original Dataset/Original Dataset/Healthy/Healthy591.jpg,Healthy,4
Eye Disease Image Dataset/Original Dataset/Original Dataset/Diabetic Retinopathy/DR420.jpg,Diabetic Retinopathy,1
Eye Disease Image Dataset/Original Dataset/Original Dataset/Myopia/Myopia236.jpg,Myopia,6
Eye Disease Image Dataset/Original Dataset/Original Dataset/Diabetic Retinopathy/DR1099.jpg,Diabetic Retinopathy,1
Eye Disease Image Dataset/Original Dataset/Original Dataset/Macular Scar/Macular Scar199.jpg,Macular Scar,5
Eye Disease Image Dataset/Original Dataset/Original Dataset/Glaucoma/Glaucoma809.jpg,Glaucoma,3
Eye Disease Image Dataset/Original Dataset/Original Dataset/Glaucoma/Glaucoma333.jpg,Glaucoma,3
Eye Disease Image Dataset/Original Dataset/Original Dataset/Diabetic Retinopathy/DR739.jpg,Diabetic Retinopathy,1
Eye Disease Image Dataset/Original Dataset/Original Dataset/Myopia/Myopia163.jpg,Myopia,6
Eye Disease Image Dataset/Original Dataset/Original Dataset/Healthy/Healthy846.jpg,Healthy,4
Eye Disease Image Dataset/Original Dataset/Original Dataset/Diabetic Retinopathy/DR307.jpg,Diabetic Retinopathy,1
Eye Disease Image Dataset/Original Dataset/Original Dataset/Central Serous Chorioretinopathy [Color Fundus]/CSCR80.jpg,Central Serous Chorioretinopathy [Color Fundus],0
Eye Disease Image Dataset/Original Dataset/Original Dataset/Glaucoma/Glaucoma145.jpg,Glaucoma,3
Eye Disease Image Dataset/Original Dataset/Original Dataset/Central Serous Chorioretinopathy [Color Fundus]/CSCR35.jpg,Central Serous Chorioretinopathy [Color Fundus],0
Eye Disease Image Dataset/Original Dataset/Original Dataset/Diabetic Retinopathy/DR1437.jpg,Diabetic Retinopathy,1
Eye Disease Image Dataset/Original Dataset/Original Dataset/Diabetic Retinopathy/DR7.jpg,Diabetic Retinopathy,1
Eye Disease Image Dataset/Original Dataset/Original Dataset/Healthy/Healthy569.jpg,Healthy,4
Eye Disease Image Dataset/Original Dataset/Original Dataset/Retinal Detachment/Retinal Detachment31.jpg,Retinal Detachment,8
Eye Disease Image Dataset/Original Dataset/Original Dataset/Myopia/Myopia53.jpg,Myopia,6
Eye Disease Image Dataset/Original Dataset/Original Dataset/Glaucoma/Glaucoma1312.jpg,Glaucoma,3
Eye Disease Image Dataset/Original Dataset/Original Dataset/Diabetic Retinopathy/DR50.jpg,Diabetic Retinopathy,1
Eye Disease Image Dataset/Original Dataset/Original Dataset/Healthy/Healthy21.jpg,Healthy,4
Eye Disease Image Dataset/Original Dataset/Original Dataset/Healthy/Healthy331.jpg,Healthy,4
Eye Disease Image Dataset/Original Dataset/Original Dataset/Diabetic Retinopathy/DR116.jpg,Diabetic Retinopathy,1
Eye Disease Image Dataset/Original Dataset/Original Dataset/Retinitis Pigmentosa/Retinitis Pigmentosa11.jpg,Retinitis Pigmentosa,9
Eye Disease Image Dataset/Original Dataset/Original Dataset/Diabetic Retinopathy/DR269.jpg,Diabetic Retinopathy,1
Eye Disease Image Dataset/Original Dataset/Original Dataset/Healthy/Healthy296.jpg,Healthy,4
Eye Disease Image Dataset/Original Dataset/Original Dataset/Glaucoma/Glaucoma928.jpg,Glaucoma,3
Eye Disease Image Dataset/Original Dataset/Original Dataset/Diabetic Retinopathy/DR831.jpg,Diabetic Retinopathy,1
Eye Disease Image Dataset/Original Dataset/Original Dataset/Disc Edema/Disc Edema98.jpg,Disc Edema,2
Eye Disease Image Dataset/Original Dataset/Original Dataset/Myopia/Myopia162.jpg,Myopia,6
Eye Disease Image Dataset/Original Dataset/Original Dataset/Diabetic Retinopathy/DR142.jpg,Diabetic Retinopathy,1
Eye Disease Image Dataset/Original Dataset/Original Dataset/Glaucoma/Glaucoma393.jpg,Glaucoma,3
Eye Disease Image Dataset/Original Dataset/Original Dataset/Glaucoma/Glaucoma718.jpg,Glaucoma,3
Eye Disease Image Dataset/Original Dataset/Original Dataset/Healthy/Healthy793.jpg,Healthy,4
Eye Disease Image Dataset/Original Dataset/Original Dataset/Macular Scar/Macular Scar58.jpg,Macular Scar,5
Eye Disease Image Dataset/Original Dataset/Original Dataset/Glaucoma/Glaucoma1044.jpg,Glaucoma,3
Eye Disease Image Dataset/Original Dataset/Original Dataset/Healthy/Healthy308.jpg,Healthy,4
Eye Disease Image Dataset/Original Dataset/Original Dataset/Macular Scar/Macular Scar380.jpg,Macular Scar,5
Eye Disease Image Dataset/Original Dataset/Original Dataset/Glaucoma/Glaucoma719.jpg,Glaucoma,3
Eye Disease Image Dataset/Original Dataset/Original Dataset/Myopia/Myopia484.jpg,Myopia,6
Eye Disease Image Dataset/Original Dataset/Original Dataset/Glaucoma/Glaucoma930.jpg,Glaucoma,3
Eye Disease Image Dataset/Original Dataset/Original Dataset/Diabetic Retinopathy/DR458.jpg,Diabetic Retinopathy,1
Eye Disease Image Dataset/Original Dataset/Original Dataset/Diabetic Retinopathy/DR241.jpg,Diabetic Retinopathy,1
Eye Disease Image Dataset/Original Dataset/Original Dataset/Diabetic Retinopathy/DR40.jpg,Diabetic Retinopathy,1
Eye Disease Image Dataset/Original Dataset/Original Dataset/Healthy/Healthy276.jpg,Healthy,4
Eye Disease Image Dataset/Original Dataset/Original Dataset/Diabetic Retinopathy/DR785.jpg,Diabetic Retinopathy,1
Eye Disease Image Dataset/Original Dataset/Original Dataset/Retinal Detachment/Retinal Detachment122.jpg,Retinal Detachment,8
Eye Disease Image Dataset/Original Dataset/Original Dataset/Myopia/Myopia123.jpg,Myopia,6
Eye Disease Image Dataset/Original Dataset/Original Dataset/Macular Scar/Macular Scar239.jpg,Macular Scar,5
Eye Disease Image Dataset/Original Dataset/Original Dataset/Diabetic Retinopathy/DR647.jpg,Diabetic Retinopathy,1
Eye Disease Image Dataset/Original Dataset/Original Dataset/Diabetic Retinopathy/DR800.jpg,Diabetic Retinopathy,1
Eye Disease Image Dataset/Original Dataset/Original Dataset/Macular Scar/Macular Scar74.jpg,Macular Scar,5
Eye Disease Image Dataset/Original Dataset/Original Dataset/Diabetic Retinopathy/DR1497.jpg,Diabetic Retinopathy,1
Eye Disease Image Dataset/Original Dataset/Original Dataset/Glaucoma/Glaucoma957.jpg,Glaucoma,3
Eye Disease Image Dataset/Original Dataset/Original Dataset/Glaucoma/Glaucoma1006.jpg,Glaucoma,3
Eye Disease Image Dataset/Original Dataset/Original Dataset/Glaucoma/Glaucoma1008.jpg,Glaucoma,3
Eye Disease Image Dataset/Original Dataset/Original Dataset/Diabetic Retinopathy/DR468.jpg,Diabetic Retinopathy,1
Eye Disease Image Dataset/Original Dataset/Original Dataset/Diabetic Retinopathy/DR643.jpg,Diabetic Retinopathy,1
Eye Disease Image Dataset/Original Dataset/Original Dataset/Healthy/Healthy643.jpg,Healthy,4
Eye Disease Image Dataset/Original Dataset/Original Dataset/Diabetic Retinopathy/DR989.jpg,Diabetic Retinopathy,1
Eye Disease Image Dataset/Original Dataset/Original Dataset/Healthy/Healthy770.jpg,Healthy,4
Eye Disease Image Dataset/Original Dataset/Original Dataset/Myopia/Myopia74.jpg,Myopia,6
Eye Disease Image Dataset/Original Dataset/Original Dataset/Myopia/Myopia88.jpg,Myopia,6
Eye Disease Image Dataset/Original Dataset/Original Dataset/Macular Scar/Macular Scar210.jpg,Macular Scar,5
Eye Disease Image Dataset/Original Dataset/Original Dataset/Diabetic Retinopathy/DR1453.jpg,Diabetic Retinopathy,1
Eye Disease Image Dataset/Original Dataset/Original Dataset/Diabetic Retinopathy/DR1173.jpg,Diabetic Retinopathy,1
Eye Disease Image Dataset/Original Dataset/Original Dataset/Myopia/Myopia355.jpg,Myopia,6
Eye Disease Image Dataset/Original Dataset/Original Dataset/Diabetic Retinopathy/DR224.jpg,Diabetic Retinopathy,1
Eye Disease Image Dataset/Original Dataset/Original Dataset/Myopia/Myopia240.jpg,Myopia,6
Eye Disease Image Dataset/Original Dataset/Original Dataset/Diabetic Retinopathy/DR259.jpg,Diabetic Retinopathy,1
Eye Disease Image Dataset/Original Dataset/Original Dataset/Healthy/Healthy901.jpg,Healthy,4
Eye Disease Image Dataset/Original Dataset/Original Dataset/Healthy/Healthy175.jpg,Healthy,4
Eye Disease Image Dataset/Original Dataset/Original Dataset/Macular Scar/Macular Scar424.jpg,Macular Scar,5
Eye Disease Image Dataset/Original Dataset/Original Dataset/Diabetic Retinopathy/DR246.jpg,Diabetic Retinopathy,1
Eye Disease Image Dataset/Original Dataset/Original Dataset/Healthy/Healthy438.jpg,Healthy,4
Eye Disease Image Dataset/Original Dataset/Original Dataset/Healthy/Healthy819.jpg,Healthy,4
Eye Disease Image Dataset/Original Dataset/Original Dataset/Retinitis Pigmentosa/Retinitis Pigmentosa28.jpg,Retinitis Pigmentosa,9
Eye Disease Image Dataset/Original Dataset/Original Dataset/Diabetic Retinopathy/DR924.jpg,Diabetic Retinopathy,1
Eye Disease Image Dataset/Original Dataset/Original Dataset/Glaucoma/Glaucoma1182.jpg,Glaucoma,3
Eye Disease Image Dataset/Original Dataset/Original Dataset/Myopia/Myopia96.jpg,Myopia,6
Eye Disease Image Dataset/Original Dataset/Original Dataset/Central Serous Chorioretinopathy [Color Fundus]/CSCR33.jpg,Central Serous Chorioretinopathy [Color Fundus],0
Eye Disease Image Dataset/Original Dataset/Original Dataset/Diabetic Retinopathy/DR1521.jpg,Diabetic Retinopathy,1
Eye Disease Image Dataset/Original Dataset/Original Dataset/Central Serous Chorioretinopathy [Color Fundus]/CSCR30.jpg,Central Serous Chorioretinopathy [Color Fundus],0
Eye Disease Image Dataset/Original Dataset/Original Dataset/Healthy/Healthy937.jpg,Healthy,4
Eye Disease Image Dataset/Original Dataset/Original Dataset/Glaucoma/Glaucoma215.jpg,Glaucoma,3
Eye Disease Image Dataset/Original Dataset/Original Dataset/Myopia/Myopia414.jpg,Myopia,6
Eye Disease Image Dataset/Original Dataset/Original Dataset/Glaucoma/Glaucoma422.jpg,Glaucoma,3
Eye Disease Image Dataset/Original Dataset/Original Dataset/Glaucoma/Glaucoma724.jpg,Glaucoma,3
Eye Disease Image Dataset/Original Dataset/Original Dataset/Myopia/Myopia287.jpg,Myopia,6
Eye Disease Image Dataset/Original Dataset/Original Dataset/Myopia/Myopia278.jpg,Myopia,6
Eye Disease Image Dataset/Original Dataset/Original Dataset/Diabetic Retinopathy/DR495.jpg,Diabetic Retinopathy,1
Eye Disease Image Dataset/Original Dataset/Original Dataset/Myopia/Myopia497.jpg,Myopia,6
Eye Disease Image Dataset/Original Dataset/Original Dataset/Healthy/Healthy1022.jpg,Healthy,4
Eye Disease Image Dataset/Original Dataset/Original Dataset/Diabetic Retinopathy/DR961.jpg,Diabetic Retinopathy,1
Eye Disease Image Dataset/Original Dataset/Original Dataset/Healthy/Healthy304.jpg,Healthy,4
Eye Disease Image Dataset/Original Dataset/Original Dataset/Healthy/Healthy812.jpg,Healthy,4
Eye Disease Image Dataset/Original Dataset/Original Dataset/Disc Edema/Disc Edema54.jpg,Disc Edema,2
Eye Disease Image Dataset/Original Dataset/Original Dataset/Glaucoma/Glaucoma1137.jpg,Glaucoma,3
Eye Disease Image Dataset/Original Dataset/Original Dataset/Diabetic Retinopathy/DR934.jpg,Diabetic Retinopathy,1
Eye Disease Image Dataset/Original Dataset/Original Dataset/Myopia/Myopia165.jpg,Myopia,6
Eye Disease Image Dataset/Original Dataset/Original Dataset/Diabetic Retinopathy/DR1307.jpg,Diabetic Retinopathy,1
Eye Disease Image Dataset/Original Dataset/Original Dataset/Retinitis Pigmentosa/Retinitis Pigmentosa35.jpg,Retinitis Pigmentosa,9
Eye Disease Image Dataset/Original Dataset/Original Dataset/Macular Scar/Macular Scar286.jpg,Macular Scar,5
Eye Disease Image Dataset/Original Dataset/Original Dataset/Glaucoma/Glaucoma706.jpg,Glaucoma,3
Eye Disease Image Dataset/Original Dataset/Original Dataset/Healthy/Healthy202.jpg,Healthy,4
Eye Disease Image Dataset/Original Dataset/Original Dataset/Diabetic Retinopathy/DR1483.jpg,Diabetic Retinopathy,1
Eye Disease Image Dataset/Original Dataset/Original Dataset/Diabetic Retinopathy/DR22.jpg,Diabetic Retinopathy,1
Eye Disease Image Dataset/Original Dataset/Original Dataset/Healthy/Healthy742.jpg,Healthy,4
Eye Disease Image Dataset/Original Dataset/Original Dataset/Healthy/Healthy367.jpg,Healthy,4
Eye Disease Image Dataset/Original Dataset/Original Dataset/Diabetic Retinopathy/DR560.jpg,Diabetic Retinopathy,1
Eye Disease Image Dataset/Original Dataset/Original Dataset/Healthy/Healthy479.jpg,Healthy,4
Eye Disease Image Dataset/Original Dataset/Original Dataset/Diabetic Retinopathy/DR558.jpg,Diabetic Retinopathy,1
Eye Disease Image Dataset/Original Dataset/Original Dataset/Retinal Detachment/Retinal Detachment17.jpg,Retinal Detachment,8
Eye Disease Image Dataset/Original Dataset/Original Dataset/Macular Scar/Macular Scar416.jpg,Macular Scar,5
Eye Disease Image Dataset/Original Dataset/Original Dataset/Diabetic Retinopathy/DR1157.jpg,Diabetic Retinopathy,1
Eye Disease Image Dataset/Original Dataset/Original Dataset/Glaucoma/Glaucoma258.jpg,Glaucoma,3
Eye Disease Image Dataset/Original Dataset/Original Dataset/Diabetic Retinopathy/DR390.jpg,Diabetic Retinopathy,1
Eye Disease Image Dataset/Original Dataset/Original Dataset/Healthy/Healthy794.jpg,Healthy,4
Eye Disease Image Dataset/Original Dataset/Original Dataset/Diabetic Retinopathy/DR595.jpg,Diabetic Retinopathy,1
Eye Disease Image Dataset/Original Dataset/Original Dataset/Healthy/Healthy453.jpg,Healthy,4
Eye Disease Image Dataset/Original Dataset/Original Dataset/Diabetic Retinopathy/DR121.jpg,Diabetic Retinopathy,1
Eye Disease Image Dataset/Original Dataset/Original Dataset/Retinal Detachment/Retinal Detachment21.jpg,Retinal Detachment,8
Eye Disease Image Dataset/Original Dataset/Original Dataset/Diabetic Retinopathy/DR1380.jpg,Diabetic Retinopathy,1
Eye Disease Image Dataset/Original Dataset/Original Dataset/Myopia/Myopia14.jpg,Myopia,6
Eye Disease Image Dataset/Original Dataset/Original Dataset/Diabetic Retinopathy/DR76.jpg,Diabetic Retinopathy,1
Eye Disease Image Dataset/Original Dataset/Original Dataset/Diabetic Retinopathy/DR328.jpg,Diabetic Retinopathy,1
Eye Disease Image Dataset/Original Dataset/Original Dataset/Healthy/Healthy422.jpg,Healthy,4
Eye Disease Image Dataset/Original Dataset/Original Dataset/Diabetic Retinopathy/DR549.jpg,Diabetic Retinopathy,1
Eye Disease Image Dataset/Original Dataset/Original Dataset/Glaucoma/Glaucoma885.jpg,Glaucoma,3
Eye Disease Image Dataset/Original Dataset/Original Dataset/Diabetic Retinopathy/DR734.jpg,Diabetic Retinopathy,1
Eye Disease Image Dataset/Original Dataset/Original Dataset/Diabetic Retinopathy/DR1265.jpg,Diabetic Retinopathy,1
Eye Disease Image Dataset/Original Dataset/Original Dataset/Glaucoma/Glaucoma548.jpg,Glaucoma,3
Eye Disease Image Dataset/Original Dataset/Original Dataset/Healthy/Healthy551.jpg,Healthy,4
Eye Disease Image Dataset/Original Dataset/Original Dataset/Healthy/Healthy75.jpg,Healthy,4
Eye Disease Image Dataset/Original Dataset/Original Dataset/Diabetic Retinopathy/DR1114.jpg,Diabetic Retinopathy,1
Eye Disease Image Dataset/Original Dataset/Original Dataset/Healthy/Healthy516.jpg,Healthy,4
Eye Disease Image Dataset/Original Dataset/Original Dataset/Central Serous Chorioretinopathy [Color Fundus]/CSCR59.jpg,Central Serous Chorioretinopathy [Color Fundus],0
Eye Disease Image Dataset/Original Dataset/Original Dataset/Glaucoma/Glaucoma813.jpg,Glaucoma,3
Eye Disease Image Dataset/Original Dataset/Original Dataset/Myopia/Myopia262.jpg,Myopia,6
Eye Disease Image Dataset/Original Dataset/Original Dataset/Healthy/Healthy519.jpg,Healthy,4
Eye Disease Image Dataset/Original Dataset/Original Dataset/Retinitis Pigmentosa/Retinitis Pigmentosa5.jpg,Retinitis Pigmentosa,9
Eye Disease Image Dataset/Original Dataset/Original Dataset/Macular Scar/Macular Scar270.jpg,Macular Scar,5
Eye Disease Image Dataset/Original Dataset/Original Dataset/Myopia/Myopia167.jpg,Myopia,6
Eye Disease Image Dataset/Original Dataset/Original Dataset/Glaucoma/Glaucoma1331.jpg,Glaucoma,3
Eye Disease Image Dataset/Original Dataset/Original Dataset/Glaucoma/Glaucoma307.jpg,Glaucoma,3
Eye Disease Image Dataset/Original Dataset/Original Dataset/Healthy/Healthy950.jpg,Healthy,4
Eye Disease Image Dataset/Original Dataset/Original Dataset/Glaucoma/Glaucoma592.jpg,Glaucoma,3
Eye Disease Image Dataset/Original Dataset/Original Dataset/Healthy/Healthy822.jpg,Healthy,4
Eye Disease Image Dataset/Original Dataset/Original Dataset/Diabetic Retinopathy/DR811.jpg,Diabetic Retinopathy,1
Eye Disease Image Dataset/Original Dataset/Original Dataset/Glaucoma/Glaucoma294.jpg,Glaucoma,3
Eye Disease Image Dataset/Original Dataset/Original Dataset/Glaucoma/Glaucoma462.jpg,Glaucoma,3
Eye Disease Image Dataset/Original Dataset/Original Dataset/Central Serous Chorioretinopathy [Color Fundus]/CSCR7.jpg,Central Serous Chorioretinopathy [Color Fundus],0
Eye Disease Image Dataset/Original Dataset/Original Dataset/Diabetic Retinopathy/DR618.jpg,Diabetic Retinopathy,1
Eye Disease Image Dataset/Original Dataset/Original Dataset/Glaucoma/Glaucoma1302.jpg,Glaucoma,3
Eye Disease Image Dataset/Original Dataset/Original Dataset/Myopia/Myopia451.jpg,Myopia,6
Eye Disease Image Dataset/Original Dataset/Original Dataset/Diabetic Retinopathy/DR1061.jpg,Diabetic Retinopathy,1
Eye Disease Image Dataset/Original Dataset/Original Dataset/Diabetic Retinopathy/DR1272.jpg,Diabetic Retinopathy,1
Eye Disease Image Dataset/Original Dataset/Original Dataset/Glaucoma/Glaucoma358.jpg,Glaucoma,3
Eye Disease Image Dataset/Original Dataset/Original Dataset/Glaucoma/Glaucoma774.jpg,Glaucoma,3
Eye Disease Image Dataset/Original Dataset/Original Dataset/Healthy/Healthy62.jpg,Healthy,4
Eye Disease Image Dataset/Original Dataset/Original Dataset/Glaucoma/Glaucoma633.jpg,Glaucoma,3
Eye Disease Image Dataset/Original Dataset/Original Dataset/Diabetic Retinopathy/DR487.jpg,Diabetic Retinopathy,1
Eye Disease Image Dataset/Original Dataset/Original Dataset/Macular Scar/Macular Scar432.jpg,Macular Scar,5
Eye Disease Image Dataset/Original Dataset/Original Dataset/Myopia/Myopia197.jpg,Myopia,6
Eye Disease Image Dataset/Original Dataset/Original Dataset/Glaucoma/Glaucoma680.jpg,Glaucoma,3
Eye Disease Image Dataset/Original Dataset/Original Dataset/Glaucoma/Glaucoma1235.jpg,Glaucoma,3
Eye Disease Image Dataset/Original Dataset/Original Dataset/Diabetic Retinopathy/DR359.jpg,Diabetic Retinopathy,1
Eye Disease Image Dataset/Original Dataset/Original Dataset/Glaucoma/Glaucoma365.jpg,Glaucoma,3
Eye Disease Image Dataset/Original Dataset/Original Dataset/Diabetic Retinopathy/DR219.jpg,Diabetic Retinopathy,1
Eye Disease Image Dataset/Original Dataset/Original Dataset/Diabetic Retinopathy/DR620.jpg,Diabetic Retinopathy,1
Eye Disease Image Dataset/Original Dataset/Original Dataset/Disc Edema/Disc Edema116.jpg,Disc Edema,2
Eye Disease Image Dataset/Original Dataset/Original Dataset/Diabetic Retinopathy/DR1071.jpg,Diabetic Retinopathy,1
Eye Disease Image Dataset/Original Dataset/Original Dataset/Glaucoma/Glaucoma1153.jpg,Glaucoma,3
Eye Disease Image Dataset/Original Dataset/Original Dataset/Healthy/Healthy499.jpg,Healthy,4
Eye Disease Image Dataset/Original Dataset/Original Dataset/Diabetic Retinopathy/DR440.jpg,Diabetic Retinopathy,1
Eye Disease Image Dataset/Original Dataset/Original Dataset/Glaucoma/Glaucoma659.jpg,Glaucoma,3
Eye Disease Image Dataset/Original Dataset/Original Dataset/Myopia/Myopia211.jpg,Myopia,6
Eye Disease Image Dataset/Original Dataset/Original Dataset/Diabetic Retinopathy/DR195.jpg,Diabetic Retinopathy,1
Eye Disease Image Dataset/Original Dataset/Original Dataset/Healthy/Healthy301.jpg,Healthy,4
Eye Disease Image Dataset/Original Dataset/Original Dataset/Healthy/Healthy445.jpg,Healthy,4
Eye Disease Image Dataset/Original Dataset/Original Dataset/Diabetic Retinopathy/DR598.jpg,Diabetic Retinopathy,1
Eye Disease Image Dataset/Original Dataset/Original Dataset/Glaucoma/Glaucoma555.jpg,Glaucoma,3
Eye Disease Image Dataset/Original Dataset/Original Dataset/Diabetic Retinopathy/DR1326.jpg,Diabetic Retinopathy,1
Eye Disease Image Dataset/Original Dataset/Original Dataset/Glaucoma/Glaucoma4.jpg,Glaucoma,3
Eye Disease Image Dataset/Original Dataset/Original Dataset/Diabetic Retinopathy/DR1424.jpg,Diabetic Retinopathy,1
Eye Disease Image Dataset/Original Dataset/Original Dataset/Retinitis Pigmentosa/Retinitis Pigmentosa22.jpg,Retinitis Pigmentosa,9
Eye Disease Image Dataset/Original Dataset/Original Dataset/Healthy/Healthy760.jpg,Healthy,4
Eye Disease Image Dataset/Original Dataset/Original Dataset/Diabetic Retinopathy/DR987.jpg,Diabetic Retinopathy,1
Eye Disease Image Dataset/Original Dataset/Original Dataset/Glaucoma/Glaucoma598.jpg,Glaucoma,3
Eye Disease Image Dataset/Original Dataset/Original Dataset/Healthy/Healthy684.jpg,Healthy,4
Eye Disease Image Dataset/Original Dataset/Original Dataset/Glaucoma/Glaucoma760.jpg,Glaucoma,3
Eye Disease Image Dataset/Original Dataset/Original Dataset/Diabetic Retinopathy/DR745.jpg,Diabetic Retinopathy,1
Eye Disease Image Dataset/Original Dataset/Original Dataset/Healthy/Healthy752.jpg,Healthy,4
Eye Disease Image Dataset/Original Dataset/Original Dataset/Diabetic Retinopathy/DR817.jpg,Diabetic Retinopathy,1
Eye Disease Image Dataset/Original Dataset/Original Dataset/Diabetic Retinopathy/DR753.jpg,Diabetic Retinopathy,1
Eye Disease Image Dataset/Original Dataset/Original Dataset/Myopia/Myopia465.jpg,Myopia,6
Eye Disease Image Dataset/Original Dataset/Original Dataset/Glaucoma/Glaucoma446.jpg,Glaucoma,3
Eye Disease Image Dataset/Original Dataset/Original Dataset/Healthy/Healthy869.jpg,Healthy,4
Eye Disease Image Dataset/Original Dataset/Original Dataset/Myopia/Myopia493.jpg,Myopia,6
Eye Disease Image Dataset/Original Dataset/Original Dataset/Retinal Detachment/Retinal Detachment1.jpg,Retinal Detachment,8
Eye Disease Image Dataset/Original Dataset/Original Dataset/Diabetic Retinopathy/DR1152.jpg,Diabetic Retinopathy,1
Eye Disease Image Dataset/Original Dataset/Original Dataset/Glaucoma/Glaucoma1197.jpg,Glaucoma,3
Eye Disease Image Dataset/Original Dataset/Original Dataset/Glaucoma/Glaucoma1037.jpg,Glaucoma,3
Eye Disease Image Dataset/Original Dataset/Original Dataset/Diabetic Retinopathy/DR589.jpg,Diabetic Retinopathy,1
Eye Disease Image Dataset/Original Dataset/Original Dataset/Glaucoma/Glaucoma782.jpg,Glaucoma,3
Eye Disease Image Dataset/Original Dataset/Original Dataset/Diabetic Retinopathy/DR1170.jpg,Diabetic Retinopathy,1
Eye Disease Image Dataset/Original Dataset/Original Dataset/Glaucoma/Glaucoma140.jpg,Glaucoma,3
Eye Disease Image Dataset/Original Dataset/Original Dataset/Healthy/Healthy91.jpg,Healthy,4
Eye Disease Image Dataset/Original Dataset/Original Dataset/Diabetic Retinopathy/DR1431.jpg,Diabetic Retinopathy,1
Eye Disease Image Dataset/Original Dataset/Original Dataset/Diabetic Retinopathy/DR1466.jpg,Diabetic Retinopathy,1
Eye Disease Image Dataset/Original Dataset/Original Dataset/Healthy/Healthy425.jpg,Healthy,4
Eye Disease Image Dataset/Original Dataset/Original Dataset/Glaucoma/Glaucoma332.jpg,Glaucoma,3
Eye Disease Image Dataset/Original Dataset/Original Dataset/Healthy/Healthy966.jpg,Healthy,4
Eye Disease Image Dataset/Original Dataset/Original Dataset/Glaucoma/Glaucoma1209.jpg,Glaucoma,3
Eye Disease Image Dataset/Original Dataset/Original Dataset/Diabetic Retinopathy/DR1188.jpg,Diabetic Retinopathy,1
Eye Disease Image Dataset/Original Dataset/Original Dataset/Healthy/Healthy763.jpg,Healthy,4
Eye Disease Image Dataset/Original Dataset/Original Dataset/Glaucoma/Glaucoma81.jpg,Glaucoma,3
Eye Disease Image Dataset/Original Dataset/Original Dataset/Glaucoma/Glaucoma546.jpg,Glaucoma,3
Eye Disease Image Dataset/Original Dataset/Original Dataset/Glaucoma/Glaucoma429.jpg,Glaucoma,3
Eye Disease Image Dataset/Original Dataset/Original Dataset/Healthy/Healthy446.jpg,Healthy,4
Eye Disease Image Dataset/Original Dataset/Original Dataset/Macular Scar/Macular Scar73.jpg,Macular Scar,5
Eye Disease Image Dataset/Original Dataset/Original Dataset/Glaucoma/Glaucoma934.jpg,Glaucoma,3
Eye Disease Image Dataset/Original Dataset/Original Dataset/Healthy/Healthy929.jpg,Healthy,4
Eye Disease Image Dataset/Original Dataset/Original Dataset/Diabetic Retinopathy/DR483.jpg,Diabetic Retinopathy,1
Eye Disease Image Dataset/Original Dataset/Original Dataset/Healthy/Healthy871.jpg,Healthy,4
Eye Disease Image Dataset/Original Dataset/Original Dataset/Myopia/Myopia221.jpg,Myopia,6
Eye Disease Image Dataset/Original Dataset/Original Dataset/Healthy/Healthy259.jpg,Healthy,4
Eye Disease Image Dataset/Original Dataset/Original Dataset/Retinal Detachment/Retinal Detachment119.jpg,Retinal Detachment,8
Eye Disease Image Dataset/Original Dataset/Original Dataset/Diabetic Retinopathy/DR969.jpg,Diabetic Retinopathy,1
Eye Disease Image Dataset/Original Dataset/Original Dataset/Glaucoma/Glaucoma288.jpg,Glaucoma,3
Eye Disease Image Dataset/Original Dataset/Original Dataset/Glaucoma/Glaucoma1063.jpg,Glaucoma,3
Eye Disease Image Dataset/Original Dataset/Original Dataset/Myopia/Myopia352.jpg,Myopia,6
Eye Disease Image Dataset/Original Dataset/Original Dataset/Macular Scar/Macular Scar20.jpg,Macular Scar,5
Eye Disease Image Dataset/Original Dataset/Original Dataset/Retinitis Pigmentosa/Retinitis Pigmentosa3.jpg,Retinitis Pigmentosa,9
Eye Disease Image Dataset/Original Dataset/Original Dataset/Healthy/Healthy642.jpg,Healthy,4
Eye Disease Image Dataset/Original Dataset/Original Dataset/Healthy/Healthy1012.jpg,Healthy,4
Eye Disease Image Dataset/Original Dataset/Original Dataset/Diabetic Retinopathy/DR1418.jpg,Diabetic Retinopathy,1
Eye Disease Image Dataset/Original Dataset/Original Dataset/Diabetic Retinopathy/DR883.jpg,Diabetic Retinopathy,1
Eye Disease Image Dataset/Original Dataset/Original Dataset/Macular Scar/Macular Scar364.jpg,Macular Scar,5
Eye Disease Image Dataset/Original Dataset/Original Dataset/Healthy/Healthy290.jpg,Healthy,4
Eye Disease Image Dataset/Original Dataset/Original Dataset/Retinal Detachment/Retinal Detachment51.jpg,Retinal Detachment,8
Eye Disease Image Dataset/Original Dataset/Original Dataset/Diabetic Retinopathy/DR1190.jpg,Diabetic Retinopathy,1
Eye Disease Image Dataset/Original Dataset/Original Dataset/Diabetic Retinopathy/DR1281.jpg,Diabetic Retinopathy,1
Eye Disease Image Dataset/Original Dataset/Original Dataset/Glaucoma/Glaucoma1004.jpg,Glaucoma,3
Eye Disease Image Dataset/Original Dataset/Original Dataset/Central Serous Chorioretinopathy [Color Fundus]/CSCR31.jpg,Central Serous Chorioretinopathy [Color Fundus],0
Eye Disease Image Dataset/Original Dataset/Original Dataset/Glaucoma/Glaucoma632.jpg,Glaucoma,3
Eye Disease Image Dataset/Original Dataset/Original Dataset/Diabetic Retinopathy/DR858.jpg,Diabetic Retinopathy,1
Eye Disease Image Dataset/Original Dataset/Original Dataset/Healthy/Healthy116.jpg,Healthy,4
Eye Disease Image Dataset/Original Dataset/Original Dataset/Retinitis Pigmentosa/Retinitis Pigmentosa94.jpg,Retinitis Pigmentosa,9
Eye Disease Image Dataset/Original Dataset/Original Dataset/Disc Edema/Disc Edema71.jpg,Disc Edema,2
Eye Disease Image Dataset/Original Dataset/Original Dataset/Glaucoma/Glaucoma98.jpg,Glaucoma,3
Eye Disease Image Dataset/Original Dataset/Original Dataset/Glaucoma/Glaucoma740.jpg,Glaucoma,3
Eye Disease Image Dataset/Original Dataset/Original Dataset/Glaucoma/Glaucoma1151.jpg,Glaucoma,3
Eye Disease Image Dataset/Original Dataset/Original Dataset/Glaucoma/Glaucoma675.jpg,Glaucoma,3
Eye Disease Image Dataset/Original Dataset/Original Dataset/Glaucoma/Glaucoma1159.jpg,Glaucoma,3
Eye Disease Image Dataset/Original Dataset/Original Dataset/Myopia/Myopia394.jpg,Myopia,6
Eye Disease Image Dataset/Original Dataset/Original Dataset/Glaucoma/Glaucoma861.jpg,Glaucoma,3
Eye Disease Image Dataset/Original Dataset/Original Dataset/Diabetic Retinopathy/DR515.jpg,Diabetic Retinopathy,1
Eye Disease Image Dataset/Original Dataset/Original Dataset/Myopia/Myopia320.jpg,Myopia,6
Eye Disease Image Dataset/Original Dataset/Original Dataset/Glaucoma/Glaucoma980.jpg,Glaucoma,3
Eye Disease Image Dataset/Original Dataset/Original Dataset/Healthy/Healthy238.jpg,Healthy,4
Eye Disease Image Dataset/Original Dataset/Original Dataset/Healthy/Healthy86.jpg,Healthy,4
Eye Disease Image Dataset/Original Dataset/Original Dataset/Diabetic Retinopathy/DR606.jpg,Diabetic Retinopathy,1
Eye Disease Image Dataset/Original Dataset/Original Dataset/Glaucoma/Glaucoma225.jpg,Glaucoma,3
Eye Disease Image Dataset/Original Dataset/Original Dataset/Diabetic Retinopathy/DR178.jpg,Diabetic Retinopathy,1
Eye Disease Image Dataset/Original Dataset/Original Dataset/Glaucoma/Glaucoma1074.jpg,Glaucoma,3
Eye Disease Image Dataset/Original Dataset/Original Dataset/Myopia/Myopia422.jpg,Myopia,6
Eye Disease Image Dataset/Original Dataset/Original Dataset/Central Serous Chorioretinopathy [Color Fundus]/CSCR39.jpg,Central Serous Chorioretinopathy [Color Fundus],0
Eye Disease Image Dataset/Original Dataset/Original Dataset/Macular Scar/Macular Scar11.jpg,Macular Scar,5
Eye Disease Image Dataset/Original Dataset/Original Dataset/Glaucoma/Glaucoma575.jpg,Glaucoma,3
Eye Disease Image Dataset/Original Dataset/Original Dataset/Diabetic Retinopathy/DR1068.jpg,Diabetic Retinopathy,1
Eye Disease Image Dataset/Original Dataset/Original Dataset/Diabetic Retinopathy/DR1264.jpg,Diabetic Retinopathy,1
Eye Disease Image Dataset/Original Dataset/Original Dataset/Macular Scar/Macular Scar32.jpg,Macular Scar,5
Eye Disease Image Dataset/Original Dataset/Original Dataset/Healthy/Healthy808.jpg,Healthy,4
Eye Disease Image Dataset/Original Dataset/Original Dataset/Glaucoma/Glaucoma605.jpg,Glaucoma,3
Eye Disease Image Dataset/Original Dataset/Original Dataset/Macular Scar/Macular Scar363.jpg,Macular Scar,5
Eye Disease Image Dataset/Original Dataset/Original Dataset/Glaucoma/Glaucoma194.jpg,Glaucoma,3
Eye Disease Image Dataset/Original Dataset/Original Dataset/Disc Edema/Disc Edema111.jpg,Disc Edema,2
Eye Disease Image Dataset/Original Dataset/Original Dataset/Macular Scar/Macular Scar214.jpg,Macular Scar,5
Eye Disease Image Dataset/Original Dataset/Original Dataset/Macular Scar/Macular Scar125.jpg,Macular Scar,5
Eye Disease Image Dataset/Original Dataset/Original Dataset/Diabetic Retinopathy/DR358.jpg,Diabetic Retinopathy,1
Eye Disease Image Dataset/Original Dataset/Original Dataset/Diabetic Retinopathy/DR1038.jpg,Diabetic Retinopathy,1
Eye Disease Image Dataset/Original Dataset/Original Dataset/Healthy/Healthy122.jpg,Healthy,4
Eye Disease Image Dataset/Original Dataset/Original Dataset/Macular Scar/Macular Scar60.jpg,Macular Scar,5
Eye Disease Image Dataset/Original Dataset/Original Dataset/Diabetic Retinopathy/DR1455.jpg,Diabetic Retinopathy,1
Eye Disease Image Dataset/Original Dataset/Original Dataset/Glaucoma/Glaucoma1262.jpg,Glaucoma,3
Eye Disease Image Dataset/Original Dataset/Original Dataset/Healthy/Healthy229.jpg,Healthy,4
Eye Disease Image Dataset/Original Dataset/Original Dataset/Diabetic Retinopathy/DR1383.jpg,Diabetic Retinopathy,1
Eye Disease Image Dataset/Original Dataset/Original Dataset/Diabetic Retinopathy/DR70.jpg,Diabetic Retinopathy,1
Eye Disease Image Dataset/Original Dataset/Original Dataset/Glaucoma/Glaucoma128.jpg,Glaucoma,3
Eye Disease Image Dataset/Original Dataset/Original Dataset/Disc Edema/Disc Edema4.jpg,Disc Edema,2
Eye Disease Image Dataset/Original Dataset/Original Dataset/Diabetic Retinopathy/DR348.jpg,Diabetic Retinopathy,1
Eye Disease Image Dataset/Original Dataset/Original Dataset/Retinal Detachment/Retinal Detachment115.jpg,Retinal Detachment,8
Eye Disease Image Dataset/Original Dataset/Original Dataset/Glaucoma/Glaucoma2.jpg,Glaucoma,3
Eye Disease Image Dataset/Original Dataset/Original Dataset/Diabetic Retinopathy/DR6.jpg,Diabetic Retinopathy,1
Eye Disease Image Dataset/Original Dataset/Original Dataset/Diabetic Retinopathy/DR1390.jpg,Diabetic Retinopathy,1
Eye Disease Image Dataset/Original Dataset/Original Dataset/Glaucoma/Glaucoma654.jpg,Glaucoma,3
Eye Disease Image Dataset/Original Dataset/Original Dataset/Healthy/Healthy345.jpg,Healthy,4
Eye Disease Image Dataset/Original Dataset/Original Dataset/Diabetic Retinopathy/DR1247.jpg,Diabetic Retinopathy,1
Eye Disease Image Dataset/Original Dataset/Original Dataset/Glaucoma/Glaucoma434.jpg,Glaucoma,3
Eye Disease Image Dataset/Original Dataset/Original Dataset/Myopia/Myopia267.jpg,Myopia,6
Eye Disease Image Dataset/Original Dataset/Original Dataset/Healthy/Healthy804.jpg,Healthy,4
Eye Disease Image Dataset/Original Dataset/Original Dataset/Diabetic Retinopathy/DR1001.jpg,Diabetic Retinopathy,1
Eye Disease Image Dataset/Original Dataset/Original Dataset/Diabetic Retinopathy/DR365.jpg,Diabetic Retinopathy,1
Eye Disease Image Dataset/Original Dataset/Original Dataset/Diabetic Retinopathy/DR1136.jpg,Diabetic Retinopathy,1
Eye Disease Image Dataset/Original Dataset/Original Dataset/Diabetic Retinopathy/DR737.jpg,Diabetic Retinopathy,1
Eye Disease Image Dataset/Original Dataset/Original Dataset/Glaucoma/Glaucoma291.jpg,Glaucoma,3
Eye Disease Image Dataset/Original Dataset/Original Dataset/Diabetic Retinopathy/DR145.jpg,Diabetic Retinopathy,1
Eye Disease Image Dataset/Original Dataset/Original Dataset/Diabetic Retinopathy/DR638.jpg,Diabetic Retinopathy,1
Eye Disease Image Dataset/Original Dataset/Original Dataset/Retinal Detachment/Retinal Detachment112.jpg,Retinal Detachment,8
Eye Disease Image Dataset/Original Dataset/Original Dataset/Retinal Detachment/Retinal Detachment84.jpg,Retinal Detachment,8
Eye Disease Image Dataset/Original Dataset/Original Dataset/Healthy/Healthy138.jpg,Healthy,4
Eye Disease Image Dataset/Original Dataset/Original Dataset/Glaucoma/Glaucoma275.jpg,Glaucoma,3
Eye Disease Image Dataset/Original Dataset/Original Dataset/Glaucoma/Glaucoma1028.jpg,Glaucoma,3
Eye Disease Image Dataset/Original Dataset/Original Dataset/Healthy/Healthy466.jpg,Healthy,4
Eye Disease Image Dataset/Original Dataset/Original Dataset/Glaucoma/Glaucoma1285.jpg,Glaucoma,3
Eye Disease Image Dataset/Original Dataset/Original Dataset/Glaucoma/Glaucoma433.jpg,Glaucoma,3
Eye Disease Image Dataset/Original Dataset/Original Dataset/Healthy/Healthy270.jpg,Healthy,4
Eye Disease Image Dataset/Original Dataset/Original Dataset/Healthy/Healthy107.jpg,Healthy,4
Eye Disease Image Dataset/Original Dataset/Original Dataset/Pterygium/Pterygium5.jpg,Pterygium,7
Eye Disease Image Dataset/Original Dataset/Original Dataset/Healthy/Healthy599.jpg,Healthy,4
Eye Disease Image Dataset/Original Dataset/Original Dataset/Myopia/Myopia19.jpg,Myopia,6
Eye Disease Image Dataset/Original Dataset/Original Dataset/Myopia/Myopia67.jpg,Myopia,6
Eye Disease Image Dataset/Original Dataset/Original Dataset/Healthy/Healthy244.jpg,Healthy,4
Eye Disease Image Dataset/Original Dataset/Original Dataset/Glaucoma/Glaucoma1240.jpg,Glaucoma,3
Eye Disease Image Dataset/Original Dataset/Original Dataset/Myopia/Myopia286.jpg,Myopia,6
Eye Disease Image Dataset/Original Dataset/Original Dataset/Healthy/Healthy40.jpg,Healthy,4
Eye Disease Image Dataset/Original Dataset/Original Dataset/Diabetic Retinopathy/DR602.jpg,Diabetic Retinopathy,1
Eye Disease Image Dataset/Original Dataset/Original Dataset/Disc Edema/Disc Edema86.jpg,Disc Edema,2
Eye Disease Image Dataset/Original Dataset/Original Dataset/Glaucoma/Glaucoma1045.jpg,Glaucoma,3
Eye Disease Image Dataset/Original Dataset/Original Dataset/Diabetic Retinopathy/DR26.jpg,Diabetic Retinopathy,1
Eye Disease Image Dataset/Original Dataset/Original Dataset/Retinal Detachment/Retinal Detachment99.jpg,Retinal Detachment,8
Eye Disease Image Dataset/Original Dataset/Original Dataset/Diabetic Retinopathy/DR341.jpg,Diabetic Retinopathy,1
Eye Disease Image Dataset/Original Dataset/Original Dataset/Healthy/Healthy343.jpg,Healthy,4
Eye Disease Image Dataset/Original Dataset/Original Dataset/Disc Edema/Disc Edema21.jpg,Disc Edema,2
Eye Disease Image Dataset/Original Dataset/Original Dataset/Glaucoma/Glaucoma151.jpg,Glaucoma,3
Eye Disease Image Dataset/Original Dataset/Original Dataset/Healthy/Healthy678.jpg,Healthy,4
Eye Disease Image Dataset/Original Dataset/Original Dataset/Retinitis Pigmentosa/Retinitis Pigmentosa62.jpg,Retinitis Pigmentosa,9
Eye Disease Image Dataset/Original Dataset/Original Dataset/Diabetic Retinopathy/DR135.jpg,Diabetic Retinopathy,1
Eye Disease Image Dataset/Original Dataset/Original Dataset/Diabetic Retinopathy/DR1021.jpg,Diabetic Retinopathy,1
Eye Disease Image Dataset/Original Dataset/Original Dataset/Diabetic Retinopathy/DR1154.jpg,Diabetic Retinopathy,1
Eye Disease Image Dataset/Original Dataset/Original Dataset/Healthy/Healthy102.jpg,Healthy,4
Eye Disease Image Dataset/Original Dataset/Original Dataset/Diabetic Retinopathy/DR89.jpg,Diabetic Retinopathy,1
Eye Disease Image Dataset/Original Dataset/Original Dataset/Healthy/Healthy589.jpg,Healthy,4
Eye Disease Image Dataset/Original Dataset/Original Dataset/Central Serous Chorioretinopathy [Color Fundus]/CSCR52.jpg,Central Serous Chorioretinopathy [Color Fundus],0
Eye Disease Image Dataset/Original Dataset/Original Dataset/Healthy/Healthy996.jpg,Healthy,4
Eye Disease Image Dataset/Original Dataset/Original Dataset/Glaucoma/Glaucoma705.jpg,Glaucoma,3
Eye Disease Image Dataset/Original Dataset/Original Dataset/Diabetic Retinopathy/DR613.jpg,Diabetic Retinopathy,1
Eye Disease Image Dataset/Original Dataset/Original Dataset/Glaucoma/Glaucoma432.jpg,Glaucoma,3
Eye Disease Image Dataset/Original Dataset/Original Dataset/Diabetic Retinopathy/DR828.jpg,Diabetic Retinopathy,1
Eye Disease Image Dataset/Original Dataset/Original Dataset/Myopia/Myopia273.jpg,Myopia,6
Eye Disease Image Dataset/Original Dataset/Original Dataset/Retinal Detachment/Retinal Detachment52.jpg,Retinal Detachment,8
Eye Disease Image Dataset/Original Dataset/Original Dataset/Glaucoma/Glaucoma359.jpg,Glaucoma,3
Eye Disease Image Dataset/Original Dataset/Original Dataset/Diabetic Retinopathy/DR1447.jpg,Diabetic Retinopathy,1
Eye Disease Image Dataset/Original Dataset/Original Dataset/Healthy/Healthy676.jpg,Healthy,4
Eye Disease Image Dataset/Original Dataset/Original Dataset/Glaucoma/Glaucoma379.jpg,Glaucoma,3
Eye Disease Image Dataset/Original Dataset/Original Dataset/Retinal Detachment/Retinal Detachment79.jpg,Retinal Detachment,8
Eye Disease Image Dataset/Original Dataset/Original Dataset/Glaucoma/Glaucoma187.jpg,Glaucoma,3
Eye Disease Image Dataset/Original Dataset/Original Dataset/Glaucoma/Glaucoma233.jpg,Glaucoma,3
Eye Disease Image Dataset/Original Dataset/Original Dataset/Diabetic Retinopathy/DR386.jpg,Diabetic Retinopathy,1
Eye Disease Image Dataset/Original Dataset/Original Dataset/Diabetic Retinopathy/DR329.jpg,Diabetic Retinopathy,1
Eye Disease Image Dataset/Original Dataset/Original Dataset/Healthy/Healthy131.jpg,Healthy,4
Eye Disease Image Dataset/Original Dataset/Original Dataset/Healthy/Healthy953.jpg,Healthy,4
Eye Disease Image Dataset/Original Dataset/Original Dataset/Myopia/Myopia140.jpg,Myopia,6
Eye Disease Image Dataset/Original Dataset/Original Dataset/Central Serous Chorioretinopathy [Color Fundus]/CSCR73.jpg,Central Serous Chorioretinopathy [Color Fundus],0
Eye Disease Image Dataset/Original Dataset/Original Dataset/Healthy/Healthy506.jpg,Healthy,4
Eye Disease Image Dataset/Original Dataset/Original Dataset/Glaucoma/Glaucoma1072.jpg,Glaucoma,3
Eye Disease Image Dataset/Original Dataset/Original Dataset/Glaucoma/Glaucoma712.jpg,Glaucoma,3
Eye Disease Image Dataset/Original Dataset/Original Dataset/Diabetic Retinopathy/DR819.jpg,Diabetic Retinopathy,1
Eye Disease Image Dataset/Original Dataset/Original Dataset/Glaucoma/Glaucoma103.jpg,Glaucoma,3
Eye Disease Image Dataset/Original Dataset/Original Dataset/Myopia/Myopia265.jpg,Myopia,6
Eye Disease Image Dataset/Original Dataset/Original Dataset/Diabetic Retinopathy/DR354.jpg,Diabetic Retinopathy,1
Eye Disease Image Dataset/Original Dataset/Original Dataset/Glaucoma/Glaucoma1309.jpg,Glaucoma,3
Eye Disease Image Dataset/Original Dataset/Original Dataset/Myopia/Myopia216.jpg,Myopia,6
Eye Disease Image Dataset/Original Dataset/Original Dataset/Macular Scar/Macular Scar114.jpg,Macular Scar,5
Eye Disease Image Dataset/Original Dataset/Original Dataset/Glaucoma/Glaucoma99.jpg,Glaucoma,3
Eye Disease Image Dataset/Original Dataset/Original Dataset/Diabetic Retinopathy/DR445.jpg,Diabetic Retinopathy,1
Eye Disease Image Dataset/Original Dataset/Original Dataset/Healthy/Healthy282.jpg,Healthy,4
Eye Disease Image Dataset/Original Dataset/Original Dataset/Glaucoma/Glaucoma820.jpg,Glaucoma,3
Eye Disease Image Dataset/Original Dataset/Original Dataset/Glaucoma/Glaucoma761.jpg,Glaucoma,3
Eye Disease Image Dataset/Original Dataset/Original Dataset/Glaucoma/Glaucoma1212.jpg,Glaucoma,3
Eye Disease Image Dataset/Original Dataset/Original Dataset/Glaucoma/Glaucoma1333.jpg,Glaucoma,3
Eye Disease Image Dataset/Original Dataset/Original Dataset/Healthy/Healthy197.jpg,Healthy,4
Eye Disease Image Dataset/Original Dataset/Original Dataset/Healthy/Healthy25.jpg,Healthy,4
Eye Disease Image Dataset/Original Dataset/Original Dataset/Healthy/Healthy52.jpg,Healthy,4
Eye Disease Image Dataset/Original Dataset/Original Dataset/Macular Scar/Macular Scar421.jpg,Macular Scar,5
Eye Disease Image Dataset/Original Dataset/Original Dataset/Diabetic Retinopathy/DR1297.jpg,Diabetic Retinopathy,1
Eye Disease Image Dataset/Original Dataset/Original Dataset/Macular Scar/Macular Scar440.jpg,Macular Scar,5
Eye Disease Image Dataset/Original Dataset/Original Dataset/Healthy/Healthy381.jpg,Healthy,4
Eye Disease Image Dataset/Original Dataset/Original Dataset/Myopia/Myopia403.jpg,Myopia,6
Eye Disease Image Dataset/Original Dataset/Original Dataset/Healthy/Healthy954.jpg,Healthy,4
Eye Disease Image Dataset/Original Dataset/Original Dataset/Macular Scar/Macular Scar272.jpg,Macular Scar,5
Eye Disease Image Dataset/Original Dataset/Original Dataset/Diabetic Retinopathy/DR1409.jpg,Diabetic Retinopathy,1
Eye Disease Image Dataset/Original Dataset/Original Dataset/Diabetic Retinopathy/DR163.jpg,Diabetic Retinopathy,1
Eye Disease Image Dataset/Original Dataset/Original Dataset/Diabetic Retinopathy/DR1036.jpg,Diabetic Retinopathy,1
Eye Disease Image Dataset/Original Dataset/Original Dataset/Diabetic Retinopathy/DR272.jpg,Diabetic Retinopathy,1
Eye Disease Image Dataset/Original Dataset/Original Dataset/Central Serous Chorioretinopathy [Color Fundus]/CSCR71.jpg,Central Serous Chorioretinopathy [Color Fundus],0
Eye Disease Image Dataset/Original Dataset/Original Dataset/Retinal Detachment/Retinal Detachment45.jpg,Retinal Detachment,8
Eye Disease Image Dataset/Original Dataset/Original Dataset/Myopia/Myopia205.jpg,Myopia,6
Eye Disease Image Dataset/Original Dataset/Original Dataset/Macular Scar/Macular Scar217.jpg,Macular Scar,5
Eye Disease Image Dataset/Original Dataset/Original Dataset/Disc Edema/Disc Edema32.jpg,Disc Edema,2
Eye Disease Image Dataset/Original Dataset/Original Dataset/Glaucoma/Glaucoma1160.jpg,Glaucoma,3
Eye Disease Image Dataset/Original Dataset/Original Dataset/Myopia/Myopia196.jpg,Myopia,6
Eye Disease Image Dataset/Original Dataset/Original Dataset/Myopia/Myopia499.jpg,Myopia,6
Eye Disease Image Dataset/Original Dataset/Original Dataset/Diabetic Retinopathy/DR1135.jpg,Diabetic Retinopathy,1
Eye Disease Image Dataset/Original Dataset/Original Dataset/Diabetic Retinopathy/DR1435.jpg,Diabetic Retinopathy,1
Eye Disease Image Dataset/Original Dataset/Original Dataset/Diabetic Retinopathy/DR1077.jpg,Diabetic Retinopathy,1
Eye Disease Image Dataset/Original Dataset/Original Dataset/Healthy/Healthy577.jpg,Healthy,4
Eye Disease Image Dataset/Original Dataset/Original Dataset/Macular Scar/Macular Scar349.jpg,Macular Scar,5
Eye Disease Image Dataset/Original Dataset/Original Dataset/Glaucoma/Glaucoma909.jpg,Glaucoma,3
Eye Disease Image Dataset/Original Dataset/Original Dataset/Diabetic Retinopathy/DR109.jpg,Diabetic Retinopathy,1
Eye Disease Image Dataset/Original Dataset/Original Dataset/Macular Scar/Macular Scar171.jpg,Macular Scar,5
Eye Disease Image Dataset/Original Dataset/Original Dataset/Macular Scar/Macular Scar27.jpg,Macular Scar,5
Eye Disease Image Dataset/Original Dataset/Original Dataset/Central Serous Chorioretinopathy [Color Fundus]/CSCR28.jpg,Central Serous Chorioretinopathy [Color Fundus],0
Eye Disease Image Dataset/Original Dataset/Original Dataset/Healthy/Healthy738.jpg,Healthy,4
Eye Disease Image Dataset/Original Dataset/Original Dataset/Diabetic Retinopathy/DR689.jpg,Diabetic Retinopathy,1
Eye Disease Image Dataset/Original Dataset/Original Dataset/Diabetic Retinopathy/DR1047.jpg,Diabetic Retinopathy,1
Eye Disease Image Dataset/Original Dataset/Original Dataset/Retinitis Pigmentosa/Retinitis Pigmentosa138.jpg,Retinitis Pigmentosa,9
Eye Disease Image Dataset/Original Dataset/Original Dataset/Diabetic Retinopathy/DR1185.jpg,Diabetic Retinopathy,1
Eye Disease Image Dataset/Original Dataset/Original Dataset/Glaucoma/Glaucoma1015.jpg,Glaucoma,3
Eye Disease Image Dataset/Original Dataset/Original Dataset/Healthy/Healthy679.jpg,Healthy,4
Eye Disease Image Dataset/Original Dataset/Original Dataset/Diabetic Retinopathy/DR376.jpg,Diabetic Retinopathy,1
Eye Disease Image Dataset/Original Dataset/Original Dataset/Healthy/Healthy481.jpg,Healthy,4
Eye Disease Image Dataset/Original Dataset/Original Dataset/Glaucoma/Glaucoma1341.jpg,Glaucoma,3
Eye Disease Image Dataset/Original Dataset/Original Dataset/Diabetic Retinopathy/DR750.jpg,Diabetic Retinopathy,1
Eye Disease Image Dataset/Original Dataset/Original Dataset/Central Serous Chorioretinopathy [Color Fundus]/CSCR92.jpg,Central Serous Chorioretinopathy [Color Fundus],0
Eye Disease Image Dataset/Original Dataset/Original Dataset/Glaucoma/Glaucoma1196.jpg,Glaucoma,3
Eye Disease Image Dataset/Original Dataset/Original Dataset/Healthy/Healthy287.jpg,Healthy,4
Eye Disease Image Dataset/Original Dataset/Original Dataset/Central Serous Chorioretinopathy [Color Fundus]/CSCR53.jpg,Central Serous Chorioretinopathy [Color Fundus],0
Eye Disease Image Dataset/Original Dataset/Original Dataset/Diabetic Retinopathy/DR422.jpg,Diabetic Retinopathy,1
Eye Disease Image Dataset/Original Dataset/Original Dataset/Glaucoma/Glaucoma818.jpg,Glaucoma,3
Eye Disease Image Dataset/Original Dataset/Original Dataset/Myopia/Myopia68.jpg,Myopia,6
Eye Disease Image Dataset/Original Dataset/Original Dataset/Glaucoma/Glaucoma981.jpg,Glaucoma,3
Eye Disease Image Dataset/Original Dataset/Original Dataset/Myopia/Myopia443.jpg,Myopia,6
Eye Disease Image Dataset/Original Dataset/Original Dataset/Macular Scar/Macular Scar281.jpg,Macular Scar,5
Eye Disease Image Dataset/Original Dataset/Original Dataset/Glaucoma/Glaucoma806.jpg,Glaucoma,3
Eye Disease Image Dataset/Original Dataset/Original Dataset/Myopia/Myopia52.jpg,Myopia,6
Eye Disease Image Dataset/Original Dataset/Original Dataset/Healthy/Healthy54.jpg,Healthy,4
Eye Disease Image Dataset/Original Dataset/Original Dataset/Glaucoma/Glaucoma1320.jpg,Glaucoma,3
Eye Disease Image Dataset/Original Dataset/Original Dataset/Healthy/Healthy391.jpg,Healthy,4
Eye Disease Image Dataset/Original Dataset/Original Dataset/Macular Scar/Macular Scar87.jpg,Macular Scar,5
Eye Disease Image Dataset/Original Dataset/Original Dataset/Healthy/Healthy167.jpg,Healthy,4
Eye Disease Image Dataset/Original Dataset/Original Dataset/Healthy/Healthy344.jpg,Healthy,4
Eye Disease Image Dataset/Original Dataset/Original Dataset/Healthy/Healthy524.jpg,Healthy,4
Eye Disease Image Dataset/Original Dataset/Original Dataset/Myopia/Myopia198.jpg,Myopia,6
Eye Disease Image Dataset/Original Dataset/Original Dataset/Diabetic Retinopathy/DR37.jpg,Diabetic Retinopathy,1
Eye Disease Image Dataset/Original Dataset/Original Dataset/Disc Edema/Disc Edema50.jpg,Disc Edema,2
Eye Disease Image Dataset/Original Dataset/Original Dataset/Healthy/Healthy263.jpg,Healthy,4
Eye Disease Image Dataset/Original Dataset/Original Dataset/Diabetic Retinopathy/DR992.jpg,Diabetic Retinopathy,1
Eye Disease Image Dataset/Original Dataset/Original Dataset/Myopia/Myopia176.jpg,Myopia,6
Eye Disease Image Dataset/Original Dataset/Original Dataset/Glaucoma/Glaucoma850.jpg,Glaucoma,3
Eye Disease Image Dataset/Original Dataset/Original Dataset/Glaucoma/Glaucoma19.jpg,Glaucoma,3
Eye Disease Image Dataset/Original Dataset/Original Dataset/Myopia/Myopia331.jpg,Myopia,6
Eye Disease Image Dataset/Original Dataset/Original Dataset/Glaucoma/Glaucoma296.jpg,Glaucoma,3
Eye Disease Image Dataset/Original Dataset/Original Dataset/Diabetic Retinopathy/DR256.jpg,Diabetic Retinopathy,1
Eye Disease Image Dataset/Original Dataset/Original Dataset/Diabetic Retinopathy/DR24.jpg,Diabetic Retinopathy,1
Eye Disease Image Dataset/Original Dataset/Original Dataset/Glaucoma/Glaucoma485.jpg,Glaucoma,3
Eye Disease Image Dataset/Original Dataset/Original Dataset/Diabetic Retinopathy/DR147.jpg,Diabetic Retinopathy,1
Eye Disease Image Dataset/Original Dataset/Original Dataset/Healthy/Healthy155.jpg,Healthy,4
Eye Disease Image Dataset/Original Dataset/Original Dataset/Diabetic Retinopathy/DR1411.jpg,Diabetic Retinopathy,1
Eye Disease Image Dataset/Original Dataset/Original Dataset/Retinitis Pigmentosa/Retinitis Pigmentosa68.jpg,Retinitis Pigmentosa,9
Eye Disease Image Dataset/Original Dataset/Original Dataset/Macular Scar/Macular Scar21.jpg,Macular Scar,5
Eye Disease Image Dataset/Original Dataset/Original Dataset/Glaucoma/Glaucoma1202.jpg,Glaucoma,3
Eye Disease Image Dataset/Original Dataset/Original Dataset/Diabetic Retinopathy/DR1384.jpg,Diabetic Retinopathy,1
Eye Disease Image Dataset/Original Dataset/Original Dataset/Macular Scar/Macular Scar246.jpg,Macular Scar,5
Eye Disease Image Dataset/Original Dataset/Original Dataset/Diabetic Retinopathy/DR1115.jpg,Diabetic Retinopathy,1
Eye Disease Image Dataset/Original Dataset/Original Dataset/Glaucoma/Glaucoma125.jpg,Glaucoma,3
Eye Disease Image Dataset/Original Dataset/Original Dataset/Healthy/Healthy404.jpg,Healthy,4
Eye Disease Image Dataset/Original Dataset/Original Dataset/Glaucoma/Glaucoma795.jpg,Glaucoma,3
Eye Disease Image Dataset/Original Dataset/Original Dataset/Glaucoma/Glaucoma377.jpg,Glaucoma,3
Eye Disease Image Dataset/Original Dataset/Original Dataset/Healthy/Healthy457.jpg,Healthy,4
Eye Disease Image Dataset/Original Dataset/Original Dataset/Healthy/Healthy891.jpg,Healthy,4
Eye Disease Image Dataset/Original Dataset/Original Dataset/Glaucoma/Glaucoma325.jpg,Glaucoma,3
Eye Disease Image Dataset/Original Dataset/Original Dataset/Central Serous Chorioretinopathy [Color Fundus]/CSCR44.jpg,Central Serous Chorioretinopathy [Color Fundus],0
Eye Disease Image Dataset/Original Dataset/Original Dataset/Diabetic Retinopathy/DR39.jpg,Diabetic Retinopathy,1
Eye Disease Image Dataset/Original Dataset/Original Dataset/Diabetic Retinopathy/DR1014.jpg,Diabetic Retinopathy,1
Eye Disease Image Dataset/Original Dataset/Original Dataset/Diabetic Retinopathy/DR697.jpg,Diabetic Retinopathy,1
Eye Disease Image Dataset/Original Dataset/Original Dataset/Disc Edema/Disc Edema61.jpg,Disc Edema,2
Eye Disease Image Dataset/Original Dataset/Original Dataset/Macular Scar/Macular Scar152.jpg,Macular Scar,5
Eye Disease Image Dataset/Original Dataset/Original Dataset/Myopia/Myopia7.jpg,Myopia,6
Eye Disease Image Dataset/Original Dataset/Original Dataset/Glaucoma/Glaucoma823.jpg,Glaucoma,3
Eye Disease Image Dataset/Original Dataset/Original Dataset/Macular Scar/Macular Scar335.jpg,Macular Scar,5
Eye Disease Image Dataset/Original Dataset/Original Dataset/Glaucoma/Glaucoma168.jpg,Glaucoma,3
Eye Disease Image Dataset/Original Dataset/Original Dataset/Diabetic Retinopathy/DR225.jpg,Diabetic Retinopathy,1
Eye Disease Image Dataset/Original Dataset/Original Dataset/Diabetic Retinopathy/DR1395.jpg,Diabetic Retinopathy,1
Eye Disease Image Dataset/Original Dataset/Original Dataset/Glaucoma/Glaucoma970.jpg,Glaucoma,3
Eye Disease Image Dataset/Original Dataset/Original Dataset/Retinal Detachment/Retinal Detachment98.jpg,Retinal Detachment,8
Eye Disease Image Dataset/Original Dataset/Original Dataset/Healthy/Healthy387.jpg,Healthy,4
Eye Disease Image Dataset/Original Dataset/Original Dataset/Diabetic Retinopathy/DR1388.jpg,Diabetic Retinopathy,1
Eye Disease Image Dataset/Original Dataset/Original Dataset/Myopia/Myopia405.jpg,Myopia,6
Eye Disease Image Dataset/Original Dataset/Original Dataset/Diabetic Retinopathy/DR646.jpg,Diabetic Retinopathy,1
Eye Disease Image Dataset/Original Dataset/Original Dataset/Diabetic Retinopathy/DR852.jpg,Diabetic Retinopathy,1
Eye Disease Image Dataset/Original Dataset/Original Dataset/Diabetic Retinopathy/DR770.jpg,Diabetic Retinopathy,1
Eye Disease Image Dataset/Original Dataset/Original Dataset/Healthy/Healthy412.jpg,Healthy,4
Eye Disease Image Dataset/Original Dataset/Original Dataset/Diabetic Retinopathy/DR790.jpg,Diabetic Retinopathy,1
Eye Disease Image Dataset/Original Dataset/Original Dataset/Myopia/Myopia33.jpg,Myopia,6
Eye Disease Image Dataset/Original Dataset/Original Dataset/Diabetic Retinopathy/DR217.jpg,Diabetic Retinopathy,1
Eye Disease Image Dataset/Original Dataset/Original Dataset/Myopia/Myopia374.jpg,Myopia,6
Eye Disease Image Dataset/Original Dataset/Original Dataset/Myopia/Myopia187.jpg,Myopia,6
Eye Disease Image Dataset/Original Dataset/Original Dataset/Myopia/Myopia266.jpg,Myopia,6
Eye Disease Image Dataset/Original Dataset/Original Dataset/Glaucoma/Glaucoma501.jpg,Glaucoma,3
Eye Disease Image Dataset/Original Dataset/Original Dataset/Glaucoma/Glaucoma965.jpg,Glaucoma,3
Eye Disease Image Dataset/Original Dataset/Original Dataset/Diabetic Retinopathy/DR105.jpg,Diabetic Retinopathy,1
Eye Disease Image Dataset/Original Dataset/Original Dataset/Glaucoma/Glaucoma1106.jpg,Glaucoma,3
Eye Disease Image Dataset/Original Dataset/Original Dataset/Glaucoma/Glaucoma833.jpg,Glaucoma,3
Eye Disease Image Dataset/Original Dataset/Original Dataset/Macular Scar/Macular Scar26.jpg,Macular Scar,5
Eye Disease Image Dataset/Original Dataset/Original Dataset/Diabetic Retinopathy/DR1159.jpg,Diabetic Retinopathy,1
Eye Disease Image Dataset/Original Dataset/Original Dataset/Retinitis Pigmentosa/Retinitis Pigmentosa1.jpg,Retinitis Pigmentosa,9
Eye Disease Image Dataset/Original Dataset/Original Dataset/Glaucoma/Glaucoma335.jpg,Glaucoma,3
Eye Disease Image Dataset/Original Dataset/Original Dataset/Glaucoma/Glaucoma244.jpg,Glaucoma,3
Eye Disease Image Dataset/Original Dataset/Original Dataset/Healthy/Healthy581.jpg,Healthy,4
Eye Disease Image Dataset/Original Dataset/Original Dataset/Glaucoma/Glaucoma227.jpg,Glaucoma,3
Eye Disease Image Dataset/Original Dataset/Original Dataset/Macular Scar/Macular Scar28.jpg,Macular Scar,5
Eye Disease Image Dataset/Original Dataset/Original Dataset/Macular Scar/Macular Scar53.jpg,Macular Scar,5
Eye Disease Image Dataset/Original Dataset/Original Dataset/Diabetic Retinopathy/DR41.jpg,Diabetic Retinopathy,1
Eye Disease Image Dataset/Original Dataset/Original Dataset/Diabetic Retinopathy/DR960.jpg,Diabetic Retinopathy,1
Eye Disease Image Dataset/Original Dataset/Original Dataset/Glaucoma/Glaucoma922.jpg,Glaucoma,3
Eye Disease Image Dataset/Original Dataset/Original Dataset/Diabetic Retinopathy/DR171.jpg,Diabetic Retinopathy,1
Eye Disease Image Dataset/Original Dataset/Original Dataset/Healthy/Healthy554.jpg,Healthy,4
Eye Disease Image Dataset/Original Dataset/Original Dataset/Glaucoma/Glaucoma1102.jpg,Glaucoma,3
Eye Disease Image Dataset/Original Dataset/Original Dataset/Healthy/Healthy284.jpg,Healthy,4
Eye Disease Image Dataset/Original Dataset/Original Dataset/Retinitis Pigmentosa/Retinitis Pigmentosa56.jpg,Retinitis Pigmentosa,9
Eye Disease Image Dataset/Original Dataset/Original Dataset/Diabetic Retinopathy/DR350.jpg,Diabetic Retinopathy,1
Eye Disease Image Dataset/Original Dataset/Original Dataset/Healthy/Healthy349.jpg,Healthy,4
Eye Disease Image Dataset/Original Dataset/Original Dataset/Myopia/Myopia90.jpg,Myopia,6
Eye Disease Image Dataset/Original Dataset/Original Dataset/Retinal Detachment/Retinal Detachment111.jpg,Retinal Detachment,8
Eye Disease Image Dataset/Original Dataset/Original Dataset/Myopia/Myopia132.jpg,Myopia,6
Eye Disease Image Dataset/Original Dataset/Original Dataset/Glaucoma/Glaucoma545.jpg,Glaucoma,3
Eye Disease Image Dataset/Original Dataset/Original Dataset/Myopia/Myopia149.jpg,Myopia,6
Eye Disease Image Dataset/Original Dataset/Original Dataset/Glaucoma/Glaucoma1218.jpg,Glaucoma,3
Eye Disease Image Dataset/Original Dataset/Original Dataset/Glaucoma/Glaucoma62.jpg,Glaucoma,3
Eye Disease Image Dataset/Original Dataset/Original Dataset/Glaucoma/Glaucoma32.jpg,Glaucoma,3
Eye Disease Image Dataset/Original Dataset/Original Dataset/Healthy/Healthy781.jpg,Healthy,4
Eye Disease Image Dataset/Original Dataset/Original Dataset/Healthy/Healthy405.jpg,Healthy,4
Eye Disease Image Dataset/Original Dataset/Original Dataset/Glaucoma/Glaucoma134.jpg,Glaucoma,3
Eye Disease Image Dataset/Original Dataset/Original Dataset/Healthy/Healthy765.jpg,Healthy,4
Eye Disease Image Dataset/Original Dataset/Original Dataset/Myopia/Myopia387.jpg,Myopia,6
Eye Disease Image Dataset/Original Dataset/Original Dataset/Macular Scar/Macular Scar330.jpg,Macular Scar,5
Eye Disease Image Dataset/Original Dataset/Original Dataset/Healthy/Healthy946.jpg,Healthy,4
Eye Disease Image Dataset/Original Dataset/Original Dataset/Diabetic Retinopathy/DR112.jpg,Diabetic Retinopathy,1
Eye Disease Image Dataset/Original Dataset/Original Dataset/Diabetic Retinopathy/DR213.jpg,Diabetic Retinopathy,1
Eye Disease Image Dataset/Original Dataset/Original Dataset/Glaucoma/Glaucoma337.jpg,Glaucoma,3
Eye Disease Image Dataset/Original Dataset/Original Dataset/Healthy/Healthy875.jpg,Healthy,4
Eye Disease Image Dataset/Original Dataset/Original Dataset/Diabetic Retinopathy/DR849.jpg,Diabetic Retinopathy,1
Eye Disease Image Dataset/Original Dataset/Original Dataset/Diabetic Retinopathy/DR1482.jpg,Diabetic Retinopathy,1
Eye Disease Image Dataset/Original Dataset/Original Dataset/Healthy/Healthy1002.jpg,Healthy,4
Eye Disease Image Dataset/Original Dataset/Original Dataset/Diabetic Retinopathy/DR723.jpg,Diabetic Retinopathy,1
Eye Disease Image Dataset/Original Dataset/Original Dataset/Healthy/Healthy272.jpg,Healthy,4
Eye Disease Image Dataset/Original Dataset/Original Dataset/Glaucoma/Glaucoma445.jpg,Glaucoma,3
Eye Disease Image Dataset/Original Dataset/Original Dataset/Healthy/Healthy745.jpg,Healthy,4
Eye Disease Image Dataset/Original Dataset/Original Dataset/Diabetic Retinopathy/DR452.jpg,Diabetic Retinopathy,1
Eye Disease Image Dataset/Original Dataset/Original Dataset/Glaucoma/Glaucoma18.jpg,Glaucoma,3
Eye Disease Image Dataset/Original Dataset/Original Dataset/Diabetic Retinopathy/DR325.jpg,Diabetic Retinopathy,1
Eye Disease Image Dataset/Original Dataset/Original Dataset/Healthy/Healthy532.jpg,Healthy,4
Eye Disease Image Dataset/Original Dataset/Original Dataset/Glaucoma/Glaucoma1347.jpg,Glaucoma,3
Eye Disease Image Dataset/Original Dataset/Original Dataset/Glaucoma/Glaucoma239.jpg,Glaucoma,3
Eye Disease Image Dataset/Original Dataset/Original Dataset/Diabetic Retinopathy/DR573.jpg,Diabetic Retinopathy,1
Eye Disease Image Dataset/Original Dataset/Original Dataset/Retinal Detachment/Retinal Detachment124.jpg,Retinal Detachment,8
Eye Disease Image Dataset/Original Dataset/Original Dataset/Myopia/Myopia214.jpg,Myopia,6
Eye Disease Image Dataset/Original Dataset/Original Dataset/Diabetic Retinopathy/DR1394.jpg,Diabetic Retinopathy,1
Eye Disease Image Dataset/Original Dataset/Original Dataset/Central Serous Chorioretinopathy [Color Fundus]/CSCR90.jpg,Central Serous Chorioretinopathy [Color Fundus],0
Eye Disease Image Dataset/Original Dataset/Original Dataset/Healthy/Healthy236.jpg,Healthy,4
Eye Disease Image Dataset/Original Dataset/Original Dataset/Diabetic Retinopathy/DR131.jpg,Diabetic Retinopathy,1
Eye Disease Image Dataset/Original Dataset/Original Dataset/Diabetic Retinopathy/DR478.jpg,Diabetic Retinopathy,1
Eye Disease Image Dataset/Original Dataset/Original Dataset/Diabetic Retinopathy/DR860.jpg,Diabetic Retinopathy,1
Eye Disease Image Dataset/Original Dataset/Original Dataset/Healthy/Healthy392.jpg,Healthy,4
Eye Disease Image Dataset/Original Dataset/Original Dataset/Myopia/Myopia447.jpg,Myopia,6
Eye Disease Image Dataset/Original Dataset/Original Dataset/Glaucoma/Glaucoma1157.jpg,Glaucoma,3
Eye Disease Image Dataset/Original Dataset/Original Dataset/Retinal Detachment/Retinal Detachment95.jpg,Retinal Detachment,8
Eye Disease Image Dataset/Original Dataset/Original Dataset/Diabetic Retinopathy/DR1460.jpg,Diabetic Retinopathy,1
Eye Disease Image Dataset/Original Dataset/Original Dataset/Glaucoma/Glaucoma945.jpg,Glaucoma,3
Eye Disease Image Dataset/Original Dataset/Original Dataset/Myopia/Myopia36.jpg,Myopia,6
Eye Disease Image Dataset/Original Dataset/Original Dataset/Macular Scar/Macular Scar386.jpg,Macular Scar,5
Eye Disease Image Dataset/Original Dataset/Original Dataset/Healthy/Healthy74.jpg,Healthy,4
Eye Disease Image Dataset/Original Dataset/Original Dataset/Diabetic Retinopathy/DR1499.jpg,Diabetic Retinopathy,1
Eye Disease Image Dataset/Original Dataset/Original Dataset/Retinal Detachment/Retinal Detachment19.jpg,Retinal Detachment,8
Eye Disease Image Dataset/Original Dataset/Original Dataset/Healthy/Healthy723.jpg,Healthy,4
Eye Disease Image Dataset/Original Dataset/Original Dataset/Diabetic Retinopathy/DR649.jpg,Diabetic Retinopathy,1
Eye Disease Image Dataset/Original Dataset/Original Dataset/Glaucoma/Glaucoma285.jpg,Glaucoma,3
Eye Disease Image Dataset/Original Dataset/Original Dataset/Myopia/Myopia243.jpg,Myopia,6
Eye Disease Image Dataset/Original Dataset/Original Dataset/Myopia/Myopia100.jpg,Myopia,6
Eye Disease Image Dataset/Original Dataset/Original Dataset/Macular Scar/Macular Scar191.jpg,Macular Scar,5
Eye Disease Image Dataset/Original Dataset/Original Dataset/Macular Scar/Macular Scar313.jpg,Macular Scar,5
Eye Disease Image Dataset/Original Dataset/Original Dataset/Healthy/Healthy313.jpg,Healthy,4
Eye Disease Image Dataset/Original Dataset/Original Dataset/Diabetic Retinopathy/DR1305.jpg,Diabetic Retinopathy,1
Eye Disease Image Dataset/Original Dataset/Original Dataset/Myopia/Myopia280.jpg,Myopia,6
Eye Disease Image Dataset/Original Dataset/Original Dataset/Diabetic Retinopathy/DR1367.jpg,Diabetic Retinopathy,1
Eye Disease Image Dataset/Original Dataset/Original Dataset/Myopia/Myopia57.jpg,Myopia,6
Eye Disease Image Dataset/Original Dataset/Original Dataset/Retinitis Pigmentosa/Retinitis Pigmentosa97.jpg,Retinitis Pigmentosa,9
Eye Disease Image Dataset/Original Dataset/Original Dataset/Myopia/Myopia51.jpg,Myopia,6
Eye Disease Image Dataset/Original Dataset/Original Dataset/Macular Scar/Macular Scar391.jpg,Macular Scar,5
Eye Disease Image Dataset/Original Dataset/Original Dataset/Diabetic Retinopathy/DR209.jpg,Diabetic Retinopathy,1
Eye Disease Image Dataset/Original Dataset/Original Dataset/Glaucoma/Glaucoma941.jpg,Glaucoma,3
Eye Disease Image Dataset/Original Dataset/Original Dataset/Myopia/Myopia55.jpg,Myopia,6
Eye Disease Image Dataset/Original Dataset/Original Dataset/Healthy/Healthy851.jpg,Healthy,4
Eye Disease Image Dataset/Original Dataset/Original Dataset/Glaucoma/Glaucoma794.jpg,Glaucoma,3
Eye Disease Image Dataset/Original Dataset/Original Dataset/Glaucoma/Glaucoma1011.jpg,Glaucoma,3
Eye Disease Image Dataset/Original Dataset/Original Dataset/Glaucoma/Glaucoma1007.jpg,Glaucoma,3
Eye Disease Image Dataset/Original Dataset/Original Dataset/Glaucoma/Glaucoma319.jpg,Glaucoma,3
Eye Disease Image Dataset/Original Dataset/Original Dataset/Glaucoma/Glaucoma825.jpg,Glaucoma,3
Eye Disease Image Dataset/Original Dataset/Original Dataset/Healthy/Healthy328.jpg,Healthy,4
Eye Disease Image Dataset/Original Dataset/Original Dataset/Glaucoma/Glaucoma1186.jpg,Glaucoma,3
Eye Disease Image Dataset/Original Dataset/Original Dataset/Healthy/Healthy1001.jpg,Healthy,4
Eye Disease Image Dataset/Original Dataset/Original Dataset/Macular Scar/Macular Scar308.jpg,Macular Scar,5
Eye Disease Image Dataset/Original Dataset/Original Dataset/Glaucoma/Glaucoma990.jpg,Glaucoma,3
Eye Disease Image Dataset/Original Dataset/Original Dataset/Diabetic Retinopathy/DR347.jpg,Diabetic Retinopathy,1
Eye Disease Image Dataset/Original Dataset/Original Dataset/Glaucoma/Glaucoma853.jpg,Glaucoma,3
Eye Disease Image Dataset/Original Dataset/Original Dataset/Disc Edema/Disc Edema99.jpg,Disc Edema,2
Eye Disease Image Dataset/Original Dataset/Original Dataset/Diabetic Retinopathy/DR773.jpg,Diabetic Retinopathy,1
Eye Disease Image Dataset/Original Dataset/Original Dataset/Diabetic Retinopathy/DR1355.jpg,Diabetic Retinopathy,1
Eye Disease Image Dataset/Original Dataset/Original Dataset/Healthy/Healthy922.jpg,Healthy,4
Eye Disease Image Dataset/Original Dataset/Original Dataset/Diabetic Retinopathy/DR957.jpg,Diabetic Retinopathy,1
Eye Disease Image Dataset/Original Dataset/Original Dataset/Diabetic Retinopathy/DR501.jpg,Diabetic Retinopathy,1
Eye Disease Image Dataset/Original Dataset/Original Dataset/Glaucoma/Glaucoma1325.jpg,Glaucoma,3
Eye Disease Image Dataset/Original Dataset/Original Dataset/Healthy/Healthy248.jpg,Healthy,4
Eye Disease Image Dataset/Original Dataset/Original Dataset/Macular Scar/Macular Scar433.jpg,Macular Scar,5
Eye Disease Image Dataset/Original Dataset/Original Dataset/Glaucoma/Glaucoma166.jpg,Glaucoma,3
Eye Disease Image Dataset/Original Dataset/Original Dataset/Healthy/Healthy907.jpg,Healthy,4
Eye Disease Image Dataset/Original Dataset/Original Dataset/Myopia/Myopia347.jpg,Myopia,6
Eye Disease Image Dataset/Original Dataset/Original Dataset/Diabetic Retinopathy/DR550.jpg,Diabetic Retinopathy,1
Eye Disease Image Dataset/Original Dataset/Original Dataset/Diabetic Retinopathy/DR976.jpg,Diabetic Retinopathy,1
Eye Disease Image Dataset/Original Dataset/Original Dataset/Diabetic Retinopathy/DR997.jpg,Diabetic Retinopathy,1
Eye Disease Image Dataset/Original Dataset/Original Dataset/Disc Edema/Disc Edema33.jpg,Disc Edema,2
Eye Disease Image Dataset/Original Dataset/Original Dataset/Diabetic Retinopathy/DR661.jpg,Diabetic Retinopathy,1
Eye Disease Image Dataset/Original Dataset/Original Dataset/Retinitis Pigmentosa/Retinitis Pigmentosa51.jpg,Retinitis Pigmentosa,9
Eye Disease Image Dataset/Original Dataset/Original Dataset/Myopia/Myopia210.jpg,Myopia,6
Eye Disease Image Dataset/Original Dataset/Original Dataset/Disc Edema/Disc Edema83.jpg,Disc Edema,2
Eye Disease Image Dataset/Original Dataset/Original Dataset/Diabetic Retinopathy/DR279.jpg,Diabetic Retinopathy,1
Eye Disease Image Dataset/Original Dataset/Original Dataset/Glaucoma/Glaucoma580.jpg,Glaucoma,3
Eye Disease Image Dataset/Original Dataset/Original Dataset/Healthy/Healthy437.jpg,Healthy,4
Eye Disease Image Dataset/Original Dataset/Original Dataset/Disc Edema/Disc Edema31.jpg,Disc Edema,2
Eye Disease Image Dataset/Original Dataset/Original Dataset/Macular Scar/Macular Scar415.jpg,Macular Scar,5
Eye Disease Image Dataset/Original Dataset/Original Dataset/Glaucoma/Glaucoma898.jpg,Glaucoma,3
Eye Disease Image Dataset/Original Dataset/Original Dataset/Diabetic Retinopathy/DR1146.jpg,Diabetic Retinopathy,1
Eye Disease Image Dataset/Original Dataset/Original Dataset/Healthy/Healthy845.jpg,Healthy,4
Eye Disease Image Dataset/Original Dataset/Original Dataset/Healthy/Healthy39.jpg,Healthy,4
Eye Disease Image Dataset/Original Dataset/Original Dataset/Retinitis Pigmentosa/Retinitis Pigmentosa108.jpg,Retinitis Pigmentosa,9
Eye Disease Image Dataset/Original Dataset/Original Dataset/Glaucoma/Glaucoma750.jpg,Glaucoma,3
Eye Disease Image Dataset/Original Dataset/Original Dataset/Macular Scar/Macular Scar203.jpg,Macular Scar,5
Eye Disease Image Dataset/Original Dataset/Original Dataset/Diabetic Retinopathy/DR1448.jpg,Diabetic Retinopathy,1
Eye Disease Image Dataset/Original Dataset/Original Dataset/Healthy/Healthy264.jpg,Healthy,4
Eye Disease Image Dataset/Original Dataset/Original Dataset/Diabetic Retinopathy/DR158.jpg,Diabetic Retinopathy,1
Eye Disease Image Dataset/Original Dataset/Original Dataset/Myopia/Myopia142.jpg,Myopia,6
Eye Disease Image Dataset/Original Dataset/Original Dataset/Glaucoma/Glaucoma881.jpg,Glaucoma,3
Eye Disease Image Dataset/Original Dataset/Original Dataset/Healthy/Healthy1007.jpg,Healthy,4
Eye Disease Image Dataset/Original Dataset/Original Dataset/Healthy/Healthy555.jpg,Healthy,4
Eye Disease Image Dataset/Original Dataset/Original Dataset/Retinitis Pigmentosa/Retinitis Pigmentosa100.jpg,Retinitis Pigmentosa,9
Eye Disease Image Dataset/Original Dataset/Original Dataset/Glaucoma/Glaucoma417.jpg,Glaucoma,3
Eye Disease Image Dataset/Original Dataset/Original Dataset/Healthy/Healthy83.jpg,Healthy,4
Eye Disease Image Dataset/Original Dataset/Original Dataset/Glaucoma/Glaucoma474.jpg,Glaucoma,3
Eye Disease Image Dataset/Original Dataset/Original Dataset/Diabetic Retinopathy/DR314.jpg,Diabetic Retinopathy,1
Eye Disease Image Dataset/Original Dataset/Original Dataset/Diabetic Retinopathy/DR863.jpg,Diabetic Retinopathy,1
Eye Disease Image Dataset/Original Dataset/Original Dataset/Diabetic Retinopathy/DR248.jpg,Diabetic Retinopathy,1
Eye Disease Image Dataset/Original Dataset/Original Dataset/Macular Scar/Macular Scar317.jpg,Macular Scar,5
Eye Disease Image Dataset/Original Dataset/Original Dataset/Myopia/Myopia233.jpg,Myopia,6
Eye Disease Image Dataset/Original Dataset/Original Dataset/Disc Edema/Disc Edema110.jpg,Disc Edema,2
Eye Disease Image Dataset/Original Dataset/Original Dataset/Macular Scar/Macular Scar340.jpg,Macular Scar,5
Eye Disease Image Dataset/Original Dataset/Original Dataset/Glaucoma/Glaucoma612.jpg,Glaucoma,3
Eye Disease Image Dataset/Original Dataset/Original Dataset/Healthy/Healthy573.jpg,Healthy,4
Eye Disease Image Dataset/Original Dataset/Original Dataset/Diabetic Retinopathy/DR1426.jpg,Diabetic Retinopathy,1
Eye Disease Image Dataset/Original Dataset/Original Dataset/Diabetic Retinopathy/DR1463.jpg,Diabetic Retinopathy,1
Eye Disease Image Dataset/Original Dataset/Original Dataset/Healthy/Healthy1010.jpg,Healthy,4
Eye Disease Image Dataset/Original Dataset/Original Dataset/Diabetic Retinopathy/DR1031.jpg,Diabetic Retinopathy,1
Eye Disease Image Dataset/Original Dataset/Original Dataset/Healthy/Healthy165.jpg,Healthy,4
Eye Disease Image Dataset/Original Dataset/Original Dataset/Healthy/Healthy961.jpg,Healthy,4
Eye Disease Image Dataset/Original Dataset/Original Dataset/Myopia/Myopia191.jpg,Myopia,6
Eye Disease Image Dataset/Original Dataset/Original Dataset/Healthy/Healthy419.jpg,Healthy,4
Eye Disease Image Dataset/Original Dataset/Original Dataset/Glaucoma/Glaucoma55.jpg,Glaucoma,3
Eye Disease Image Dataset/Original Dataset/Original Dataset/Myopia/Myopia61.jpg,Myopia,6
Eye Disease Image Dataset/Original Dataset/Original Dataset/Glaucoma/Glaucoma1188.jpg,Glaucoma,3
Eye Disease Image Dataset/Original Dataset/Original Dataset/Diabetic Retinopathy/DR586.jpg,Diabetic Retinopathy,1
Eye Disease Image Dataset/Original Dataset/Original Dataset/Glaucoma/Glaucoma1316.jpg,Glaucoma,3
Eye Disease Image Dataset/Original Dataset/Original Dataset/Glaucoma/Glaucoma983.jpg,Glaucoma,3
Eye Disease Image Dataset/Original Dataset/Original Dataset/Macular Scar/Macular Scar343.jpg,Macular Scar,5
Eye Disease Image Dataset/Original Dataset/Original Dataset/Healthy/Healthy432.jpg,Healthy,4
Eye Disease Image Dataset/Original Dataset/Original Dataset/Macular Scar/Macular Scar439.jpg,Macular Scar,5
Eye Disease Image Dataset/Original Dataset/Original Dataset/Diabetic Retinopathy/DR1241.jpg,Diabetic Retinopathy,1
Eye Disease Image Dataset/Original Dataset/Original Dataset/Healthy/Healthy96.jpg,Healthy,4
Eye Disease Image Dataset/Original Dataset/Original Dataset/Glaucoma/Glaucoma562.jpg,Glaucoma,3
Eye Disease Image Dataset/Original Dataset/Original Dataset/Glaucoma/Glaucoma637.jpg,Glaucoma,3
Eye Disease Image Dataset/Original Dataset/Original Dataset/Macular Scar/Macular Scar9.jpg,Macular Scar,5
Eye Disease Image Dataset/Original Dataset/Original Dataset/Diabetic Retinopathy/DR1112.jpg,Diabetic Retinopathy,1
Eye Disease Image Dataset/Original Dataset/Original Dataset/Diabetic Retinopathy/DR576.jpg,Diabetic Retinopathy,1
Eye Disease Image Dataset/Original Dataset/Original Dataset/Diabetic Retinopathy/DR283.jpg,Diabetic Retinopathy,1
Eye Disease Image Dataset/Original Dataset/Original Dataset/Glaucoma/Glaucoma1178.jpg,Glaucoma,3
Eye Disease Image Dataset/Original Dataset/Original Dataset/Diabetic Retinopathy/DR1292.jpg,Diabetic Retinopathy,1
Eye Disease Image Dataset/Original Dataset/Original Dataset/Myopia/Myopia472.jpg,Myopia,6
Eye Disease Image Dataset/Original Dataset/Original Dataset/Healthy/Healthy716.jpg,Healthy,4
Eye Disease Image Dataset/Original Dataset/Original Dataset/Retinal Detachment/Retinal Detachment57.jpg,Retinal Detachment,8
Eye Disease Image Dataset/Original Dataset/Original Dataset/Diabetic Retinopathy/DR658.jpg,Diabetic Retinopathy,1
Eye Disease Image Dataset/Original Dataset/Original Dataset/Healthy/Healthy2.jpg,Healthy,4
Eye Disease Image Dataset/Original Dataset/Original Dataset/Diabetic Retinopathy/DR1182.jpg,Diabetic Retinopathy,1
Eye Disease Image Dataset/Original Dataset/Original Dataset/Glaucoma/Glaucoma828.jpg,Glaucoma,3
Eye Disease Image Dataset/Original Dataset/Original Dataset/Diabetic Retinopathy/DR577.jpg,Diabetic Retinopathy,1
Eye Disease Image Dataset/Original Dataset/Original Dataset/Myopia/Myopia56.jpg,Myopia,6
Eye Disease Image Dataset/Original Dataset/Original Dataset/Myopia/Myopia316.jpg,Myopia,6
Eye Disease Image Dataset/Original Dataset/Original Dataset/Diabetic Retinopathy/DR1353.jpg,Diabetic Retinopathy,1
Eye Disease Image Dataset/Original Dataset/Original Dataset/Healthy/Healthy513.jpg,Healthy,4
Eye Disease Image Dataset/Original Dataset/Original Dataset/Glaucoma/Glaucoma953.jpg,Glaucoma,3
Eye Disease Image Dataset/Original Dataset/Original Dataset/Glaucoma/Glaucoma301.jpg,Glaucoma,3
Eye Disease Image Dataset/Original Dataset/Original Dataset/Glaucoma/Glaucoma1168.jpg,Glaucoma,3
Eye Disease Image Dataset/Original Dataset/Original Dataset/Macular Scar/Macular Scar230.jpg,Macular Scar,5
Eye Disease Image Dataset/Original Dataset/Original Dataset/Diabetic Retinopathy/DR670.jpg,Diabetic Retinopathy,1
Eye Disease Image Dataset/Original Dataset/Original Dataset/Macular Scar/Macular Scar136.jpg,Macular Scar,5
Eye Disease Image Dataset/Original Dataset/Original Dataset/Diabetic Retinopathy/DR308.jpg,Diabetic Retinopathy,1
Eye Disease Image Dataset/Original Dataset/Original Dataset/Glaucoma/Glaucoma298.jpg,Glaucoma,3
Eye Disease Image Dataset/Original Dataset/Original Dataset/Central Serous Chorioretinopathy [Color Fundus]/CSCR11.jpg,Central Serous Chorioretinopathy [Color Fundus],0
Eye Disease Image Dataset/Original Dataset/Original Dataset/Diabetic Retinopathy/DR102.jpg,Diabetic Retinopathy,1
Eye Disease Image Dataset/Original Dataset/Original Dataset/Diabetic Retinopathy/DR798.jpg,Diabetic Retinopathy,1
Eye Disease Image Dataset/Original Dataset/Original Dataset/Healthy/Healthy604.jpg,Healthy,4
Eye Disease Image Dataset/Original Dataset/Original Dataset/Healthy/Healthy616.jpg,Healthy,4
Eye Disease Image Dataset/Original Dataset/Original Dataset/Macular Scar/Macular Scar59.jpg,Macular Scar,5
Eye Disease Image Dataset/Original Dataset/Original Dataset/Healthy/Healthy356.jpg,Healthy,4
Eye Disease Image Dataset/Original Dataset/Original Dataset/Healthy/Healthy545.jpg,Healthy,4
Eye Disease Image Dataset/Original Dataset/Original Dataset/Glaucoma/Glaucoma687.jpg,Glaucoma,3
Eye Disease Image Dataset/Original Dataset/Original Dataset/Diabetic Retinopathy/DR103.jpg,Diabetic Retinopathy,1
Eye Disease Image Dataset/Original Dataset/Original Dataset/Diabetic Retinopathy/DR1412.jpg,Diabetic Retinopathy,1
Eye Disease Image Dataset/Original Dataset/Original Dataset/Diabetic Retinopathy/DR942.jpg,Diabetic Retinopathy,1
Eye Disease Image Dataset/Original Dataset/Original Dataset/Healthy/Healthy1005.jpg,Healthy,4
Eye Disease Image Dataset/Original Dataset/Original Dataset/Central Serous Chorioretinopathy [Color Fundus]/CSCR99.jpg,Central Serous Chorioretinopathy [Color Fundus],0
Eye Disease Image Dataset/Original Dataset/Original Dataset/Diabetic Retinopathy/DR628.jpg,Diabetic Retinopathy,1
Eye Disease Image Dataset/Original Dataset/Original Dataset/Diabetic Retinopathy/DR1092.jpg,Diabetic Retinopathy,1
Eye Disease Image Dataset/Original Dataset/Original Dataset/Diabetic Retinopathy/DR996.jpg,Diabetic Retinopathy,1
Eye Disease Image Dataset/Original Dataset/Original Dataset/Diabetic Retinopathy/DR126.jpg,Diabetic Retinopathy,1
Eye Disease Image Dataset/Original Dataset/Original Dataset/Healthy/Healthy444.jpg,Healthy,4
Eye Disease Image Dataset/Original Dataset/Original Dataset/Diabetic Retinopathy/DR25.jpg,Diabetic Retinopathy,1
Eye Disease Image Dataset/Original Dataset/Original Dataset/Glaucoma/Glaucoma118.jpg,Glaucoma,3
Eye Disease Image Dataset/Original Dataset/Original Dataset/Healthy/Healthy663.jpg,Healthy,4
Eye Disease Image Dataset/Original Dataset/Original Dataset/Macular Scar/Macular Scar256.jpg,Macular Scar,5
Eye Disease Image Dataset/Original Dataset/Original Dataset/Retinitis Pigmentosa/Retinitis Pigmentosa60.jpg,Retinitis Pigmentosa,9
Eye Disease Image Dataset/Original Dataset/Original Dataset/Macular Scar/Macular Scar14.jpg,Macular Scar,5
Eye Disease Image Dataset/Original Dataset/Original Dataset/Retinal Detachment/Retinal Detachment14.jpg,Retinal Detachment,8
Eye Disease Image Dataset/Original Dataset/Original Dataset/Retinal Detachment/Retinal Detachment61.jpg,Retinal Detachment,8
Eye Disease Image Dataset/Original Dataset/Original Dataset/Diabetic Retinopathy/DR995.jpg,Diabetic Retinopathy,1
Eye Disease Image Dataset/Original Dataset/Original Dataset/Myopia/Myopia133.jpg,Myopia,6
Eye Disease Image Dataset/Original Dataset/Original Dataset/Glaucoma/Glaucoma717.jpg,Glaucoma,3
Eye Disease Image Dataset/Original Dataset/Original Dataset/Diabetic Retinopathy/DR1142.jpg,Diabetic Retinopathy,1
Eye Disease Image Dataset/Original Dataset/Original Dataset/Healthy/Healthy439.jpg,Healthy,4
Eye Disease Image Dataset/Original Dataset/Original Dataset/Healthy/Healthy919.jpg,Healthy,4
Eye Disease Image Dataset/Original Dataset/Original Dataset/Diabetic Retinopathy/DR444.jpg,Diabetic Retinopathy,1
Eye Disease Image Dataset/Original Dataset/Original Dataset/Diabetic Retinopathy/DR349.jpg,Diabetic Retinopathy,1
Eye Disease Image Dataset/Original Dataset/Original Dataset/Macular Scar/Macular Scar355.jpg,Macular Scar,5
Eye Disease Image Dataset/Original Dataset/Original Dataset/Diabetic Retinopathy/DR1273.jpg,Diabetic Retinopathy,1
Eye Disease Image Dataset/Original Dataset/Original Dataset/Disc Edema/Disc Edema43.jpg,Disc Edema,2
Eye Disease Image Dataset/Original Dataset/Original Dataset/Healthy/Healthy942.jpg,Healthy,4
Eye Disease Image Dataset/Original Dataset/Original Dataset/Glaucoma/Glaucoma574.jpg,Glaucoma,3
Eye Disease Image Dataset/Original Dataset/Original Dataset/Healthy/Healthy898.jpg,Healthy,4
Eye Disease Image Dataset/Original Dataset/Original Dataset/Diabetic Retinopathy/DR156.jpg,Diabetic Retinopathy,1
Eye Disease Image Dataset/Original Dataset/Original Dataset/Healthy/Healthy27.jpg,Healthy,4
Eye Disease Image Dataset/Original Dataset/Original Dataset/Retinitis Pigmentosa/Retinitis Pigmentosa24.jpg,Retinitis Pigmentosa,9
Eye Disease Image Dataset/Original Dataset/Original Dataset/Healthy/Healthy536.jpg,Healthy,4
Eye Disease Image Dataset/Original Dataset/Original Dataset/Diabetic Retinopathy/DR696.jpg,Diabetic Retinopathy,1
Eye Disease Image Dataset/Original Dataset/Original Dataset/Myopia/Myopia229.jpg,Myopia,6
Eye Disease Image Dataset/Original Dataset/Original Dataset/Retinal Detachment/Retinal Detachment66.jpg,Retinal Detachment,8
Eye Disease Image Dataset/Original Dataset/Original Dataset/Healthy/Healthy814.jpg,Healthy,4
Eye Disease Image Dataset/Original Dataset/Original Dataset/Healthy/Healthy469.jpg,Healthy,4
Eye Disease Image Dataset/Original Dataset/Original Dataset/Macular Scar/Macular Scar287.jpg,Macular Scar,5
Eye Disease Image Dataset/Original Dataset/Original Dataset/Macular Scar/Macular Scar395.jpg,Macular Scar,5
Eye Disease Image Dataset/Original Dataset/Original Dataset/Macular Scar/Macular Scar183.jpg,Macular Scar,5
Eye Disease Image Dataset/Original Dataset/Original Dataset/Glaucoma/Glaucoma388.jpg,Glaucoma,3
Eye Disease Image Dataset/Original Dataset/Original Dataset/Macular Scar/Macular Scar257.jpg,Macular Scar,5
Eye Disease Image Dataset/Original Dataset/Original Dataset/Healthy/Healthy24.jpg,Healthy,4
Eye Disease Image Dataset/Original Dataset/Original Dataset/Glaucoma/Glaucoma579.jpg,Glaucoma,3
Eye Disease Image Dataset/Original Dataset/Original Dataset/Healthy/Healthy948.jpg,Healthy,4
Eye Disease Image Dataset/Original Dataset/Original Dataset/Glaucoma/Glaucoma763.jpg,Glaucoma,3
Eye Disease Image Dataset/Original Dataset/Original Dataset/Diabetic Retinopathy/DR730.jpg,Diabetic Retinopathy,1
Eye Disease Image Dataset/Original Dataset/Original Dataset/Glaucoma/Glaucoma1117.jpg,Glaucoma,3
Eye Disease Image Dataset/Original Dataset/Original Dataset/Glaucoma/Glaucoma991.jpg,Glaucoma,3
Eye Disease Image Dataset/Original Dataset/Original Dataset/Diabetic Retinopathy/DR389.jpg,Diabetic Retinopathy,1
Eye Disease Image Dataset/Original Dataset/Original Dataset/Diabetic Retinopathy/DR814.jpg,Diabetic Retinopathy,1
Eye Disease Image Dataset/Original Dataset/Original Dataset/Retinitis Pigmentosa/Retinitis Pigmentosa131.jpg,Retinitis Pigmentosa,9
Eye Disease Image Dataset/Original Dataset/Original Dataset/Macular Scar/Macular Scar434.jpg,Macular Scar,5
Eye Disease Image Dataset/Original Dataset/Original Dataset/Diabetic Retinopathy/DR231.jpg,Diabetic Retinopathy,1
Eye Disease Image Dataset/Original Dataset/Original Dataset/Glaucoma/Glaucoma804.jpg,Glaucoma,3
Eye Disease Image Dataset/Original Dataset/Original Dataset/Retinitis Pigmentosa/Retinitis Pigmentosa114.jpg,Retinitis Pigmentosa,9
Eye Disease Image Dataset/Original Dataset/Original Dataset/Myopia/Myopia166.jpg,Myopia,6
Eye Disease Image Dataset/Original Dataset/Original Dataset/Healthy/Healthy867.jpg,Healthy,4
Eye Disease Image Dataset/Original Dataset/Original Dataset/Myopia/Myopia93.jpg,Myopia,6
Eye Disease Image Dataset/Original Dataset/Original Dataset/Macular Scar/Macular Scar113.jpg,Macular Scar,5
Eye Disease Image Dataset/Original Dataset/Original Dataset/Diabetic Retinopathy/DR388.jpg,Diabetic Retinopathy,1
Eye Disease Image Dataset/Original Dataset/Original Dataset/Glaucoma/Glaucoma918.jpg,Glaucoma,3
Eye Disease Image Dataset/Original Dataset/Original Dataset/Healthy/Healthy672.jpg,Healthy,4
Eye Disease Image Dataset/Original Dataset/Original Dataset/Diabetic Retinopathy/DR1250.jpg,Diabetic Retinopathy,1
Eye Disease Image Dataset/Original Dataset/Original Dataset/Glaucoma/Glaucoma1301.jpg,Glaucoma,3
Eye Disease Image Dataset/Original Dataset/Original Dataset/Glaucoma/Glaucoma971.jpg,Glaucoma,3
Eye Disease Image Dataset/Original Dataset/Original Dataset/Retinitis Pigmentosa/Retinitis Pigmentosa87.jpg,Retinitis Pigmentosa,9
Eye Disease Image Dataset/Original Dataset/Original Dataset/Diabetic Retinopathy/DR1496.jpg,Diabetic Retinopathy,1
Eye Disease Image Dataset/Original Dataset/Original Dataset/Glaucoma/Glaucoma733.jpg,Glaucoma,3
Eye Disease Image Dataset/Original Dataset/Original Dataset/Diabetic Retinopathy/DR371.jpg,Diabetic Retinopathy,1
Eye Disease Image Dataset/Original Dataset/Original Dataset/Glaucoma/Glaucoma423.jpg,Glaucoma,3
Eye Disease Image Dataset/Original Dataset/Original Dataset/Diabetic Retinopathy/DR1137.jpg,Diabetic Retinopathy,1
Eye Disease Image Dataset/Original Dataset/Original Dataset/Healthy/Healthy580.jpg,Healthy,4
Eye Disease Image Dataset/Original Dataset/Original Dataset/Retinitis Pigmentosa/Retinitis Pigmentosa50.jpg,Retinitis Pigmentosa,9
Eye Disease Image Dataset/Original Dataset/Original Dataset/Myopia/Myopia382.jpg,Myopia,6
Eye Disease Image Dataset/Original Dataset/Original Dataset/Healthy/Healthy225.jpg,Healthy,4
Eye Disease Image Dataset/Original Dataset/Original Dataset/Glaucoma/Glaucoma736.jpg,Glaucoma,3
Eye Disease Image Dataset/Original Dataset/Original Dataset/Healthy/Healthy421.jpg,Healthy,4
Eye Disease Image Dataset/Original Dataset/Original Dataset/Pterygium/Pterygium4.jpg,Pterygium,7
Eye Disease Image Dataset/Original Dataset/Original Dataset/Diabetic Retinopathy/DR58.jpg,Diabetic Retinopathy,1
Eye Disease Image Dataset/Original Dataset/Original Dataset/Healthy/Healthy562.jpg,Healthy,4
Eye Disease Image Dataset/Original Dataset/Original Dataset/Glaucoma/Glaucoma815.jpg,Glaucoma,3
Eye Disease Image Dataset/Original Dataset/Original Dataset/Healthy/Healthy709.jpg,Healthy,4
Eye Disease Image Dataset/Original Dataset/Original Dataset/Diabetic Retinopathy/DR895.jpg,Diabetic Retinopathy,1
Eye Disease Image Dataset/Original Dataset/Original Dataset/Glaucoma/Glaucoma71.jpg,Glaucoma,3
Eye Disease Image Dataset/Original Dataset/Original Dataset/Central Serous Chorioretinopathy [Color Fundus]/CSCR9.jpg,Central Serous Chorioretinopathy [Color Fundus],0
Eye Disease Image Dataset/Original Dataset/Original Dataset/Glaucoma/Glaucoma482.jpg,Glaucoma,3
Eye Disease Image Dataset/Original Dataset/Original Dataset/Healthy/Healthy785.jpg,Healthy,4
Eye Disease Image Dataset/Original Dataset/Original Dataset/Central Serous Chorioretinopathy [Color Fundus]/CSCR76.jpg,Central Serous Chorioretinopathy [Color Fundus],0
Eye Disease Image Dataset/Original Dataset/Original Dataset/Glaucoma/Glaucoma1013.jpg,Glaucoma,3
Eye Disease Image Dataset/Original Dataset/Original Dataset/Healthy/Healthy748.jpg,Healthy,4
Eye Disease Image Dataset/Original Dataset/Original Dataset/Retinitis Pigmentosa/Retinitis Pigmentosa121.jpg,Retinitis Pigmentosa,9
Eye Disease Image Dataset/Original Dataset/Original Dataset/Glaucoma/Glaucoma790.jpg,Glaucoma,3
Eye Disease Image Dataset/Original Dataset/Original Dataset/Healthy/Healthy708.jpg,Healthy,4
Eye Disease Image Dataset/Original Dataset/Original Dataset/Glaucoma/Glaucoma181.jpg,Glaucoma,3
Eye Disease Image Dataset/Original Dataset/Original Dataset/Diabetic Retinopathy/DR1317.jpg,Diabetic Retinopathy,1
Eye Disease Image Dataset/Original Dataset/Original Dataset/Healthy/Healthy210.jpg,Healthy,4
Eye Disease Image Dataset/Original Dataset/Original Dataset/Healthy/Healthy124.jpg,Healthy,4
Eye Disease Image Dataset/Original Dataset/Original Dataset/Macular Scar/Macular Scar90.jpg,Macular Scar,5
Eye Disease Image Dataset/Original Dataset/Original Dataset/Diabetic Retinopathy/DR446.jpg,Diabetic Retinopathy,1
Eye Disease Image Dataset/Original Dataset/Original Dataset/Disc Edema/Disc Edema82.jpg,Disc Edema,2
Eye Disease Image Dataset/Original Dataset/Original Dataset/Healthy/Healthy687.jpg,Healthy,4
Eye Disease Image Dataset/Original Dataset/Original Dataset/Glaucoma/Glaucoma75.jpg,Glaucoma,3
Eye Disease Image Dataset/Original Dataset/Original Dataset/Glaucoma/Glaucoma363.jpg,Glaucoma,3
Eye Disease Image Dataset/Original Dataset/Original Dataset/Glaucoma/Glaucoma591.jpg,Glaucoma,3
Eye Disease Image Dataset/Original Dataset/Original Dataset/Myopia/Myopia202.jpg,Myopia,6
Eye Disease Image Dataset/Original Dataset/Original Dataset/Myopia/Myopia219.jpg,Myopia,6
Eye Disease Image Dataset/Original Dataset/Original Dataset/Diabetic Retinopathy/DR270.jpg,Diabetic Retinopathy,1
Eye Disease Image Dataset/Original Dataset/Original Dataset/Diabetic Retinopathy/DR1400.jpg,Diabetic Retinopathy,1
Eye Disease Image Dataset/Original Dataset/Original Dataset/Diabetic Retinopathy/DR1211.jpg,Diabetic Retinopathy,1
Eye Disease Image Dataset/Original Dataset/Original Dataset/Myopia/Myopia376.jpg,Myopia,6
Eye Disease Image Dataset/Original Dataset/Original Dataset/Glaucoma/Glaucoma699.jpg,Glaucoma,3
Eye Disease Image Dataset/Original Dataset/Original Dataset/Diabetic Retinopathy/DR655.jpg,Diabetic Retinopathy,1
Eye Disease Image Dataset/Original Dataset/Original Dataset/Glaucoma/Glaucoma775.jpg,Glaucoma,3
Eye Disease Image Dataset/Original Dataset/Original Dataset/Healthy/Healthy593.jpg,Healthy,4
Eye Disease Image Dataset/Original Dataset/Original Dataset/Retinal Detachment/Retinal Detachment102.jpg,Retinal Detachment,8
Eye Disease Image Dataset/Original Dataset/Original Dataset/Healthy/Healthy858.jpg,Healthy,4
Eye Disease Image Dataset/Original Dataset/Original Dataset/Glaucoma/Glaucoma1242.jpg,Glaucoma,3
Eye Disease Image Dataset/Original Dataset/Original Dataset/Myopia/Myopia349.jpg,Myopia,6
Eye Disease Image Dataset/Original Dataset/Original Dataset/Macular Scar/Macular Scar130.jpg,Macular Scar,5
Eye Disease Image Dataset/Original Dataset/Original Dataset/Glaucoma/Glaucoma320.jpg,Glaucoma,3
Eye Disease Image Dataset/Original Dataset/Original Dataset/Diabetic Retinopathy/DR1508.jpg,Diabetic Retinopathy,1
Eye Disease Image Dataset/Original Dataset/Original Dataset/Disc Edema/Disc Edema127.jpg,Disc Edema,2
Eye Disease Image Dataset/Original Dataset/Original Dataset/Diabetic Retinopathy/DR215.jpg,Diabetic Retinopathy,1
Eye Disease Image Dataset/Original Dataset/Original Dataset/Macular Scar/Macular Scar137.jpg,Macular Scar,5
Eye Disease Image Dataset/Original Dataset/Original Dataset/Diabetic Retinopathy/DR208.jpg,Diabetic Retinopathy,1
Eye Disease Image Dataset/Original Dataset/Original Dataset/Healthy/Healthy315.jpg,Healthy,4
Eye Disease Image Dataset/Original Dataset/Original Dataset/Glaucoma/Glaucoma677.jpg,Glaucoma,3
Eye Disease Image Dataset/Original Dataset/Original Dataset/Glaucoma/Glaucoma911.jpg,Glaucoma,3
Eye Disease Image Dataset/Original Dataset/Original Dataset/Healthy/Healthy451.jpg,Healthy,4
Eye Disease Image Dataset/Original Dataset/Original Dataset/Retinitis Pigmentosa/Retinitis Pigmentosa10.jpg,Retinitis Pigmentosa,9
Eye Disease Image Dataset/Original Dataset/Original Dataset/Glaucoma/Glaucoma162.jpg,Glaucoma,3
Eye Disease Image Dataset/Original Dataset/Original Dataset/Diabetic Retinopathy/DR467.jpg,Diabetic Retinopathy,1
Eye Disease Image Dataset/Original Dataset/Original Dataset/Glaucoma/Glaucoma390.jpg,Glaucoma,3
Eye Disease Image Dataset/Original Dataset/Original Dataset/Myopia/Myopia408.jpg,Myopia,6
Eye Disease Image Dataset/Original Dataset/Original Dataset/Glaucoma/Glaucoma1181.jpg,Glaucoma,3
Eye Disease Image Dataset/Original Dataset/Original Dataset/Healthy/Healthy920.jpg,Healthy,4
Eye Disease Image Dataset/Original Dataset/Original Dataset/Macular Scar/Macular Scar52.jpg,Macular Scar,5
Eye Disease Image Dataset/Original Dataset/Original Dataset/Diabetic Retinopathy/DR1372.jpg,Diabetic Retinopathy,1
Eye Disease Image Dataset/Original Dataset/Original Dataset/Healthy/Healthy250.jpg,Healthy,4
Eye Disease Image Dataset/Original Dataset/Original Dataset/Retinal Detachment/Retinal Detachment87.jpg,Retinal Detachment,8
Eye Disease Image Dataset/Original Dataset/Original Dataset/Healthy/Healthy722.jpg,Healthy,4
Eye Disease Image Dataset/Original Dataset/Original Dataset/Glaucoma/Glaucoma483.jpg,Glaucoma,3
Eye Disease Image Dataset/Original Dataset/Original Dataset/Diabetic Retinopathy/DR815.jpg,Diabetic Retinopathy,1
Eye Disease Image Dataset/Original Dataset/Original Dataset/Disc Edema/Disc Edema72.jpg,Disc Edema,2
Eye Disease Image Dataset/Original Dataset/Original Dataset/Diabetic Retinopathy/DR827.jpg,Diabetic Retinopathy,1
Eye Disease Image Dataset/Original Dataset/Original Dataset/Healthy/Healthy717.jpg,Healthy,4
Eye Disease Image Dataset/Original Dataset/Original Dataset/Diabetic Retinopathy/DR53.jpg,Diabetic Retinopathy,1
Eye Disease Image Dataset/Original Dataset/Original Dataset/Glaucoma/Glaucoma1094.jpg,Glaucoma,3
Eye Disease Image Dataset/Original Dataset/Original Dataset/Diabetic Retinopathy/DR361.jpg,Diabetic Retinopathy,1
Eye Disease Image Dataset/Original Dataset/Original Dataset/Glaucoma/Glaucoma609.jpg,Glaucoma,3
Eye Disease Image Dataset/Original Dataset/Original Dataset/Glaucoma/Glaucoma539.jpg,Glaucoma,3
Eye Disease Image Dataset/Original Dataset/Original Dataset/Macular Scar/Macular Scar282.jpg,Macular Scar,5
Eye Disease Image Dataset/Original Dataset/Original Dataset/Diabetic Retinopathy/DR366.jpg,Diabetic Retinopathy,1
Eye Disease Image Dataset/Original Dataset/Original Dataset/Healthy/Healthy970.jpg,Healthy,4
Eye Disease Image Dataset/Original Dataset/Original Dataset/Macular Scar/Macular Scar101.jpg,Macular Scar,5
Eye Disease Image Dataset/Original Dataset/Original Dataset/Glaucoma/Glaucoma14.jpg,Glaucoma,3
Eye Disease Image Dataset/Original Dataset/Original Dataset/Disc Edema/Disc Edema18.jpg,Disc Edema,2
Eye Disease Image Dataset/Original Dataset/Original Dataset/Retinitis Pigmentosa/Retinitis Pigmentosa80.jpg,Retinitis Pigmentosa,9
Eye Disease Image Dataset/Original Dataset/Original Dataset/Glaucoma/Glaucoma464.jpg,Glaucoma,3
Eye Disease Image Dataset/Original Dataset/Original Dataset/Glaucoma/Glaucoma852.jpg,Glaucoma,3
Eye Disease Image Dataset/Original Dataset/Original Dataset/Diabetic Retinopathy/DR1421.jpg,Diabetic Retinopathy,1
Eye Disease Image Dataset/Original Dataset/Original Dataset/Macular Scar/Macular Scar19.jpg,Macular Scar,5
Eye Disease Image Dataset/Original Dataset/Original Dataset/Macular Scar/Macular Scar8.jpg,Macular Scar,5
Eye Disease Image Dataset/Original Dataset/Original Dataset/Myopia/Myopia159.jpg,Myopia,6
Eye Disease Image Dataset/Original Dataset/Original Dataset/Diabetic Retinopathy/DR1417.jpg,Diabetic Retinopathy,1
Eye Disease Image Dataset/Original Dataset/Original Dataset/Diabetic Retinopathy/DR326.jpg,Diabetic Retinopathy,1
Eye Disease Image Dataset/Original Dataset/Original Dataset/Glaucoma/Glaucoma954.jpg,Glaucoma,3
Eye Disease Image Dataset/Original Dataset/Original Dataset/Macular Scar/Macular Scar29.jpg,Macular Scar,5
Eye Disease Image Dataset/Original Dataset/Original Dataset/Healthy/Healthy565.jpg,Healthy,4
Eye Disease Image Dataset/Original Dataset/Original Dataset/Healthy/Healthy194.jpg,Healthy,4
Eye Disease Image Dataset/Original Dataset/Original Dataset/Diabetic Retinopathy/DR1365.jpg,Diabetic Retinopathy,1
Eye Disease Image Dataset/Original Dataset/Original Dataset/Diabetic Retinopathy/DR1340.jpg,Diabetic Retinopathy,1
Eye Disease Image Dataset/Original Dataset/Original Dataset/Healthy/Healthy629.jpg,Healthy,4
Eye Disease Image Dataset/Original Dataset/Original Dataset/Healthy/Healthy688.jpg,Healthy,4
Eye Disease Image Dataset/Original Dataset/Original Dataset/Disc Edema/Disc Edema8.jpg,Disc Edema,2
Eye Disease Image Dataset/Original Dataset/Original Dataset/Diabetic Retinopathy/DR1096.jpg,Diabetic Retinopathy,1
Eye Disease Image Dataset/Original Dataset/Original Dataset/Healthy/Healthy200.jpg,Healthy,4
Eye Disease Image Dataset/Original Dataset/Original Dataset/Macular Scar/Macular Scar188.jpg,Macular Scar,5
Eye Disease Image Dataset/Original Dataset/Original Dataset/Glaucoma/Glaucoma900.jpg,Glaucoma,3
Eye Disease Image Dataset/Original Dataset/Original Dataset/Diabetic Retinopathy/DR460.jpg,Diabetic Retinopathy,1
Eye Disease Image Dataset/Original Dataset/Original Dataset/Macular Scar/Macular Scar400.jpg,Macular Scar,5
Eye Disease Image Dataset/Original Dataset/Original Dataset/Macular Scar/Macular Scar250.jpg,Macular Scar,5
Eye Disease Image Dataset/Original Dataset/Original Dataset/Glaucoma/Glaucoma1119.jpg,Glaucoma,3
Eye Disease Image Dataset/Original Dataset/Original Dataset/Healthy/Healthy960.jpg,Healthy,4
Eye Disease Image Dataset/Original Dataset/Original Dataset/Glaucoma/Glaucoma647.jpg,Glaucoma,3
Eye Disease Image Dataset/Original Dataset/Original Dataset/Retinal Detachment/Retinal Detachment90.jpg,Retinal Detachment,8
Eye Disease Image Dataset/Original Dataset/Original Dataset/Myopia/Myopia207.jpg,Myopia,6
Eye Disease Image Dataset/Original Dataset/Original Dataset/Diabetic Retinopathy/DR597.jpg,Diabetic Retinopathy,1
Eye Disease Image Dataset/Original Dataset/Original Dataset/Diabetic Retinopathy/DR744.jpg,Diabetic Retinopathy,1
Eye Disease Image Dataset/Original Dataset/Original Dataset/Healthy/Healthy64.jpg,Healthy,4
Eye Disease Image Dataset/Original Dataset/Original Dataset/Healthy/Healthy80.jpg,Healthy,4
Eye Disease Image Dataset/Original Dataset/Original Dataset/Healthy/Healthy647.jpg,Healthy,4
Eye Disease Image Dataset/Original Dataset/Original Dataset/Glaucoma/Glaucoma382.jpg,Glaucoma,3
Eye Disease Image Dataset/Original Dataset/Original Dataset/Glaucoma/Glaucoma1277.jpg,Glaucoma,3
Eye Disease Image Dataset/Original Dataset/Original Dataset/Glaucoma/Glaucoma413.jpg,Glaucoma,3
Eye Disease Image Dataset/Original Dataset/Original Dataset/Healthy/Healthy379.jpg,Healthy,4
Eye Disease Image Dataset/Original Dataset/Original Dataset/Diabetic Retinopathy/DR1257.jpg,Diabetic Retinopathy,1
Eye Disease Image Dataset/Original Dataset/Original Dataset/Glaucoma/Glaucoma860.jpg,Glaucoma,3
Eye Disease Image Dataset/Original Dataset/Original Dataset/Diabetic Retinopathy/DR1333.jpg,Diabetic Retinopathy,1
Eye Disease Image Dataset/Original Dataset/Original Dataset/Myopia/Myopia21.jpg,Myopia,6
Eye Disease Image Dataset/Original Dataset/Original Dataset/Diabetic Retinopathy/DR275.jpg,Diabetic Retinopathy,1
Eye Disease Image Dataset/Original Dataset/Original Dataset/Healthy/Healthy864.jpg,Healthy,4
Eye Disease Image Dataset/Original Dataset/Original Dataset/Healthy/Healthy70.jpg,Healthy,4
Eye Disease Image Dataset/Original Dataset/Original Dataset/Macular Scar/Macular Scar10.jpg,Macular Scar,5
Eye Disease Image Dataset/Original Dataset/Original Dataset/Glaucoma/Glaucoma1349.jpg,Glaucoma,3
Eye Disease Image Dataset/Original Dataset/Original Dataset/Glaucoma/Glaucoma1171.jpg,Glaucoma,3
Eye Disease Image Dataset/Original Dataset/Original Dataset/Diabetic Retinopathy/DR766.jpg,Diabetic Retinopathy,1
Eye Disease Image Dataset/Original Dataset/Original Dataset/Retinitis Pigmentosa/Retinitis Pigmentosa105.jpg,Retinitis Pigmentosa,9
Eye Disease Image Dataset/Original Dataset/Original Dataset/Diabetic Retinopathy/DR612.jpg,Diabetic Retinopathy,1
Eye Disease Image Dataset/Original Dataset/Original Dataset/Diabetic Retinopathy/DR1488.jpg,Diabetic Retinopathy,1
Eye Disease Image Dataset/Original Dataset/Original Dataset/Glaucoma/Glaucoma351.jpg,Glaucoma,3
Eye Disease Image Dataset/Original Dataset/Original Dataset/Macular Scar/Macular Scar407.jpg,Macular Scar,5
Eye Disease Image Dataset/Original Dataset/Original Dataset/Disc Edema/Disc Edema1.jpg,Disc Edema,2
Eye Disease Image Dataset/Original Dataset/Original Dataset/Healthy/Healthy22.jpg,Healthy,4
Eye Disease Image Dataset/Original Dataset/Original Dataset/Glaucoma/Glaucoma1148.jpg,Glaucoma,3
Eye Disease Image Dataset/Original Dataset/Original Dataset/Healthy/Healthy41.jpg,Healthy,4
Eye Disease Image Dataset/Original Dataset/Original Dataset/Diabetic Retinopathy/DR886.jpg,Diabetic Retinopathy,1
Eye Disease Image Dataset/Original Dataset/Original Dataset/Healthy/Healthy495.jpg,Healthy,4
Eye Disease Image Dataset/Original Dataset/Original Dataset/Glaucoma/Glaucoma1170.jpg,Glaucoma,3
Eye Disease Image Dataset/Original Dataset/Original Dataset/Glaucoma/Glaucoma469.jpg,Glaucoma,3
Eye Disease Image Dataset/Original Dataset/Original Dataset/Diabetic Retinopathy/DR477.jpg,Diabetic Retinopathy,1
Eye Disease Image Dataset/Original Dataset/Original Dataset/Glaucoma/Glaucoma274.jpg,Glaucoma,3
Eye Disease Image Dataset/Original Dataset/Original Dataset/Diabetic Retinopathy/DR161.jpg,Diabetic Retinopathy,1
Eye Disease Image Dataset/Original Dataset/Original Dataset/Glaucoma/Glaucoma1000.jpg,Glaucoma,3
Eye Disease Image Dataset/Original Dataset/Original Dataset/Myopia/Myopia247.jpg,Myopia,6
Eye Disease Image Dataset/Original Dataset/Original Dataset/Glaucoma/Glaucoma656.jpg,Glaucoma,3
Eye Disease Image Dataset/Original Dataset/Original Dataset/Myopia/Myopia182.jpg,Myopia,6
Eye Disease Image Dataset/Original Dataset/Original Dataset/Macular Scar/Macular Scar372.jpg,Macular Scar,5
Eye Disease Image Dataset/Original Dataset/Original Dataset/Macular Scar/Macular Scar425.jpg,Macular Scar,5
Eye Disease Image Dataset/Original Dataset/Original Dataset/Healthy/Healthy835.jpg,Healthy,4
Eye Disease Image Dataset/Original Dataset/Original Dataset/Glaucoma/Glaucoma1278.jpg,Glaucoma,3
Eye Disease Image Dataset/Original Dataset/Original Dataset/Myopia/Myopia448.jpg,Myopia,6
Eye Disease Image Dataset/Original Dataset/Original Dataset/Glaucoma/Glaucoma376.jpg,Glaucoma,3
Eye Disease Image Dataset/Original Dataset/Original Dataset/Glaucoma/Glaucoma1077.jpg,Glaucoma,3
Eye Disease Image Dataset/Original Dataset/Original Dataset/Glaucoma/Glaucoma1338.jpg,Glaucoma,3
Eye Disease Image Dataset/Original Dataset/Original Dataset/Glaucoma/Glaucoma1110.jpg,Glaucoma,3
Eye Disease Image Dataset/Original Dataset/Original Dataset/Glaucoma/Glaucoma223.jpg,Glaucoma,3
Eye Disease Image Dataset/Original Dataset/Original Dataset/Macular Scar/Macular Scar442.jpg,Macular Scar,5
Eye Disease Image Dataset/Original Dataset/Original Dataset/Glaucoma/Glaucoma905.jpg,Glaucoma,3
Eye Disease Image Dataset/Original Dataset/Original Dataset/Retinitis Pigmentosa/Retinitis Pigmentosa12.jpg,Retinitis Pigmentosa,9
Eye Disease Image Dataset/Original Dataset/Original Dataset/Glaucoma/Glaucoma146.jpg,Glaucoma,3
Eye Disease Image Dataset/Original Dataset/Original Dataset/Diabetic Retinopathy/DR761.jpg,Diabetic Retinopathy,1
Eye Disease Image Dataset/Original Dataset/Original Dataset/Glaucoma/Glaucoma519.jpg,Glaucoma,3
Eye Disease Image Dataset/Original Dataset/Original Dataset/Glaucoma/Glaucoma1253.jpg,Glaucoma,3
Eye Disease Image Dataset/Original Dataset/Original Dataset/Macular Scar/Macular Scar91.jpg,Macular Scar,5
Eye Disease Image Dataset/Original Dataset/Original Dataset/Healthy/Healthy475.jpg,Healthy,4
Eye Disease Image Dataset/Original Dataset/Original Dataset/Glaucoma/Glaucoma968.jpg,Glaucoma,3
Eye Disease Image Dataset/Original Dataset/Original Dataset/Macular Scar/Macular Scar170.jpg,Macular Scar,5
Eye Disease Image Dataset/Original Dataset/Original Dataset/Diabetic Retinopathy/DR506.jpg,Diabetic Retinopathy,1
Eye Disease Image Dataset/Original Dataset/Original Dataset/Diabetic Retinopathy/DR993.jpg,Diabetic Retinopathy,1
Eye Disease Image Dataset/Original Dataset/Original Dataset/Diabetic Retinopathy/DR611.jpg,Diabetic Retinopathy,1
Eye Disease Image Dataset/Original Dataset/Original Dataset/Diabetic Retinopathy/DR1097.jpg,Diabetic Retinopathy,1
Eye Disease Image Dataset/Original Dataset/Original Dataset/Glaucoma/Glaucoma541.jpg,Glaucoma,3
Eye Disease Image Dataset/Original Dataset/Original Dataset/Macular Scar/Macular Scar309.jpg,Macular Scar,5
Eye Disease Image Dataset/Original Dataset/Original Dataset/Diabetic Retinopathy/DR956.jpg,Diabetic Retinopathy,1
Eye Disease Image Dataset/Original Dataset/Original Dataset/Diabetic Retinopathy/DR1215.jpg,Diabetic Retinopathy,1
Eye Disease Image Dataset/Original Dataset/Original Dataset/Myopia/Myopia275.jpg,Myopia,6
Eye Disease Image Dataset/Original Dataset/Original Dataset/Healthy/Healthy659.jpg,Healthy,4
Eye Disease Image Dataset/Original Dataset/Original Dataset/Retinitis Pigmentosa/Retinitis Pigmentosa21.jpg,Retinitis Pigmentosa,9
Eye Disease Image Dataset/Original Dataset/Original Dataset/Diabetic Retinopathy/DR1010.jpg,Diabetic Retinopathy,1
Eye Disease Image Dataset/Original Dataset/Original Dataset/Healthy/Healthy694.jpg,Healthy,4
Eye Disease Image Dataset/Original Dataset/Original Dataset/Glaucoma/Glaucoma912.jpg,Glaucoma,3
Eye Disease Image Dataset/Original Dataset/Original Dataset/Central Serous Chorioretinopathy [Color Fundus]/CSCR32.jpg,Central Serous Chorioretinopathy [Color Fundus],0
Eye Disease Image Dataset/Original Dataset/Original Dataset/Central Serous Chorioretinopathy [Color Fundus]/CSCR36.jpg,Central Serous Chorioretinopathy [Color Fundus],0
Eye Disease Image Dataset/Original Dataset/Original Dataset/Glaucoma/Glaucoma496.jpg,Glaucoma,3
Eye Disease Image Dataset/Original Dataset/Original Dataset/Myopia/Myopia294.jpg,Myopia,6
Eye Disease Image Dataset/Original Dataset/Original Dataset/Macular Scar/Macular Scar182.jpg,Macular Scar,5
Eye Disease Image Dataset/Original Dataset/Original Dataset/Glaucoma/Glaucoma160.jpg,Glaucoma,3
Eye Disease Image Dataset/Original Dataset/Original Dataset/Macular Scar/Macular Scar158.jpg,Macular Scar,5
Eye Disease Image Dataset/Original Dataset/Original Dataset/Glaucoma/Glaucoma1167.jpg,Glaucoma,3
Eye Disease Image Dataset/Original Dataset/Original Dataset/Retinitis Pigmentosa/Retinitis Pigmentosa46.jpg,Retinitis Pigmentosa,9
Eye Disease Image Dataset/Original Dataset/Original Dataset/Diabetic Retinopathy/DR334.jpg,Diabetic Retinopathy,1
Eye Disease Image Dataset/Original Dataset/Original Dataset/Disc Edema/Disc Edema44.jpg,Disc Edema,2
Eye Disease Image Dataset/Original Dataset/Original Dataset/Healthy/Healthy596.jpg,Healthy,4
Eye Disease Image Dataset/Original Dataset/Original Dataset/Glaucoma/Glaucoma345.jpg,Glaucoma,3
Eye Disease Image Dataset/Original Dataset/Original Dataset/Glaucoma/Glaucoma263.jpg,Glaucoma,3
Eye Disease Image Dataset/Original Dataset/Original Dataset/Healthy/Healthy254.jpg,Healthy,4
Eye Disease Image Dataset/Original Dataset/Original Dataset/Macular Scar/Macular Scar189.jpg,Macular Scar,5
Eye Disease Image Dataset/Original Dataset/Original Dataset/Myopia/Myopia109.jpg,Myopia,6
Eye Disease Image Dataset/Original Dataset/Original Dataset/Diabetic Retinopathy/DR509.jpg,Diabetic Retinopathy,1
Eye Disease Image Dataset/Original Dataset/Original Dataset/Diabetic Retinopathy/DR1079.jpg,Diabetic Retinopathy,1
Eye Disease Image Dataset/Original Dataset/Original Dataset/Diabetic Retinopathy/DR1253.jpg,Diabetic Retinopathy,1
Eye Disease Image Dataset/Original Dataset/Original Dataset/Glaucoma/Glaucoma158.jpg,Glaucoma,3
Eye Disease Image Dataset/Original Dataset/Original Dataset/Diabetic Retinopathy/DR624.jpg,Diabetic Retinopathy,1
Eye Disease Image Dataset/Original Dataset/Original Dataset/Retinitis Pigmentosa/Retinitis Pigmentosa82.jpg,Retinitis Pigmentosa,9
Eye Disease Image Dataset/Original Dataset/Original Dataset/Macular Scar/Macular Scar315.jpg,Macular Scar,5
Eye Disease Image Dataset/Original Dataset/Original Dataset/Glaucoma/Glaucoma1258.jpg,Glaucoma,3
Eye Disease Image Dataset/Original Dataset/Original Dataset/Healthy/Healthy897.jpg,Healthy,4
Eye Disease Image Dataset/Original Dataset/Original Dataset/Glaucoma/Glaucoma338.jpg,Glaucoma,3
Eye Disease Image Dataset/Original Dataset/Original Dataset/Macular Scar/Macular Scar419.jpg,Macular Scar,5
Eye Disease Image Dataset/Original Dataset/Original Dataset/Glaucoma/Glaucoma389.jpg,Glaucoma,3
Eye Disease Image Dataset/Original Dataset/Original Dataset/Glaucoma/Glaucoma400.jpg,Glaucoma,3
Eye Disease Image Dataset/Original Dataset/Original Dataset/Macular Scar/Macular Scar410.jpg,Macular Scar,5
Eye Disease Image Dataset/Original Dataset/Original Dataset/Myopia/Myopia185.jpg,Myopia,6
Eye Disease Image Dataset/Original Dataset/Original Dataset/Glaucoma/Glaucoma284.jpg,Glaucoma,3
Eye Disease Image Dataset/Original Dataset/Original Dataset/Diabetic Retinopathy/DR1276.jpg,Diabetic Retinopathy,1
Eye Disease Image Dataset/Original Dataset/Original Dataset/Pterygium/Pterygium8.jpg,Pterygium,7
Eye Disease Image Dataset/Original Dataset/Original Dataset/Glaucoma/Glaucoma208.jpg,Glaucoma,3
Eye Disease Image Dataset/Original Dataset/Original Dataset/Glaucoma/Glaucoma1026.jpg,Glaucoma,3
Eye Disease Image Dataset/Original Dataset/Original Dataset/Healthy/Healthy556.jpg,Healthy,4
Eye Disease Image Dataset/Original Dataset/Original Dataset/Diabetic Retinopathy/DR1231.jpg,Diabetic Retinopathy,1
Eye Disease Image Dataset/Original Dataset/Original Dataset/Diabetic Retinopathy/DR300.jpg,Diabetic Retinopathy,1
Eye Disease Image Dataset/Original Dataset/Original Dataset/Retinal Detachment/Retinal Detachment54.jpg,Retinal Detachment,8
Eye Disease Image Dataset/Original Dataset/Original Dataset/Myopia/Myopia16.jpg,Myopia,6
Eye Disease Image Dataset/Original Dataset/Original Dataset/Macular Scar/Macular Scar123.jpg,Macular Scar,5
Eye Disease Image Dataset/Original Dataset/Original Dataset/Glaucoma/Glaucoma381.jpg,Glaucoma,3
Eye Disease Image Dataset/Original Dataset/Original Dataset/Retinitis Pigmentosa/Retinitis Pigmentosa92.jpg,Retinitis Pigmentosa,9
Eye Disease Image Dataset/Original Dataset/Original Dataset/Myopia/Myopia318.jpg,Myopia,6
Eye Disease Image Dataset/Original Dataset/Original Dataset/Healthy/Healthy79.jpg,Healthy,4
Eye Disease Image Dataset/Original Dataset/Original Dataset/Myopia/Myopia420.jpg,Myopia,6
Eye Disease Image Dataset/Original Dataset/Original Dataset/Healthy/Healthy6.jpg,Healthy,4
Eye Disease Image Dataset/Original Dataset/Original Dataset/Glaucoma/Glaucoma982.jpg,Glaucoma,3
Eye Disease Image Dataset/Original Dataset/Original Dataset/Diabetic Retinopathy/DR1290.jpg,Diabetic Retinopathy,1
Eye Disease Image Dataset/Original Dataset/Original Dataset/Glaucoma/Glaucoma840.jpg,Glaucoma,3
Eye Disease Image Dataset/Original Dataset/Original Dataset/Diabetic Retinopathy/DR437.jpg,Diabetic Retinopathy,1
Eye Disease Image Dataset/Original Dataset/Original Dataset/Diabetic Retinopathy/DR927.jpg,Diabetic Retinopathy,1
Eye Disease Image Dataset/Original Dataset/Original Dataset/Glaucoma/Glaucoma481.jpg,Glaucoma,3
Eye Disease Image Dataset/Original Dataset/Original Dataset/Glaucoma/Glaucoma232.jpg,Glaucoma,3
Eye Disease Image Dataset/Original Dataset/Original Dataset/Diabetic Retinopathy/DR473.jpg,Diabetic Retinopathy,1
Eye Disease Image Dataset/Original Dataset/Original Dataset/Myopia/Myopia471.jpg,Myopia,6
Eye Disease Image Dataset/Original Dataset/Original Dataset/Glaucoma/Glaucoma1038.jpg,Glaucoma,3
Eye Disease Image Dataset/Original Dataset/Original Dataset/Healthy/Healthy196.jpg,Healthy,4
Eye Disease Image Dataset/Original Dataset/Original Dataset/Diabetic Retinopathy/DR236.jpg,Diabetic Retinopathy,1
Eye Disease Image Dataset/Original Dataset/Original Dataset/Glaucoma/Glaucoma744.jpg,Glaucoma,3
Eye Disease Image Dataset/Original Dataset/Original Dataset/Glaucoma/Glaucoma1086.jpg,Glaucoma,3
Eye Disease Image Dataset/Original Dataset/Original Dataset/Myopia/Myopia437.jpg,Myopia,6
Eye Disease Image Dataset/Original Dataset/Original Dataset/Myopia/Myopia260.jpg,Myopia,6
Eye Disease Image Dataset/Original Dataset/Original Dataset/Macular Scar/Macular Scar81.jpg,Macular Scar,5
Eye Disease Image Dataset/Original Dataset/Original Dataset/Diabetic Retinopathy/DR253.jpg,Diabetic Retinopathy,1
Eye Disease Image Dataset/Original Dataset/Original Dataset/Diabetic Retinopathy/DR418.jpg,Diabetic Retinopathy,1
Eye Disease Image Dataset/Original Dataset/Original Dataset/Retinitis Pigmentosa/Retinitis Pigmentosa61.jpg,Retinitis Pigmentosa,9
Eye Disease Image Dataset/Original Dataset/Original Dataset/Glaucoma/Glaucoma1116.jpg,Glaucoma,3
Eye Disease Image Dataset/Original Dataset/Original Dataset/Glaucoma/Glaucoma882.jpg,Glaucoma,3
Eye Disease Image Dataset/Original Dataset/Original Dataset/Glaucoma/Glaucoma83.jpg,Glaucoma,3
Eye Disease Image Dataset/Original Dataset/Original Dataset/Glaucoma/Glaucoma1158.jpg,Glaucoma,3
Eye Disease Image Dataset/Original Dataset/Original Dataset/Disc Edema/Disc Edema57.jpg,Disc Edema,2
Eye Disease Image Dataset/Original Dataset/Original Dataset/Macular Scar/Macular Scar176.jpg,Macular Scar,5
Eye Disease Image Dataset/Original Dataset/Original Dataset/Diabetic Retinopathy/DR1197.jpg,Diabetic Retinopathy,1
Eye Disease Image Dataset/Original Dataset/Original Dataset/Myopia/Myopia467.jpg,Myopia,6
Eye Disease Image Dataset/Original Dataset/Original Dataset/Healthy/Healthy546.jpg,Healthy,4
Eye Disease Image Dataset/Original Dataset/Original Dataset/Retinal Detachment/Retinal Detachment6.jpg,Retinal Detachment,8
Eye Disease Image Dataset/Original Dataset/Original Dataset/Diabetic Retinopathy/DR593.jpg,Diabetic Retinopathy,1
Eye Disease Image Dataset/Original Dataset/Original Dataset/Glaucoma/Glaucoma170.jpg,Glaucoma,3
Eye Disease Image Dataset/Original Dataset/Original Dataset/Diabetic Retinopathy/DR1118.jpg,Diabetic Retinopathy,1
Eye Disease Image Dataset/Original Dataset/Original Dataset/Healthy/Healthy518.jpg,Healthy,4
Eye Disease Image Dataset/Original Dataset/Original Dataset/Macular Scar/Macular Scar361.jpg,Macular Scar,5
Eye Disease Image Dataset/Original Dataset/Original Dataset/Diabetic Retinopathy/DR839.jpg,Diabetic Retinopathy,1
Eye Disease Image Dataset/Original Dataset/Original Dataset/Retinitis Pigmentosa/Retinitis Pigmentosa49.jpg,Retinitis Pigmentosa,9
Eye Disease Image Dataset/Original Dataset/Original Dataset/Diabetic Retinopathy/DR1203.jpg,Diabetic Retinopathy,1
Eye Disease Image Dataset/Original Dataset/Original Dataset/Glaucoma/Glaucoma972.jpg,Glaucoma,3
Eye Disease Image Dataset/Original Dataset/Original Dataset/Glaucoma/Glaucoma394.jpg,Glaucoma,3
Eye Disease Image Dataset/Original Dataset/Original Dataset/Diabetic Retinopathy/DR518.jpg,Diabetic Retinopathy,1
Eye Disease Image Dataset/Original Dataset/Original Dataset/Diabetic Retinopathy/DR703.jpg,Diabetic Retinopathy,1
Eye Disease Image Dataset/Original Dataset/Original Dataset/Macular Scar/Macular Scar106.jpg,Macular Scar,5
Eye Disease Image Dataset/Original Dataset/Original Dataset/Macular Scar/Macular Scar84.jpg,Macular Scar,5
Eye Disease Image Dataset/Original Dataset/Original Dataset/Glaucoma/Glaucoma720.jpg,Glaucoma,3
Eye Disease Image Dataset/Original Dataset/Original Dataset/Glaucoma/Glaucoma1259.jpg,Glaucoma,3
Eye Disease Image Dataset/Original Dataset/Original Dataset/Myopia/Myopia126.jpg,Myopia,6
Eye Disease Image Dataset/Original Dataset/Original Dataset/Diabetic Retinopathy/DR3.jpg,Diabetic Retinopathy,1
Eye Disease Image Dataset/Original Dataset/Original Dataset/Disc Edema/Disc Edema28.jpg,Disc Edema,2
Eye Disease Image Dataset/Original Dataset/Original Dataset/Healthy/Healthy842.jpg,Healthy,4
Eye Disease Image Dataset/Original Dataset/Original Dataset/Healthy/Healthy462.jpg,Healthy,4
Eye Disease Image Dataset/Original Dataset/Original Dataset/Diabetic Retinopathy/DR810.jpg,Diabetic Retinopathy,1
Eye Disease Image Dataset/Original Dataset/Original Dataset/Glaucoma/Glaucoma346.jpg,Glaucoma,3
Eye Disease Image Dataset/Original Dataset/Original Dataset/Macular Scar/Macular Scar40.jpg,Macular Scar,5
Eye Disease Image Dataset/Original Dataset/Original Dataset/Glaucoma/Glaucoma1050.jpg,Glaucoma,3
Eye Disease Image Dataset/Original Dataset/Original Dataset/Macular Scar/Macular Scar94.jpg,Macular Scar,5
Eye Disease Image Dataset/Original Dataset/Original Dataset/Healthy/Healthy640.jpg,Healthy,4
Eye Disease Image Dataset/Original Dataset/Original Dataset/Glaucoma/Glaucoma229.jpg,Glaucoma,3
Eye Disease Image Dataset/Original Dataset/Original Dataset/Myopia/Myopia334.jpg,Myopia,6
Eye Disease Image Dataset/Original Dataset/Original Dataset/Diabetic Retinopathy/DR749.jpg,Diabetic Retinopathy,1
Eye Disease Image Dataset/Original Dataset/Original Dataset/Diabetic Retinopathy/DR28.jpg,Diabetic Retinopathy,1
Eye Disease Image Dataset/Original Dataset/Original Dataset/Glaucoma/Glaucoma587.jpg,Glaucoma,3
Eye Disease Image Dataset/Original Dataset/Original Dataset/Retinitis Pigmentosa/Retinitis Pigmentosa37.jpg,Retinitis Pigmentosa,9
Eye Disease Image Dataset/Original Dataset/Original Dataset/Macular Scar/Macular Scar92.jpg,Macular Scar,5
Eye Disease Image Dataset/Original Dataset/Original Dataset/Glaucoma/Glaucoma1113.jpg,Glaucoma,3
Eye Disease Image Dataset/Original Dataset/Original Dataset/Glaucoma/Glaucoma216.jpg,Glaucoma,3
Eye Disease Image Dataset/Original Dataset/Original Dataset/Diabetic Retinopathy/DR904.jpg,Diabetic Retinopathy,1
Eye Disease Image Dataset/Original Dataset/Original Dataset/Glaucoma/Glaucoma617.jpg,Glaucoma,3
Eye Disease Image Dataset/Original Dataset/Original Dataset/Glaucoma/Glaucoma830.jpg,Glaucoma,3
Eye Disease Image Dataset/Original Dataset/Original Dataset/Diabetic Retinopathy/DR455.jpg,Diabetic Retinopathy,1
Eye Disease Image Dataset/Original Dataset/Original Dataset/Diabetic Retinopathy/DR843.jpg,Diabetic Retinopathy,1
Eye Disease Image Dataset/Original Dataset/Original Dataset/Glaucoma/Glaucoma1069.jpg,Glaucoma,3
Eye Disease Image Dataset/Original Dataset/Original Dataset/Myopia/Myopia411.jpg,Myopia,6
Eye Disease Image Dataset/Original Dataset/Original Dataset/Macular Scar/Macular Scar381.jpg,Macular Scar,5
Eye Disease Image Dataset/Original Dataset/Original Dataset/Glaucoma/Glaucoma26.jpg,Glaucoma,3
Eye Disease Image Dataset/Original Dataset/Original Dataset/Diabetic Retinopathy/DR545.jpg,Diabetic Retinopathy,1
Eye Disease Image Dataset/Original Dataset/Original Dataset/Diabetic Retinopathy/DR610.jpg,Diabetic Retinopathy,1
Eye Disease Image Dataset/Original Dataset/Original Dataset/Diabetic Retinopathy/DR59.jpg,Diabetic Retinopathy,1
Eye Disease Image Dataset/Original Dataset/Original Dataset/Healthy/Healthy135.jpg,Healthy,4
Eye Disease Image Dataset/Original Dataset/Original Dataset/Diabetic Retinopathy/DR1480.jpg,Diabetic Retinopathy,1
Eye Disease Image Dataset/Original Dataset/Original Dataset/Retinal Detachment/Retinal Detachment30.jpg,Retinal Detachment,8
Eye Disease Image Dataset/Original Dataset/Original Dataset/Glaucoma/Glaucoma726.jpg,Glaucoma,3
Eye Disease Image Dataset/Original Dataset/Original Dataset/Diabetic Retinopathy/DR922.jpg,Diabetic Retinopathy,1
Eye Disease Image Dataset/Original Dataset/Original Dataset/Diabetic Retinopathy/DR1429.jpg,Diabetic Retinopathy,1
Eye Disease Image Dataset/Original Dataset/Original Dataset/Healthy/Healthy414.jpg,Healthy,4
Eye Disease Image Dataset/Original Dataset/Original Dataset/Glaucoma/Glaucoma660.jpg,Glaucoma,3
Eye Disease Image Dataset/Original Dataset/Original Dataset/Healthy/Healthy159.jpg,Healthy,4
Eye Disease Image Dataset/Original Dataset/Original Dataset/Diabetic Retinopathy/DR1336.jpg,Diabetic Retinopathy,1
Eye Disease Image Dataset/Original Dataset/Original Dataset/Diabetic Retinopathy/DR1503.jpg,Diabetic Retinopathy,1
Eye Disease Image Dataset/Original Dataset/Original Dataset/Glaucoma/Glaucoma478.jpg,Glaucoma,3
Eye Disease Image Dataset/Original Dataset/Original Dataset/Healthy/Healthy359.jpg,Healthy,4
Eye Disease Image Dataset/Original Dataset/Original Dataset/Retinitis Pigmentosa/Retinitis Pigmentosa42.jpg,Retinitis Pigmentosa,9
Eye Disease Image Dataset/Original Dataset/Original Dataset/Glaucoma/Glaucoma831.jpg,Glaucoma,3
Eye Disease Image Dataset/Original Dataset/Original Dataset/Diabetic Retinopathy/DR237.jpg,Diabetic Retinopathy,1
Eye Disease Image Dataset/Original Dataset/Original Dataset/Glaucoma/Glaucoma602.jpg,Glaucoma,3
Eye Disease Image Dataset/Original Dataset/Original Dataset/Retinitis Pigmentosa/Retinitis Pigmentosa45.jpg,Retinitis Pigmentosa,9
Eye Disease Image Dataset/Original Dataset/Original Dataset/Diabetic Retinopathy/DR340.jpg,Diabetic Retinopathy,1
Eye Disease Image Dataset/Original Dataset/Original Dataset/Diabetic Retinopathy/DR23.jpg,Diabetic Retinopathy,1
Eye Disease Image Dataset/Original Dataset/Original Dataset/Healthy/Healthy795.jpg,Healthy,4
Eye Disease Image Dataset/Original Dataset/Original Dataset/Healthy/Healthy273.jpg,Healthy,4
Eye Disease Image Dataset/Original Dataset/Original Dataset/Glaucoma/Glaucoma801.jpg,Glaucoma,3
Eye Disease Image Dataset/Original Dataset/Original Dataset/Diabetic Retinopathy/DR983.jpg,Diabetic Retinopathy,1
Eye Disease Image Dataset/Original Dataset/Original Dataset/Diabetic Retinopathy/DR1275.jpg,Diabetic Retinopathy,1
Eye Disease Image Dataset/Original Dataset/Original Dataset/Diabetic Retinopathy/DR471.jpg,Diabetic Retinopathy,1
Eye Disease Image Dataset/Original Dataset/Original Dataset/Healthy/Healthy940.jpg,Healthy,4
Eye Disease Image Dataset/Original Dataset/Original Dataset/Glaucoma/Glaucoma735.jpg,Glaucoma,3
Eye Disease Image Dataset/Original Dataset/Original Dataset/Diabetic Retinopathy/DR1221.jpg,Diabetic Retinopathy,1
Eye Disease Image Dataset/Original Dataset/Original Dataset/Macular Scar/Macular Scar153.jpg,Macular Scar,5
Eye Disease Image Dataset/Original Dataset/Original Dataset/Glaucoma/Glaucoma367.jpg,Glaucoma,3
Eye Disease Image Dataset/Original Dataset/Original Dataset/Diabetic Retinopathy/DR935.jpg,Diabetic Retinopathy,1
Eye Disease Image Dataset/Original Dataset/Original Dataset/Myopia/Myopia457.jpg,Myopia,6
Eye Disease Image Dataset/Original Dataset/Original Dataset/Diabetic Retinopathy/DR740.jpg,Diabetic Retinopathy,1
Eye Disease Image Dataset/Original Dataset/Original Dataset/Glaucoma/Glaucoma902.jpg,Glaucoma,3
Eye Disease Image Dataset/Original Dataset/Original Dataset/Macular Scar/Macular Scar369.jpg,Macular Scar,5
Eye Disease Image Dataset/Original Dataset/Original Dataset/Retinitis Pigmentosa/Retinitis Pigmentosa110.jpg,Retinitis Pigmentosa,9
Eye Disease Image Dataset/Original Dataset/Original Dataset/Myopia/Myopia45.jpg,Myopia,6
Eye Disease Image Dataset/Original Dataset/Original Dataset/Healthy/Healthy268.jpg,Healthy,4
Eye Disease Image Dataset/Original Dataset/Original Dataset/Healthy/Healthy162.jpg,Healthy,4
Eye Disease Image Dataset/Original Dataset/Original Dataset/Myopia/Myopia495.jpg,Myopia,6
Eye Disease Image Dataset/Original Dataset/Original Dataset/Diabetic Retinopathy/DR1282.jpg,Diabetic Retinopathy,1
Eye Disease Image Dataset/Original Dataset/Original Dataset/Diabetic Retinopathy/DR160.jpg,Diabetic Retinopathy,1
Eye Disease Image Dataset/Original Dataset/Original Dataset/Glaucoma/Glaucoma1308.jpg,Glaucoma,3
Eye Disease Image Dataset/Original Dataset/Original Dataset/Healthy/Healthy253.jpg,Healthy,4
Eye Disease Image Dataset/Original Dataset/Original Dataset/Healthy/Healthy417.jpg,Healthy,4
Eye Disease Image Dataset/Original Dataset/Original Dataset/Glaucoma/Glaucoma1108.jpg,Glaucoma,3
Eye Disease Image Dataset/Original Dataset/Original Dataset/Diabetic Retinopathy/DR337.jpg,Diabetic Retinopathy,1
Eye Disease Image Dataset/Original Dataset/Original Dataset/Diabetic Retinopathy/DR9.jpg,Diabetic Retinopathy,1
Eye Disease Image Dataset/Original Dataset/Original Dataset/Diabetic Retinopathy/DR562.jpg,Diabetic Retinopathy,1
Eye Disease Image Dataset/Original Dataset/Original Dataset/Diabetic Retinopathy/DR1210.jpg,Diabetic Retinopathy,1
Eye Disease Image Dataset/Original Dataset/Original Dataset/Glaucoma/Glaucoma837.jpg,Glaucoma,3
Eye Disease Image Dataset/Original Dataset/Original Dataset/Diabetic Retinopathy/DR918.jpg,Diabetic Retinopathy,1
Eye Disease Image Dataset/Original Dataset/Original Dataset/Diabetic Retinopathy/DR712.jpg,Diabetic Retinopathy,1
Eye Disease Image Dataset/Original Dataset/Original Dataset/Healthy/Healthy608.jpg,Healthy,4
Eye Disease Image Dataset/Original Dataset/Original Dataset/Glaucoma/Glaucoma419.jpg,Glaucoma,3
Eye Disease Image Dataset/Original Dataset/Original Dataset/Myopia/Myopia388.jpg,Myopia,6
Eye Disease Image Dataset/Original Dataset/Original Dataset/Healthy/Healthy233.jpg,Healthy,4
Eye Disease Image Dataset/Original Dataset/Original Dataset/Myopia/Myopia456.jpg,Myopia,6
Eye Disease Image Dataset/Original Dataset/Original Dataset/Diabetic Retinopathy/DR1511.jpg,Diabetic Retinopathy,1
Eye Disease Image Dataset/Original Dataset/Original Dataset/Glaucoma/Glaucoma552.jpg,Glaucoma,3
Eye Disease Image Dataset/Original Dataset/Original Dataset/Glaucoma/Glaucoma621.jpg,Glaucoma,3
Eye Disease Image Dataset/Original Dataset/Original Dataset/Glaucoma/Glaucoma172.jpg,Glaucoma,3
Eye Disease Image Dataset/Original Dataset/Original Dataset/Diabetic Retinopathy/DR910.jpg,Diabetic Retinopathy,1
Eye Disease Image Dataset/Original Dataset/Original Dataset/Diabetic Retinopathy/DR238.jpg,Diabetic Retinopathy,1
Eye Disease Image Dataset/Original Dataset/Original Dataset/Glaucoma/Glaucoma513.jpg,Glaucoma,3
Eye Disease Image Dataset/Original Dataset/Original Dataset/Diabetic Retinopathy/DR889.jpg,Diabetic Retinopathy,1
Eye Disease Image Dataset/Original Dataset/Original Dataset/Diabetic Retinopathy/DR974.jpg,Diabetic Retinopathy,1
Eye Disease Image Dataset/Original Dataset/Original Dataset/Diabetic Retinopathy/DR322.jpg,Diabetic Retinopathy,1
Eye Disease Image Dataset/Original Dataset/Original Dataset/Myopia/Myopia302.jpg,Myopia,6
Eye Disease Image Dataset/Original Dataset/Original Dataset/Glaucoma/Glaucoma306.jpg,Glaucoma,3
Eye Disease Image Dataset/Original Dataset/Original Dataset/Macular Scar/Macular Scar99.jpg,Macular Scar,5
Eye Disease Image Dataset/Original Dataset/Original Dataset/Diabetic Retinopathy/DR433.jpg,Diabetic Retinopathy,1
Eye Disease Image Dataset/Original Dataset/Original Dataset/Central Serous Chorioretinopathy [Color Fundus]/CSCR1.jpg,Central Serous Chorioretinopathy [Color Fundus],0
Eye Disease Image Dataset/Original Dataset/Original Dataset/Glaucoma/Glaucoma1103.jpg,Glaucoma,3
Eye Disease Image Dataset/Original Dataset/Original Dataset/Glaucoma/Glaucoma631.jpg,Glaucoma,3
Eye Disease Image Dataset/Original Dataset/Original Dataset/Healthy/Healthy28.jpg,Healthy,4
Eye Disease Image Dataset/Original Dataset/Original Dataset/Glaucoma/Glaucoma1267.jpg,Glaucoma,3
Eye Disease Image Dataset/Original Dataset/Original Dataset/Glaucoma/Glaucoma431.jpg,Glaucoma,3
Eye Disease Image Dataset/Original Dataset/Original Dataset/Glaucoma/Glaucoma109.jpg,Glaucoma,3
Eye Disease Image Dataset/Original Dataset/Original Dataset/Glaucoma/Glaucoma1132.jpg,Glaucoma,3
Eye Disease Image Dataset/Original Dataset/Original Dataset/Diabetic Retinopathy/DR829.jpg,Diabetic Retinopathy,1
Eye Disease Image Dataset/Original Dataset/Original Dataset/Diabetic Retinopathy/DR971.jpg,Diabetic Retinopathy,1
Eye Disease Image Dataset/Original Dataset/Original Dataset/Macular Scar/Macular Scar185.jpg,Macular Scar,5
Eye Disease Image Dataset/Original Dataset/Original Dataset/Glaucoma/Glaucoma536.jpg,Glaucoma,3
Eye Disease Image Dataset/Original Dataset/Original Dataset/Healthy/Healthy928.jpg,Healthy,4
Eye Disease Image Dataset/Original Dataset/Original Dataset/Glaucoma/Glaucoma908.jpg,Glaucoma,3
Eye Disease Image Dataset/Original Dataset/Original Dataset/Retinitis Pigmentosa/Retinitis Pigmentosa72.jpg,Retinitis Pigmentosa,9
Eye Disease Image Dataset/Original Dataset/Original Dataset/Diabetic Retinopathy/DR1515.jpg,Diabetic Retinopathy,1
Eye Disease Image Dataset/Original Dataset/Original Dataset/Glaucoma/Glaucoma599.jpg,Glaucoma,3
Eye Disease Image Dataset/Original Dataset/Original Dataset/Diabetic Retinopathy/DR218.jpg,Diabetic Retinopathy,1
Eye Disease Image Dataset/Original Dataset/Original Dataset/Glaucoma/Glaucoma1322.jpg,Glaucoma,3
Eye Disease Image Dataset/Original Dataset/Original Dataset/Diabetic Retinopathy/DR1334.jpg,Diabetic Retinopathy,1
Eye Disease Image Dataset/Original Dataset/Original Dataset/Macular Scar/Macular Scar300.jpg,Macular Scar,5
Eye Disease Image Dataset/Original Dataset/Original Dataset/Diabetic Retinopathy/DR332.jpg,Diabetic Retinopathy,1
Eye Disease Image Dataset/Original Dataset/Original Dataset/Healthy/Healthy592.jpg,Healthy,4
Eye Disease Image Dataset/Original Dataset/Original Dataset/Macular Scar/Macular Scar277.jpg,Macular Scar,5
Eye Disease Image Dataset/Original Dataset/Original Dataset/Diabetic Retinopathy/DR1172.jpg,Diabetic Retinopathy,1
Eye Disease Image Dataset/Original Dataset/Original Dataset/Healthy/Healthy177.jpg,Healthy,4
Eye Disease Image Dataset/Original Dataset/Original Dataset/Healthy/Healthy220.jpg,Healthy,4
Eye Disease Image Dataset/Original Dataset/Original Dataset/Diabetic Retinopathy/DR621.jpg,Diabetic Retinopathy,1
Eye Disease Image Dataset/Original Dataset/Original Dataset/Diabetic Retinopathy/DR175.jpg,Diabetic Retinopathy,1
Eye Disease Image Dataset/Original Dataset/Original Dataset/Healthy/Healthy988.jpg,Healthy,4
Eye Disease Image Dataset/Original Dataset/Original Dataset/Myopia/Myopia124.jpg,Myopia,6
Eye Disease Image Dataset/Original Dataset/Original Dataset/Healthy/Healthy161.jpg,Healthy,4
Eye Disease Image Dataset/Original Dataset/Original Dataset/Diabetic Retinopathy/DR1198.jpg,Diabetic Retinopathy,1
Eye Disease Image Dataset/Original Dataset/Original Dataset/Diabetic Retinopathy/DR765.jpg,Diabetic Retinopathy,1
Eye Disease Image Dataset/Original Dataset/Original Dataset/Healthy/Healthy192.jpg,Healthy,4
Eye Disease Image Dataset/Original Dataset/Original Dataset/Retinitis Pigmentosa/Retinitis Pigmentosa23.jpg,Retinitis Pigmentosa,9
Eye Disease Image Dataset/Original Dataset/Original Dataset/Retinitis Pigmentosa/Retinitis Pigmentosa130.jpg,Retinitis Pigmentosa,9
Eye Disease Image Dataset/Original Dataset/Original Dataset/Diabetic Retinopathy/DR1456.jpg,Diabetic Retinopathy,1
Eye Disease Image Dataset/Original Dataset/Original Dataset/Healthy/Healthy821.jpg,Healthy,4
Eye Disease Image Dataset/Original Dataset/Original Dataset/Diabetic Retinopathy/DR1015.jpg,Diabetic Retinopathy,1
Eye Disease Image Dataset/Original Dataset/Original Dataset/Myopia/Myopia317.jpg,Myopia,6
Eye Disease Image Dataset/Original Dataset/Original Dataset/Diabetic Retinopathy/DR1294.jpg,Diabetic Retinopathy,1
Eye Disease Image Dataset/Original Dataset/Original Dataset/Healthy/Healthy836.jpg,Healthy,4
Eye Disease Image Dataset/Original Dataset/Original Dataset/Diabetic Retinopathy/DR435.jpg,Diabetic Retinopathy,1
Eye Disease Image Dataset/Original Dataset/Original Dataset/Diabetic Retinopathy/DR232.jpg,Diabetic Retinopathy,1
Eye Disease Image Dataset/Original Dataset/Original Dataset/Healthy/Healthy584.jpg,Healthy,4
Eye Disease Image Dataset/Original Dataset/Original Dataset/Diabetic Retinopathy/DR915.jpg,Diabetic Retinopathy,1
Eye Disease Image Dataset/Original Dataset/Original Dataset/Glaucoma/Glaucoma665.jpg,Glaucoma,3
Eye Disease Image Dataset/Original Dataset/Original Dataset/Glaucoma/Glaucoma732.jpg,Glaucoma,3
Eye Disease Image Dataset/Original Dataset/Original Dataset/Diabetic Retinopathy/DR1225.jpg,Diabetic Retinopathy,1
Eye Disease Image Dataset/Original Dataset/Original Dataset/Retinitis Pigmentosa/Retinitis Pigmentosa16.jpg,Retinitis Pigmentosa,9
Eye Disease Image Dataset/Original Dataset/Original Dataset/Glaucoma/Glaucoma1270.jpg,Glaucoma,3
Eye Disease Image Dataset/Original Dataset/Original Dataset/Myopia/Myopia168.jpg,Myopia,6
Eye Disease Image Dataset/Original Dataset/Original Dataset/Glaucoma/Glaucoma567.jpg,Glaucoma,3
Eye Disease Image Dataset/Original Dataset/Original Dataset/Glaucoma/Glaucoma789.jpg,Glaucoma,3
Eye Disease Image Dataset/Original Dataset/Original Dataset/Diabetic Retinopathy/DR176.jpg,Diabetic Retinopathy,1
Eye Disease Image Dataset/Original Dataset/Original Dataset/Healthy/Healthy141.jpg,Healthy,4
Eye Disease Image Dataset/Original Dataset/Original Dataset/Retinitis Pigmentosa/Retinitis Pigmentosa17.jpg,Retinitis Pigmentosa,9
Eye Disease Image Dataset/Original Dataset/Original Dataset/Diabetic Retinopathy/DR1090.jpg,Diabetic Retinopathy,1
Eye Disease Image Dataset/Original Dataset/Original Dataset/Myopia/Myopia445.jpg,Myopia,6
Eye Disease Image Dataset/Original Dataset/Original Dataset/Healthy/Healthy888.jpg,Healthy,4
Eye Disease Image Dataset/Original Dataset/Original Dataset/Healthy/Healthy611.jpg,Healthy,4
Eye Disease Image Dataset/Original Dataset/Original Dataset/Healthy/Healthy753.jpg,Healthy,4
Eye Disease Image Dataset/Original Dataset/Original Dataset/Diabetic Retinopathy/DR1310.jpg,Diabetic Retinopathy,1
Eye Disease Image Dataset/Original Dataset/Original Dataset/Glaucoma/Glaucoma620.jpg,Glaucoma,3
Eye Disease Image Dataset/Original Dataset/Original Dataset/Glaucoma/Glaucoma203.jpg,Glaucoma,3
Eye Disease Image Dataset/Original Dataset/Original Dataset/Macular Scar/Macular Scar435.jpg,Macular Scar,5
Eye Disease Image Dataset/Original Dataset/Original Dataset/Retinal Detachment/Retinal Detachment70.jpg,Retinal Detachment,8
Eye Disease Image Dataset/Original Dataset/Original Dataset/Glaucoma/Glaucoma997.jpg,Glaucoma,3
Eye Disease Image Dataset/Original Dataset/Original Dataset/Glaucoma/Glaucoma1180.jpg,Glaucoma,3
Eye Disease Image Dataset/Original Dataset/Original Dataset/Glaucoma/Glaucoma1183.jpg,Glaucoma,3
Eye Disease Image Dataset/Original Dataset/Original Dataset/Healthy/Healthy527.jpg,Healthy,4
Eye Disease Image Dataset/Original Dataset/Original Dataset/Myopia/Myopia389.jpg,Myopia,6
Eye Disease Image Dataset/Original Dataset/Original Dataset/Glaucoma/Glaucoma743.jpg,Glaucoma,3
Eye Disease Image Dataset/Original Dataset/Original Dataset/Glaucoma/Glaucoma73.jpg,Glaucoma,3
Eye Disease Image Dataset/Original Dataset/Original Dataset/Healthy/Healthy531.jpg,Healthy,4
Eye Disease Image Dataset/Original Dataset/Original Dataset/Diabetic Retinopathy/DR803.jpg,Diabetic Retinopathy,1
Eye Disease Image Dataset/Original Dataset/Original Dataset/Glaucoma/Glaucoma1056.jpg,Glaucoma,3
Eye Disease Image Dataset/Original Dataset/Original Dataset/Central Serous Chorioretinopathy [Color Fundus]/CSCR63.jpg,Central Serous Chorioretinopathy [Color Fundus],0
Eye Disease Image Dataset/Original Dataset/Original Dataset/Myopia/Myopia279.jpg,Myopia,6
Eye Disease Image Dataset/Original Dataset/Original Dataset/Diabetic Retinopathy/DR1346.jpg,Diabetic Retinopathy,1
Eye Disease Image Dataset/Original Dataset/Original Dataset/Glaucoma/Glaucoma904.jpg,Glaucoma,3
Eye Disease Image Dataset/Original Dataset/Original Dataset/Myopia/Myopia373.jpg,Myopia,6
Eye Disease Image Dataset/Original Dataset/Original Dataset/Healthy/Healthy743.jpg,Healthy,4
Eye Disease Image Dataset/Original Dataset/Original Dataset/Myopia/Myopia396.jpg,Myopia,6
Eye Disease Image Dataset/Original Dataset/Original Dataset/Glaucoma/Glaucoma791.jpg,Glaucoma,3
Eye Disease Image Dataset/Original Dataset/Original Dataset/Myopia/Myopia310.jpg,Myopia,6
Eye Disease Image Dataset/Original Dataset/Original Dataset/Glaucoma/Glaucoma1046.jpg,Glaucoma,3
Eye Disease Image Dataset/Original Dataset/Original Dataset/Myopia/Myopia329.jpg,Myopia,6
Eye Disease Image Dataset/Original Dataset/Original Dataset/Healthy/Healthy45.jpg,Healthy,4
Eye Disease Image Dataset/Original Dataset/Original Dataset/Glaucoma/Glaucoma1141.jpg,Glaucoma,3
Eye Disease Image Dataset/Original Dataset/Original Dataset/Macular Scar/Macular Scar118.jpg,Macular Scar,5
Eye Disease Image Dataset/Original Dataset/Original Dataset/Disc Edema/Disc Edema79.jpg,Disc Edema,2
Eye Disease Image Dataset/Original Dataset/Original Dataset/Diabetic Retinopathy/DR1129.jpg,Diabetic Retinopathy,1
Eye Disease Image Dataset/Original Dataset/Original Dataset/Glaucoma/Glaucoma217.jpg,Glaucoma,3
Eye Disease Image Dataset/Original Dataset/Original Dataset/Myopia/Myopia483.jpg,Myopia,6
Eye Disease Image Dataset/Original Dataset/Original Dataset/Macular Scar/Macular Scar414.jpg,Macular Scar,5
Eye Disease Image Dataset/Original Dataset/Original Dataset/Healthy/Healthy878.jpg,Healthy,4
Eye Disease Image Dataset/Original Dataset/Original Dataset/Diabetic Retinopathy/DR16.jpg,Diabetic Retinopathy,1
Eye Disease Image Dataset/Original Dataset/Original Dataset/Myopia/Myopia435.jpg,Myopia,6
Eye Disease Image Dataset/Original Dataset/Original Dataset/Macular Scar/Macular Scar144.jpg,Macular Scar,5
Eye Disease Image Dataset/Original Dataset/Original Dataset/Healthy/Healthy985.jpg,Healthy,4
Eye Disease Image Dataset/Original Dataset/Original Dataset/Diabetic Retinopathy/DR1238.jpg,Diabetic Retinopathy,1
Eye Disease Image Dataset/Original Dataset/Original Dataset/Diabetic Retinopathy/DR1385.jpg,Diabetic Retinopathy,1
Eye Disease Image Dataset/Original Dataset/Original Dataset/Glaucoma/Glaucoma1329.jpg,Glaucoma,3
Eye Disease Image Dataset/Original Dataset/Original Dataset/Glaucoma/Glaucoma1125.jpg,Glaucoma,3
Eye Disease Image Dataset/Original Dataset/Original Dataset/Glaucoma/Glaucoma916.jpg,Glaucoma,3
Eye Disease Image Dataset/Original Dataset/Original Dataset/Diabetic Retinopathy/DR857.jpg,Diabetic Retinopathy,1
Eye Disease Image Dataset/Original Dataset/Original Dataset/Glaucoma/Glaucoma906.jpg,Glaucoma,3
Eye Disease Image Dataset/Original Dataset/Original Dataset/Glaucoma/Glaucoma643.jpg,Glaucoma,3
Eye Disease Image Dataset/Original Dataset/Original Dataset/Macular Scar/Macular Scar383.jpg,Macular Scar,5
Eye Disease Image Dataset/Original Dataset/Original Dataset/Diabetic Retinopathy/DR464.jpg,Diabetic Retinopathy,1
Eye Disease Image Dataset/Original Dataset/Original Dataset/Myopia/Myopia469.jpg,Myopia,6
Eye Disease Image Dataset/Original Dataset/Original Dataset/Glaucoma/Glaucoma7.jpg,Glaucoma,3
Eye Disease Image Dataset/Original Dataset/Original Dataset/Diabetic Retinopathy/DR1381.jpg,Diabetic Retinopathy,1
Eye Disease Image Dataset/Original Dataset/Original Dataset/Diabetic Retinopathy/DR990.jpg,Diabetic Retinopathy,1
Eye Disease Image Dataset/Original Dataset/Original Dataset/Diabetic Retinopathy/DR547.jpg,Diabetic Retinopathy,1
Eye Disease Image Dataset/Original Dataset/Original Dataset/Diabetic Retinopathy/DR826.jpg,Diabetic Retinopathy,1
Eye Disease Image Dataset/Original Dataset/Original Dataset/Myopia/Myopia324.jpg,Myopia,6
Eye Disease Image Dataset/Original Dataset/Original Dataset/Myopia/Myopia174.jpg,Myopia,6
Eye Disease Image Dataset/Original Dataset/Original Dataset/Diabetic Retinopathy/DR117.jpg,Diabetic Retinopathy,1
Eye Disease Image Dataset/Original Dataset/Original Dataset/Central Serous Chorioretinopathy [Color Fundus]/CSCR40.jpg,Central Serous Chorioretinopathy [Color Fundus],0
Eye Disease Image Dataset/Original Dataset/Original Dataset/Diabetic Retinopathy/DR1091.jpg,Diabetic Retinopathy,1
Eye Disease Image Dataset/Original Dataset/Original Dataset/Healthy/Healthy656.jpg,Healthy,4
Eye Disease Image Dataset/Original Dataset/Original Dataset/Glaucoma/Glaucoma479.jpg,Glaucoma,3
Eye Disease Image Dataset/Original Dataset/Original Dataset/Healthy/Healthy105.jpg,Healthy,4
Eye Disease Image Dataset/Original Dataset/Original Dataset/Diabetic Retinopathy/DR1475.jpg,Diabetic Retinopathy,1
Eye Disease Image Dataset/Original Dataset/Original Dataset/Healthy/Healthy621.jpg,Healthy,4
Eye Disease Image Dataset/Original Dataset/Original Dataset/Diabetic Retinopathy/DR1458.jpg,Diabetic Retinopathy,1
Eye Disease Image Dataset/Original Dataset/Original Dataset/Glaucoma/Glaucoma1231.jpg,Glaucoma,3
Eye Disease Image Dataset/Original Dataset/Original Dataset/Diabetic Retinopathy/DR1306.jpg,Diabetic Retinopathy,1
Eye Disease Image Dataset/Original Dataset/Original Dataset/Myopia/Myopia464.jpg,Myopia,6
Eye Disease Image Dataset/Original Dataset/Original Dataset/Healthy/Healthy624.jpg,Healthy,4
Eye Disease Image Dataset/Original Dataset/Original Dataset/Disc Edema/Disc Edema56.jpg,Disc Edema,2
Eye Disease Image Dataset/Original Dataset/Original Dataset/Diabetic Retinopathy/DR763.jpg,Diabetic Retinopathy,1
Eye Disease Image Dataset/Original Dataset/Original Dataset/Glaucoma/Glaucoma663.jpg,Glaucoma,3
Eye Disease Image Dataset/Original Dataset/Original Dataset/Glaucoma/Glaucoma66.jpg,Glaucoma,3
Eye Disease Image Dataset/Original Dataset/Original Dataset/Glaucoma/Glaucoma1247.jpg,Glaucoma,3
Eye Disease Image Dataset/Original Dataset/Original Dataset/Glaucoma/Glaucoma648.jpg,Glaucoma,3
Eye Disease Image Dataset/Original Dataset/Original Dataset/Healthy/Healthy999.jpg,Healthy,4
Eye Disease Image Dataset/Original Dataset/Original Dataset/Healthy/Healthy170.jpg,Healthy,4
Eye Disease Image Dataset/Original Dataset/Original Dataset/Disc Edema/Disc Edema60.jpg,Disc Edema,2
Eye Disease Image Dataset/Original Dataset/Original Dataset/Diabetic Retinopathy/DR127.jpg,Diabetic Retinopathy,1
Eye Disease Image Dataset/Original Dataset/Original Dataset/Glaucoma/Glaucoma1311.jpg,Glaucoma,3
Eye Disease Image Dataset/Original Dataset/Original Dataset/Myopia/Myopia242.jpg,Myopia,6
Eye Disease Image Dataset/Original Dataset/Original Dataset/Glaucoma/Glaucoma343.jpg,Glaucoma,3
Eye Disease Image Dataset/Original Dataset/Original Dataset/Myopia/Myopia94.jpg,Myopia,6
Eye Disease Image Dataset/Original Dataset/Original Dataset/Macular Scar/Macular Scar70.jpg,Macular Scar,5
Eye Disease Image Dataset/Original Dataset/Original Dataset/Healthy/Healthy737.jpg,Healthy,4
Eye Disease Image Dataset/Original Dataset/Original Dataset/Healthy/Healthy372.jpg,Healthy,4
Eye Disease Image Dataset/Original Dataset/Original Dataset/Diabetic Retinopathy/DR66.jpg,Diabetic Retinopathy,1
Eye Disease Image Dataset/Original Dataset/Original Dataset/Retinal Detachment/Retinal Detachment78.jpg,Retinal Detachment,8
Eye Disease Image Dataset/Original Dataset/Original Dataset/Glaucoma/Glaucoma696.jpg,Glaucoma,3
Eye Disease Image Dataset/Original Dataset/Original Dataset/Diabetic Retinopathy/DR722.jpg,Diabetic Retinopathy,1
Eye Disease Image Dataset/Original Dataset/Original Dataset/Diabetic Retinopathy/DR251.jpg,Diabetic Retinopathy,1
Eye Disease Image Dataset/Original Dataset/Original Dataset/Diabetic Retinopathy/DR249.jpg,Diabetic Retinopathy,1
Eye Disease Image Dataset/Original Dataset/Original Dataset/Macular Scar/Macular Scar85.jpg,Macular Scar,5
Eye Disease Image Dataset/Original Dataset/Original Dataset/Myopia/Myopia194.jpg,Myopia,6
Eye Disease Image Dataset/Original Dataset/Original Dataset/Macular Scar/Macular Scar406.jpg,Macular Scar,5
Eye Disease Image Dataset/Original Dataset/Original Dataset/Diabetic Retinopathy/DR1229.jpg,Diabetic Retinopathy,1
Eye Disease Image Dataset/Original Dataset/Original Dataset/Healthy/Healthy84.jpg,Healthy,4
Eye Disease Image Dataset/Original Dataset/Original Dataset/Myopia/Myopia15.jpg,Myopia,6
Eye Disease Image Dataset/Original Dataset/Original Dataset/Healthy/Healthy535.jpg,Healthy,4
Eye Disease Image Dataset/Original Dataset/Original Dataset/Diabetic Retinopathy/DR592.jpg,Diabetic Retinopathy,1
Eye Disease Image Dataset/Original Dataset/Original Dataset/Disc Edema/Disc Edema64.jpg,Disc Edema,2
Eye Disease Image Dataset/Original Dataset/Original Dataset/Healthy/Healthy8.jpg,Healthy,4
Eye Disease Image Dataset/Original Dataset/Original Dataset/Macular Scar/Macular Scar179.jpg,Macular Scar,5
Eye Disease Image Dataset/Original Dataset/Original Dataset/Glaucoma/Glaucoma859.jpg,Glaucoma,3
Eye Disease Image Dataset/Original Dataset/Original Dataset/Healthy/Healthy93.jpg,Healthy,4
Eye Disease Image Dataset/Original Dataset/Original Dataset/Glaucoma/Glaucoma666.jpg,Glaucoma,3
Eye Disease Image Dataset/Original Dataset/Original Dataset/Glaucoma/Glaucoma702.jpg,Glaucoma,3
Eye Disease Image Dataset/Original Dataset/Original Dataset/Central Serous Chorioretinopathy [Color Fundus]/CSCR69.jpg,Central Serous Chorioretinopathy [Color Fundus],0
Eye Disease Image Dataset/Original Dataset/Original Dataset/Glaucoma/Glaucoma1034.jpg,Glaucoma,3
Eye Disease Image Dataset/Original Dataset/Original Dataset/Glaucoma/Glaucoma776.jpg,Glaucoma,3
Eye Disease Image Dataset/Original Dataset/Original Dataset/Diabetic Retinopathy/DR1369.jpg,Diabetic Retinopathy,1
Eye Disease Image Dataset/Original Dataset/Original Dataset/Diabetic Retinopathy/DR245.jpg,Diabetic Retinopathy,1
Eye Disease Image Dataset/Original Dataset/Original Dataset/Glaucoma/Glaucoma728.jpg,Glaucoma,3
Eye Disease Image Dataset/Original Dataset/Original Dataset/Myopia/Myopia146.jpg,Myopia,6
Eye Disease Image Dataset/Original Dataset/Original Dataset/Myopia/Myopia157.jpg,Myopia,6
Eye Disease Image Dataset/Original Dataset/Original Dataset/Glaucoma/Glaucoma30.jpg,Glaucoma,3
Eye Disease Image Dataset/Original Dataset/Original Dataset/Glaucoma/Glaucoma1097.jpg,Glaucoma,3
Eye Disease Image Dataset/Original Dataset/Original Dataset/Healthy/Healthy230.jpg,Healthy,4
Eye Disease Image Dataset/Original Dataset/Original Dataset/Healthy/Healthy1011.jpg,Healthy,4
Eye Disease Image Dataset/Original Dataset/Original Dataset/Healthy/Healthy125.jpg,Healthy,4
Eye Disease Image Dataset/Original Dataset/Original Dataset/Diabetic Retinopathy/DR343.jpg,Diabetic Retinopathy,1
Eye Disease Image Dataset/Original Dataset/Original Dataset/Pterygium/Pterygium16.jpg,Pterygium,7
Eye Disease Image Dataset/Original Dataset/Original Dataset/Glaucoma/Glaucoma607.jpg,Glaucoma,3
Eye Disease Image Dataset/Original Dataset/Original Dataset/Healthy/Healthy261.jpg,Healthy,4
Eye Disease Image Dataset/Original Dataset/Original Dataset/Healthy/Healthy380.jpg,Healthy,4
Eye Disease Image Dataset/Original Dataset/Original Dataset/Healthy/Healthy89.jpg,Healthy,4
Eye Disease Image Dataset/Original Dataset/Original Dataset/Diabetic Retinopathy/DR1495.jpg,Diabetic Retinopathy,1
Eye Disease Image Dataset/Original Dataset/Original Dataset/Healthy/Healthy561.jpg,Healthy,4
Eye Disease Image Dataset/Original Dataset/Original Dataset/Diabetic Retinopathy/DR1403.jpg,Diabetic Retinopathy,1
Eye Disease Image Dataset/Original Dataset/Original Dataset/Diabetic Retinopathy/DR186.jpg,Diabetic Retinopathy,1
Eye Disease Image Dataset/Original Dataset/Original Dataset/Glaucoma/Glaucoma1244.jpg,Glaucoma,3
Eye Disease Image Dataset/Original Dataset/Original Dataset/Macular Scar/Macular Scar351.jpg,Macular Scar,5
Eye Disease Image Dataset/Original Dataset/Original Dataset/Myopia/Myopia80.jpg,Myopia,6
Eye Disease Image Dataset/Original Dataset/Original Dataset/Myopia/Myopia438.jpg,Myopia,6
Eye Disease Image Dataset/Original Dataset/Original Dataset/Glaucoma/Glaucoma1.jpg,Glaucoma,3
Eye Disease Image Dataset/Original Dataset/Original Dataset/Macular Scar/Macular Scar431.jpg,Macular Scar,5
Eye Disease Image Dataset/Original Dataset/Original Dataset/Diabetic Retinopathy/DR293.jpg,Diabetic Retinopathy,1
Eye Disease Image Dataset/Original Dataset/Original Dataset/Central Serous Chorioretinopathy [Color Fundus]/CSCR8.jpg,Central Serous Chorioretinopathy [Color Fundus],0
Eye Disease Image Dataset/Original Dataset/Original Dataset/Healthy/Healthy702.jpg,Healthy,4
Eye Disease Image Dataset/Original Dataset/Original Dataset/Diabetic Retinopathy/DR1086.jpg,Diabetic Retinopathy,1
Eye Disease Image Dataset/Original Dataset/Original Dataset/Myopia/Myopia431.jpg,Myopia,6
Eye Disease Image Dataset/Original Dataset/Original Dataset/Healthy/Healthy489.jpg,Healthy,4
Eye Disease Image Dataset/Original Dataset/Original Dataset/Macular Scar/Macular Scar293.jpg,Macular Scar,5
Eye Disease Image Dataset/Original Dataset/Original Dataset/Diabetic Retinopathy/DR29.jpg,Diabetic Retinopathy,1
Eye Disease Image Dataset/Original Dataset/Original Dataset/Diabetic Retinopathy/DR191.jpg,Diabetic Retinopathy,1
Eye Disease Image Dataset/Original Dataset/Original Dataset/Macular Scar/Macular Scar441.jpg,Macular Scar,5
Eye Disease Image Dataset/Original Dataset/Original Dataset/Diabetic Retinopathy/DR520.jpg,Diabetic Retinopathy,1
Eye Disease Image Dataset/Original Dataset/Original Dataset/Healthy/Healthy839.jpg,Healthy,4
Eye Disease Image Dataset/Original Dataset/Original Dataset/Myopia/Myopia379.jpg,Myopia,6
Eye Disease Image Dataset/Original Dataset/Original Dataset/Macular Scar/Macular Scar346.jpg,Macular Scar,5
Eye Disease Image Dataset/Original Dataset/Original Dataset/Glaucoma/Glaucoma557.jpg,Glaucoma,3
Eye Disease Image Dataset/Original Dataset/Original Dataset/Healthy/Healthy526.jpg,Healthy,4
Eye Disease Image Dataset/Original Dataset/Original Dataset/Myopia/Myopia345.jpg,Myopia,6
Eye Disease Image Dataset/Original Dataset/Original Dataset/Diabetic Retinopathy/DR1153.jpg,Diabetic Retinopathy,1
Eye Disease Image Dataset/Original Dataset/Original Dataset/Glaucoma/Glaucoma44.jpg,Glaucoma,3
Eye Disease Image Dataset/Original Dataset/Original Dataset/Disc Edema/Disc Edema114.jpg,Disc Edema,2
Eye Disease Image Dataset/Original Dataset/Original Dataset/Myopia/Myopia43.jpg,Myopia,6
Eye Disease Image Dataset/Original Dataset/Original Dataset/Healthy/Healthy895.jpg,Healthy,4
Eye Disease Image Dataset/Original Dataset/Original Dataset/Diabetic Retinopathy/DR81.jpg,Diabetic Retinopathy,1
Eye Disease Image Dataset/Original Dataset/Original Dataset/Diabetic Retinopathy/DR1517.jpg,Diabetic Retinopathy,1
Eye Disease Image Dataset/Original Dataset/Original Dataset/Myopia/Myopia325.jpg,Myopia,6
Eye Disease Image Dataset/Original Dataset/Original Dataset/Myopia/Myopia496.jpg,Myopia,6
Eye Disease Image Dataset/Original Dataset/Original Dataset/Diabetic Retinopathy/DR470.jpg,Diabetic Retinopathy,1
Eye Disease Image Dataset/Original Dataset/Original Dataset/Glaucoma/Glaucoma1255.jpg,Glaucoma,3
Eye Disease Image Dataset/Original Dataset/Original Dataset/Diabetic Retinopathy/DR1080.jpg,Diabetic Retinopathy,1
Eye Disease Image Dataset/Original Dataset/Original Dataset/Glaucoma/Glaucoma714.jpg,Glaucoma,3
Eye Disease Image Dataset/Original Dataset/Original Dataset/Disc Edema/Disc Edema85.jpg,Disc Edema,2
Eye Disease Image Dataset/Original Dataset/Original Dataset/Myopia/Myopia212.jpg,Myopia,6
Eye Disease Image Dataset/Original Dataset/Original Dataset/Retinitis Pigmentosa/Retinitis Pigmentosa63.jpg,Retinitis Pigmentosa,9
Eye Disease Image Dataset/Original Dataset/Original Dataset/Glaucoma/Glaucoma49.jpg,Glaucoma,3
Eye Disease Image Dataset/Original Dataset/Original Dataset/Myopia/Myopia145.jpg,Myopia,6
Eye Disease Image Dataset/Original Dataset/Original Dataset/Diabetic Retinopathy/DR31.jpg,Diabetic Retinopathy,1
Eye Disease Image Dataset/Original Dataset/Original Dataset/Diabetic Retinopathy/DR139.jpg,Diabetic Retinopathy,1
Eye Disease Image Dataset/Original Dataset/Original Dataset/Diabetic Retinopathy/DR508.jpg,Diabetic Retinopathy,1
Eye Disease Image Dataset/Original Dataset/Original Dataset/Diabetic Retinopathy/DR1013.jpg,Diabetic Retinopathy,1
Eye Disease Image Dataset/Original Dataset/Original Dataset/Glaucoma/Glaucoma986.jpg,Glaucoma,3
Eye Disease Image Dataset/Original Dataset/Original Dataset/Myopia/Myopia264.jpg,Myopia,6
Eye Disease Image Dataset/Original Dataset/Original Dataset/Myopia/Myopia269.jpg,Myopia,6
Eye Disease Image Dataset/Original Dataset/Original Dataset/Glaucoma/Glaucoma1201.jpg,Glaucoma,3
Eye Disease Image Dataset/Original Dataset/Original Dataset/Diabetic Retinopathy/DR879.jpg,Diabetic Retinopathy,1
Eye Disease Image Dataset/Original Dataset/Original Dataset/Healthy/Healthy291.jpg,Healthy,4
Eye Disease Image Dataset/Original Dataset/Original Dataset/Glaucoma/Glaucoma331.jpg,Glaucoma,3
Eye Disease Image Dataset/Original Dataset/Original Dataset/Healthy/Healthy852.jpg,Healthy,4
Eye Disease Image Dataset/Original Dataset/Original Dataset/Healthy/Healthy652.jpg,Healthy,4
Eye Disease Image Dataset/Original Dataset/Original Dataset/Healthy/Healthy712.jpg,Healthy,4
Eye Disease Image Dataset/Original Dataset/Original Dataset/Macular Scar/Macular Scar319.jpg,Macular Scar,5
Eye Disease Image Dataset/Original Dataset/Original Dataset/Central Serous Chorioretinopathy [Color Fundus]/CSCR41.jpg,Central Serous Chorioretinopathy [Color Fundus],0
Eye Disease Image Dataset/Original Dataset/Original Dataset/Healthy/Healthy863.jpg,Healthy,4
Eye Disease Image Dataset/Original Dataset/Original Dataset/Healthy/Healthy910.jpg,Healthy,4
Eye Disease Image Dataset/Original Dataset/Original Dataset/Diabetic Retinopathy/DR998.jpg,Diabetic Retinopathy,1
Eye Disease Image Dataset/Original Dataset/Original Dataset/Diabetic Retinopathy/DR1049.jpg,Diabetic Retinopathy,1
Eye Disease Image Dataset/Original Dataset/Original Dataset/Macular Scar/Macular Scar25.jpg,Macular Scar,5
Eye Disease Image Dataset/Original Dataset/Original Dataset/Glaucoma/Glaucoma710.jpg,Glaucoma,3
Eye Disease Image Dataset/Original Dataset/Original Dataset/Healthy/Healthy566.jpg,Healthy,4
Eye Disease Image Dataset/Original Dataset/Original Dataset/Diabetic Retinopathy/DR295.jpg,Diabetic Retinopathy,1
Eye Disease Image Dataset/Original Dataset/Original Dataset/Myopia/Myopia173.jpg,Myopia,6
Eye Disease Image Dataset/Original Dataset/Original Dataset/Glaucoma/Glaucoma531.jpg,Glaucoma,3
Eye Disease Image Dataset/Original Dataset/Original Dataset/Healthy/Healthy416.jpg,Healthy,4
Eye Disease Image Dataset/Original Dataset/Original Dataset/Healthy/Healthy939.jpg,Healthy,4
Eye Disease Image Dataset/Original Dataset/Original Dataset/Macular Scar/Macular Scar305.jpg,Macular Scar,5
Eye Disease Image Dataset/Original Dataset/Original Dataset/Diabetic Retinopathy/DR287.jpg,Diabetic Retinopathy,1
Eye Disease Image Dataset/Original Dataset/Original Dataset/Diabetic Retinopathy/DR675.jpg,Diabetic Retinopathy,1
Eye Disease Image Dataset/Original Dataset/Original Dataset/Healthy/Healthy38.jpg,Healthy,4
Eye Disease Image Dataset/Original Dataset/Original Dataset/Disc Edema/Disc Edema80.jpg,Disc Edema,2
Eye Disease Image Dataset/Original Dataset/Original Dataset/Macular Scar/Macular Scar299.jpg,Macular Scar,5
Eye Disease Image Dataset/Original Dataset/Original Dataset/Healthy/Healthy508.jpg,Healthy,4
Eye Disease Image Dataset/Original Dataset/Original Dataset/Diabetic Retinopathy/DR1067.jpg,Diabetic Retinopathy,1
Eye Disease Image Dataset/Original Dataset/Original Dataset/Diabetic Retinopathy/DR507.jpg,Diabetic Retinopathy,1
Eye Disease Image Dataset/Original Dataset/Original Dataset/Glaucoma/Glaucoma822.jpg,Glaucoma,3
Eye Disease Image Dataset/Original Dataset/Original Dataset/Glaucoma/Glaucoma398.jpg,Glaucoma,3
Eye Disease Image Dataset/Original Dataset/Original Dataset/Diabetic Retinopathy/DR459.jpg,Diabetic Retinopathy,1
Eye Disease Image Dataset/Original Dataset/Original Dataset/Retinal Detachment/Retinal Detachment53.jpg,Retinal Detachment,8
Eye Disease Image Dataset/Original Dataset/Original Dataset/Diabetic Retinopathy/DR1029.jpg,Diabetic Retinopathy,1
Eye Disease Image Dataset/Original Dataset/Original Dataset/Glaucoma/Glaucoma877.jpg,Glaucoma,3
Eye Disease Image Dataset/Original Dataset/Original Dataset/Healthy/Healthy59.jpg,Healthy,4
Eye Disease Image Dataset/Original Dataset/Original Dataset/Healthy/Healthy613.jpg,Healthy,4
Eye Disease Image Dataset/Original Dataset/Original Dataset/Diabetic Retinopathy/DR1378.jpg,Diabetic Retinopathy,1
Eye Disease Image Dataset/Original Dataset/Original Dataset/Diabetic Retinopathy/DR148.jpg,Diabetic Retinopathy,1
Eye Disease Image Dataset/Original Dataset/Original Dataset/Healthy/Healthy157.jpg,Healthy,4
Eye Disease Image Dataset/Original Dataset/Original Dataset/Retinitis Pigmentosa/Retinitis Pigmentosa115.jpg,Retinitis Pigmentosa,9
Eye Disease Image Dataset/Original Dataset/Original Dataset/Central Serous Chorioretinopathy [Color Fundus]/CSCR64.jpg,Central Serous Chorioretinopathy [Color Fundus],0
Eye Disease Image Dataset/Original Dataset/Original Dataset/Diabetic Retinopathy/DR625.jpg,Diabetic Retinopathy,1
Eye Disease Image Dataset/Original Dataset/Original Dataset/Glaucoma/Glaucoma126.jpg,Glaucoma,3
Eye Disease Image Dataset/Original Dataset/Original Dataset/Glaucoma/Glaucoma21.jpg,Glaucoma,3
Eye Disease Image Dataset/Original Dataset/Original Dataset/Glaucoma/Glaucoma640.jpg,Glaucoma,3
Eye Disease Image Dataset/Original Dataset/Original Dataset/Diabetic Retinopathy/DR88.jpg,Diabetic Retinopathy,1
Eye Disease Image Dataset/Original Dataset/Original Dataset/Diabetic Retinopathy/DR151.jpg,Diabetic Retinopathy,1
Eye Disease Image Dataset/Original Dataset/Original Dataset/Glaucoma/Glaucoma259.jpg,Glaucoma,3
Eye Disease Image Dataset/Original Dataset/Original Dataset/Macular Scar/Macular Scar259.jpg,Macular Scar,5
Eye Disease Image Dataset/Original Dataset/Original Dataset/Glaucoma/Glaucoma404.jpg,Glaucoma,3
Eye Disease Image Dataset/Original Dataset/Original Dataset/Myopia/Myopia161.jpg,Myopia,6
Eye Disease Image Dataset/Original Dataset/Original Dataset/Diabetic Retinopathy/DR1300.jpg,Diabetic Retinopathy,1
Eye Disease Image Dataset/Original Dataset/Original Dataset/Myopia/Myopia181.jpg,Myopia,6
Eye Disease Image Dataset/Original Dataset/Original Dataset/Disc Edema/Disc Edema3.jpg,Disc Edema,2
Eye Disease Image Dataset/Original Dataset/Original Dataset/Myopia/Myopia417.jpg,Myopia,6
Eye Disease Image Dataset/Original Dataset/Original Dataset/Diabetic Retinopathy/DR1342.jpg,Diabetic Retinopathy,1
Eye Disease Image Dataset/Original Dataset/Original Dataset/Glaucoma/Glaucoma547.jpg,Glaucoma,3
Eye Disease Image Dataset/Original Dataset/Original Dataset/Macular Scar/Macular Scar205.jpg,Macular Scar,5
Eye Disease Image Dataset/Original Dataset/Original Dataset/Myopia/Myopia326.jpg,Myopia,6
Eye Disease Image Dataset/Original Dataset/Original Dataset/Diabetic Retinopathy/DR450.jpg,Diabetic Retinopathy,1
Eye Disease Image Dataset/Original Dataset/Original Dataset/Diabetic Retinopathy/DR1212.jpg,Diabetic Retinopathy,1
Eye Disease Image Dataset/Original Dataset/Original Dataset/Healthy/Healthy452.jpg,Healthy,4
Eye Disease Image Dataset/Original Dataset/Original Dataset/Diabetic Retinopathy/DR168.jpg,Diabetic Retinopathy,1
Eye Disease Image Dataset/Original Dataset/Original Dataset/Diabetic Retinopathy/DR844.jpg,Diabetic Retinopathy,1
Eye Disease Image Dataset/Original Dataset/Original Dataset/Diabetic Retinopathy/DR1368.jpg,Diabetic Retinopathy,1
Eye Disease Image Dataset/Original Dataset/Original Dataset/Glaucoma/Glaucoma454.jpg,Glaucoma,3
Eye Disease Image Dataset/Original Dataset/Original Dataset/Retinitis Pigmentosa/Retinitis Pigmentosa102.jpg,Retinitis Pigmentosa,9
Eye Disease Image Dataset/Original Dataset/Original Dataset/Macular Scar/Macular Scar392.jpg,Macular Scar,5
Eye Disease Image Dataset/Original Dataset/Original Dataset/Retinal Detachment/Retinal Detachment73.jpg,Retinal Detachment,8
Eye Disease Image Dataset/Original Dataset/Original Dataset/Glaucoma/Glaucoma212.jpg,Glaucoma,3
Eye Disease Image Dataset/Original Dataset/Original Dataset/Healthy/Healthy63.jpg,Healthy,4
Eye Disease Image Dataset/Original Dataset/Original Dataset/Glaucoma/Glaucoma378.jpg,Glaucoma,3
Eye Disease Image Dataset/Original Dataset/Original Dataset/Macular Scar/Macular Scar172.jpg,Macular Scar,5
Eye Disease Image Dataset/Original Dataset/Original Dataset/Healthy/Healthy430.jpg,Healthy,4
Eye Disease Image Dataset/Original Dataset/Original Dataset/Glaucoma/Glaucoma1152.jpg,Glaucoma,3
Eye Disease Image Dataset/Original Dataset/Original Dataset/Myopia/Myopia18.jpg,Myopia,6
Eye Disease Image Dataset/Original Dataset/Original Dataset/Myopia/Myopia209.jpg,Myopia,6
Eye Disease Image Dataset/Original Dataset/Original Dataset/Healthy/Healthy456.jpg,Healthy,4
Eye Disease Image Dataset/Original Dataset/Original Dataset/Glaucoma/Glaucoma497.jpg,Glaucoma,3
Eye Disease Image Dataset/Original Dataset/Original Dataset/Myopia/Myopia117.jpg,Myopia,6
Eye Disease Image Dataset/Original Dataset/Original Dataset/Glaucoma/Glaucoma515.jpg,Glaucoma,3
Eye Disease Image Dataset/Original Dataset/Original Dataset/Healthy/Healthy769.jpg,Healthy,4
Eye Disease Image Dataset/Original Dataset/Original Dataset/Diabetic Retinopathy/DR423.jpg,Diabetic Retinopathy,1
Eye Disease Image Dataset/Original Dataset/Original Dataset/Disc Edema/Disc Edema89.jpg,Disc Edema,2
Eye Disease Image Dataset/Original Dataset/Original Dataset/Diabetic Retinopathy/DR1224.jpg,Diabetic Retinopathy,1
Eye Disease Image Dataset/Original Dataset/Original Dataset/Diabetic Retinopathy/DR818.jpg,Diabetic Retinopathy,1
Eye Disease Image Dataset/Original Dataset/Original Dataset/Healthy/Healthy887.jpg,Healthy,4
Eye Disease Image Dataset/Original Dataset/Original Dataset/Macular Scar/Macular Scar23.jpg,Macular Scar,5
Eye Disease Image Dataset/Original Dataset/Original Dataset/Glaucoma/Glaucoma1222.jpg,Glaucoma,3
Eye Disease Image Dataset/Original Dataset/Original Dataset/Healthy/Healthy179.jpg,Healthy,4
Eye Disease Image Dataset/Original Dataset/Original Dataset/Healthy/Healthy882.jpg,Healthy,4
Eye Disease Image Dataset/Original Dataset/Original Dataset/Myopia/Myopia218.jpg,Myopia,6
Eye Disease Image Dataset/Original Dataset/Original Dataset/Myopia/Myopia204.jpg,Myopia,6
Eye Disease Image Dataset/Original Dataset/Original Dataset/Healthy/Healthy829.jpg,Healthy,4
Eye Disease Image Dataset/Original Dataset/Original Dataset/Macular Scar/Macular Scar358.jpg,Macular Scar,5
Eye Disease Image Dataset/Original Dataset/Original Dataset/Diabetic Retinopathy/DR321.jpg,Diabetic Retinopathy,1
Eye Disease Image Dataset/Original Dataset/Original Dataset/Glaucoma/Glaucoma1296.jpg,Glaucoma,3
Eye Disease Image Dataset/Original Dataset/Original Dataset/Diabetic Retinopathy/DR752.jpg,Diabetic Retinopathy,1
Eye Disease Image Dataset/Original Dataset/Original Dataset/Healthy/Healthy699.jpg,Healthy,4
Eye Disease Image Dataset/Original Dataset/Original Dataset/Glaucoma/Glaucoma848.jpg,Glaucoma,3
Eye Disease Image Dataset/Original Dataset/Original Dataset/Glaucoma/Glaucoma649.jpg,Glaucoma,3
Eye Disease Image Dataset/Original Dataset/Original Dataset/Glaucoma/Glaucoma805.jpg,Glaucoma,3
Eye Disease Image Dataset/Original Dataset/Original Dataset/Diabetic Retinopathy/DR14.jpg,Diabetic Retinopathy,1
Eye Disease Image Dataset/Original Dataset/Original Dataset/Healthy/Healthy908.jpg,Healthy,4
Eye Disease Image Dataset/Original Dataset/Original Dataset/Glaucoma/Glaucoma707.jpg,Glaucoma,3
Eye Disease Image Dataset/Original Dataset/Original Dataset/Myopia/Myopia305.jpg,Myopia,6
Eye Disease Image Dataset/Original Dataset/Original Dataset/Glaucoma/Glaucoma1111.jpg,Glaucoma,3
Eye Disease Image Dataset/Original Dataset/Original Dataset/Central Serous Chorioretinopathy [Color Fundus]/CSCR38.jpg,Central Serous Chorioretinopathy [Color Fundus],0
Eye Disease Image Dataset/Original Dataset/Original Dataset/Healthy/Healthy351.jpg,Healthy,4
Eye Disease Image Dataset/Original Dataset/Original Dataset/Diabetic Retinopathy/DR650.jpg,Diabetic Retinopathy,1
Eye Disease Image Dataset/Original Dataset/Original Dataset/Healthy/Healthy655.jpg,Healthy,4
Eye Disease Image Dataset/Original Dataset/Original Dataset/Myopia/Myopia474.jpg,Myopia,6
Eye Disease Image Dataset/Original Dataset/Original Dataset/Macular Scar/Macular Scar348.jpg,Macular Scar,5
Eye Disease Image Dataset/Original Dataset/Original Dataset/Diabetic Retinopathy/DR838.jpg,Diabetic Retinopathy,1
Eye Disease Image Dataset/Original Dataset/Original Dataset/Healthy/Healthy289.jpg,Healthy,4
Eye Disease Image Dataset/Original Dataset/Original Dataset/Diabetic Retinopathy/DR204.jpg,Diabetic Retinopathy,1
Eye Disease Image Dataset/Original Dataset/Original Dataset/Diabetic Retinopathy/DR553.jpg,Diabetic Retinopathy,1
Eye Disease Image Dataset/Original Dataset/Original Dataset/Diabetic Retinopathy/DR128.jpg,Diabetic Retinopathy,1
Eye Disease Image Dataset/Original Dataset/Original Dataset/Macular Scar/Macular Scar389.jpg,Macular Scar,5
Eye Disease Image Dataset/Original Dataset/Original Dataset/Glaucoma/Glaucoma907.jpg,Glaucoma,3
Eye Disease Image Dataset/Original Dataset/Original Dataset/Diabetic Retinopathy/DR842.jpg,Diabetic Retinopathy,1
Eye Disease Image Dataset/Original Dataset/Original Dataset/Healthy/Healthy943.jpg,Healthy,4
Eye Disease Image Dataset/Original Dataset/Original Dataset/Macular Scar/Macular Scar126.jpg,Macular Scar,5
Eye Disease Image Dataset/Original Dataset/Original Dataset/Glaucoma/Glaucoma556.jpg,Glaucoma,3
Eye Disease Image Dataset/Original Dataset/Original Dataset/Glaucoma/Glaucoma1281.jpg,Glaucoma,3
Eye Disease Image Dataset/Original Dataset/Original Dataset/Central Serous Chorioretinopathy [Color Fundus]/CSCR97.jpg,Central Serous Chorioretinopathy [Color Fundus],0
Eye Disease Image Dataset/Original Dataset/Original Dataset/Healthy/Healthy909.jpg,Healthy,4
Eye Disease Image Dataset/Original Dataset/Original Dataset/Diabetic Retinopathy/DR129.jpg,Diabetic Retinopathy,1
Eye Disease Image Dataset/Original Dataset/Original Dataset/Diabetic Retinopathy/DR943.jpg,Diabetic Retinopathy,1
Eye Disease Image Dataset/Original Dataset/Original Dataset/Glaucoma/Glaucoma1057.jpg,Glaucoma,3
Eye Disease Image Dataset/Original Dataset/Original Dataset/Diabetic Retinopathy/DR912.jpg,Diabetic Retinopathy,1
Eye Disease Image Dataset/Original Dataset/Original Dataset/Diabetic Retinopathy/DR72.jpg,Diabetic Retinopathy,1
Eye Disease Image Dataset/Original Dataset/Original Dataset/Healthy/Healthy435.jpg,Healthy,4
Eye Disease Image Dataset/Original Dataset/Original Dataset/Macular Scar/Macular Scar241.jpg,Macular Scar,5
Eye Disease Image Dataset/Original Dataset/Original Dataset/Glaucoma/Glaucoma952.jpg,Glaucoma,3
Eye Disease Image Dataset/Original Dataset/Original Dataset/Healthy/Healthy5.jpg,Healthy,4
Eye Disease Image Dataset/Original Dataset/Original Dataset/Myopia/Myopia107.jpg,Myopia,6
Eye Disease Image Dataset/Original Dataset/Original Dataset/Myopia/Myopia292.jpg,Myopia,6
Eye Disease Image Dataset/Original Dataset/Original Dataset/Retinitis Pigmentosa/Retinitis Pigmentosa25.jpg,Retinitis Pigmentosa,9
Eye Disease Image Dataset/Original Dataset/Original Dataset/Diabetic Retinopathy/DR751.jpg,Diabetic Retinopathy,1
Eye Disease Image Dataset/Original Dataset/Original Dataset/Glaucoma/Glaucoma271.jpg,Glaucoma,3
Eye Disease Image Dataset/Original Dataset/Original Dataset/Glaucoma/Glaucoma672.jpg,Glaucoma,3
Eye Disease Image Dataset/Original Dataset/Original Dataset/Diabetic Retinopathy/DR146.jpg,Diabetic Retinopathy,1
Eye Disease Image Dataset/Original Dataset/Original Dataset/Macular Scar/Macular Scar254.jpg,Macular Scar,5
Eye Disease Image Dataset/Original Dataset/Original Dataset/Macular Scar/Macular Scar75.jpg,Macular Scar,5
Eye Disease Image Dataset/Original Dataset/Original Dataset/Glaucoma/Glaucoma405.jpg,Glaucoma,3
Eye Disease Image Dataset/Original Dataset/Original Dataset/Diabetic Retinopathy/DR1312.jpg,Diabetic Retinopathy,1
Eye Disease Image Dataset/Original Dataset/Original Dataset/Healthy/Healthy100.jpg,Healthy,4
Eye Disease Image Dataset/Original Dataset/Original Dataset/Healthy/Healthy945.jpg,Healthy,4
Eye Disease Image Dataset/Original Dataset/Original Dataset/Retinitis Pigmentosa/Retinitis Pigmentosa120.jpg,Retinitis Pigmentosa,9
Eye Disease Image Dataset/Original Dataset/Original Dataset/Diabetic Retinopathy/DR254.jpg,Diabetic Retinopathy,1
Eye Disease Image Dataset/Original Dataset/Original Dataset/Glaucoma/Glaucoma627.jpg,Glaucoma,3
Eye Disease Image Dataset/Original Dataset/Original Dataset/Diabetic Retinopathy/DR1349.jpg,Diabetic Retinopathy,1
Eye Disease Image Dataset/Original Dataset/Original Dataset/Healthy/Healthy82.jpg,Healthy,4
Eye Disease Image Dataset/Original Dataset/Original Dataset/Glaucoma/Glaucoma1203.jpg,Glaucoma,3
Eye Disease Image Dataset/Original Dataset/Original Dataset/Diabetic Retinopathy/DR1.jpg,Diabetic Retinopathy,1
Eye Disease Image Dataset/Original Dataset/Original Dataset/Diabetic Retinopathy/DR438.jpg,Diabetic Retinopathy,1
Eye Disease Image Dataset/Original Dataset/Original Dataset/Diabetic Retinopathy/DR1514.jpg,Diabetic Retinopathy,1
Eye Disease Image Dataset/Original Dataset/Original Dataset/Pterygium/Pterygium7.jpg,Pterygium,7
Eye Disease Image Dataset/Original Dataset/Original Dataset/Central Serous Chorioretinopathy [Color Fundus]/CSCR84.jpg,Central Serous Chorioretinopathy [Color Fundus],0
Eye Disease Image Dataset/Original Dataset/Original Dataset/Glaucoma/Glaucoma132.jpg,Glaucoma,3
Eye Disease Image Dataset/Original Dataset/Original Dataset/Diabetic Retinopathy/DR1044.jpg,Diabetic Retinopathy,1
Eye Disease Image Dataset/Original Dataset/Original Dataset/Glaucoma/Glaucoma67.jpg,Glaucoma,3
Eye Disease Image Dataset/Original Dataset/Original Dataset/Diabetic Retinopathy/DR541.jpg,Diabetic Retinopathy,1
Eye Disease Image Dataset/Original Dataset/Original Dataset/Healthy/Healthy989.jpg,Healthy,4
Eye Disease Image Dataset/Original Dataset/Original Dataset/Myopia/Myopia327.jpg,Myopia,6
Eye Disease Image Dataset/Original Dataset/Original Dataset/Glaucoma/Glaucoma115.jpg,Glaucoma,3
Eye Disease Image Dataset/Original Dataset/Original Dataset/Glaucoma/Glaucoma230.jpg,Glaucoma,3
Eye Disease Image Dataset/Original Dataset/Original Dataset/Healthy/Healthy262.jpg,Healthy,4
Eye Disease Image Dataset/Original Dataset/Original Dataset/Macular Scar/Macular Scar342.jpg,Macular Scar,5
Eye Disease Image Dataset/Original Dataset/Original Dataset/Glaucoma/Glaucoma475.jpg,Glaucoma,3
Eye Disease Image Dataset/Original Dataset/Original Dataset/Diabetic Retinopathy/DR684.jpg,Diabetic Retinopathy,1
Eye Disease Image Dataset/Original Dataset/Original Dataset/Glaucoma/Glaucoma1239.jpg,Glaucoma,3
Eye Disease Image Dataset/Original Dataset/Original Dataset/Retinitis Pigmentosa/Retinitis Pigmentosa74.jpg,Retinitis Pigmentosa,9
Eye Disease Image Dataset/Original Dataset/Original Dataset/Healthy/Healthy949.jpg,Healthy,4
Eye Disease Image Dataset/Original Dataset/Original Dataset/Glaucoma/Glaucoma558.jpg,Glaucoma,3
Eye Disease Image Dataset/Original Dataset/Original Dataset/Healthy/Healthy541.jpg,Healthy,4
Eye Disease Image Dataset/Original Dataset/Original Dataset/Glaucoma/Glaucoma1173.jpg,Glaucoma,3
Eye Disease Image Dataset/Original Dataset/Original Dataset/Disc Edema/Disc Edema22.jpg,Disc Edema,2
Eye Disease Image Dataset/Original Dataset/Original Dataset/Central Serous Chorioretinopathy [Color Fundus]/CSCR37.jpg,Central Serous Chorioretinopathy [Color Fundus],0
Eye Disease Image Dataset/Original Dataset/Original Dataset/Glaucoma/Glaucoma857.jpg,Glaucoma,3
Eye Disease Image Dataset/Original Dataset/Original Dataset/Glaucoma/Glaucoma1332.jpg,Glaucoma,3
Eye Disease Image Dataset/Original Dataset/Original Dataset/Diabetic Retinopathy/DR933.jpg,Diabetic Retinopathy,1
Eye Disease Image Dataset/Original Dataset/Original Dataset/Diabetic Retinopathy/DR716.jpg,Diabetic Retinopathy,1
Eye Disease Image Dataset/Original Dataset/Original Dataset/Diabetic Retinopathy/DR443.jpg,Diabetic Retinopathy,1
Eye Disease Image Dataset/Original Dataset/Original Dataset/Disc Edema/Disc Edema36.jpg,Disc Edema,2
Eye Disease Image Dataset/Original Dataset/Original Dataset/Retinal Detachment/Retinal Detachment39.jpg,Retinal Detachment,8
Eye Disease Image Dataset/Original Dataset/Original Dataset/Glaucoma/Glaucoma310.jpg,Glaucoma,3
Eye Disease Image Dataset/Original Dataset/Original Dataset/Healthy/Healthy732.jpg,Healthy,4
Eye Disease Image Dataset/Original Dataset/Original Dataset/Retinitis Pigmentosa/Retinitis Pigmentosa106.jpg,Retinitis Pigmentosa,9
Eye Disease Image Dataset/Original Dataset/Original Dataset/Myopia/Myopia384.jpg,Myopia,6
Eye Disease Image Dataset/Original Dataset/Original Dataset/Diabetic Retinopathy/DR656.jpg,Diabetic Retinopathy,1
Eye Disease Image Dataset/Original Dataset/Original Dataset/Diabetic Retinopathy/DR159.jpg,Diabetic Retinopathy,1
Eye Disease Image Dataset/Original Dataset/Original Dataset/Macular Scar/Macular Scar64.jpg,Macular Scar,5
Eye Disease Image Dataset/Original Dataset/Original Dataset/Glaucoma/Glaucoma585.jpg,Glaucoma,3
Eye Disease Image Dataset/Original Dataset/Original Dataset/Diabetic Retinopathy/DR271.jpg,Diabetic Retinopathy,1
Eye Disease Image Dataset/Original Dataset/Original Dataset/Diabetic Retinopathy/DR1433.jpg,Diabetic Retinopathy,1
Eye Disease Image Dataset/Original Dataset/Original Dataset/Disc Edema/Disc Edema78.jpg,Disc Edema,2
Eye Disease Image Dataset/Original Dataset/Original Dataset/Healthy/Healthy142.jpg,Healthy,4
Eye Disease Image Dataset/Original Dataset/Original Dataset/Glaucoma/Glaucoma993.jpg,Glaucoma,3
Eye Disease Image Dataset/Original Dataset/Original Dataset/Diabetic Retinopathy/DR1363.jpg,Diabetic Retinopathy,1
Eye Disease Image Dataset/Original Dataset/Original Dataset/Diabetic Retinopathy/DR479.jpg,Diabetic Retinopathy,1
Eye Disease Image Dataset/Original Dataset/Original Dataset/Glaucoma/Glaucoma914.jpg,Glaucoma,3
Eye Disease Image Dataset/Original Dataset/Original Dataset/Healthy/Healthy195.jpg,Healthy,4
Eye Disease Image Dataset/Original Dataset/Original Dataset/Glaucoma/Glaucoma638.jpg,Glaucoma,3
Eye Disease Image Dataset/Original Dataset/Original Dataset/Glaucoma/Glaucoma977.jpg,Glaucoma,3
Eye Disease Image Dataset/Original Dataset/Original Dataset/Healthy/Healthy724.jpg,Healthy,4
Eye Disease Image Dataset/Original Dataset/Original Dataset/Myopia/Myopia195.jpg,Myopia,6
Eye Disease Image Dataset/Original Dataset/Original Dataset/Myopia/Myopia271.jpg,Myopia,6
Eye Disease Image Dataset/Original Dataset/Original Dataset/Myopia/Myopia261.jpg,Myopia,6
Eye Disease Image Dataset/Original Dataset/Original Dataset/Diabetic Retinopathy/DR585.jpg,Diabetic Retinopathy,1
Eye Disease Image Dataset/Original Dataset/Original Dataset/Healthy/Healthy528.jpg,Healthy,4
Eye Disease Image Dataset/Original Dataset/Original Dataset/Glaucoma/Glaucoma220.jpg,Glaucoma,3
Eye Disease Image Dataset/Original Dataset/Original Dataset/Glaucoma/Glaucoma34.jpg,Glaucoma,3
Eye Disease Image Dataset/Original Dataset/Original Dataset/Retinitis Pigmentosa/Retinitis Pigmentosa47.jpg,Retinitis Pigmentosa,9
Eye Disease Image Dataset/Original Dataset/Original Dataset/Glaucoma/Glaucoma221.jpg,Glaucoma,3
Eye Disease Image Dataset/Original Dataset/Original Dataset/Glaucoma/Glaucoma106.jpg,Glaucoma,3
Eye Disease Image Dataset/Original Dataset/Original Dataset/Glaucoma/Glaucoma322.jpg,Glaucoma,3
Eye Disease Image Dataset/Original Dataset/Original Dataset/Glaucoma/Glaucoma182.jpg,Glaucoma,3
Eye Disease Image Dataset/Original Dataset/Original Dataset/Diabetic Retinopathy/DR925.jpg,Diabetic Retinopathy,1
Eye Disease Image Dataset/Original Dataset/Original Dataset/Macular Scar/Macular Scar173.jpg,Macular Scar,5
Eye Disease Image Dataset/Original Dataset/Original Dataset/Disc Edema/Disc Edema121.jpg,Disc Edema,2
Eye Disease Image Dataset/Original Dataset/Original Dataset/Diabetic Retinopathy/DR718.jpg,Diabetic Retinopathy,1
Eye Disease Image Dataset/Original Dataset/Original Dataset/Glaucoma/Glaucoma352.jpg,Glaucoma,3
Eye Disease Image Dataset/Original Dataset/Original Dataset/Retinal Detachment/Retinal Detachment43.jpg,Retinal Detachment,8
Eye Disease Image Dataset/Original Dataset/Original Dataset/Diabetic Retinopathy/DR536.jpg,Diabetic Retinopathy,1
Eye Disease Image Dataset/Original Dataset/Original Dataset/Myopia/Myopia419.jpg,Myopia,6
Eye Disease Image Dataset/Original Dataset/Original Dataset/Disc Edema/Disc Edema14.jpg,Disc Edema,2
Eye Disease Image Dataset/Original Dataset/Original Dataset/Macular Scar/Macular Scar235.jpg,Macular Scar,5
Eye Disease Image Dataset/Original Dataset/Original Dataset/Retinal Detachment/Retinal Detachment13.jpg,Retinal Detachment,8
Eye Disease Image Dataset/Original Dataset/Original Dataset/Myopia/Myopia102.jpg,Myopia,6
Eye Disease Image Dataset/Original Dataset/Original Dataset/Diabetic Retinopathy/DR333.jpg,Diabetic Retinopathy,1
Eye Disease Image Dataset/Original Dataset/Original Dataset/Glaucoma/Glaucoma408.jpg,Glaucoma,3
Eye Disease Image Dataset/Original Dataset/Original Dataset/Myopia/Myopia468.jpg,Myopia,6
Eye Disease Image Dataset/Original Dataset/Original Dataset/Diabetic Retinopathy/DR836.jpg,Diabetic Retinopathy,1
Eye Disease Image Dataset/Original Dataset/Original Dataset/Myopia/Myopia203.jpg,Myopia,6
Eye Disease Image Dataset/Original Dataset/Original Dataset/Macular Scar/Macular Scar327.jpg,Macular Scar,5
Eye Disease Image Dataset/Original Dataset/Original Dataset/Myopia/Myopia297.jpg,Myopia,6
Eye Disease Image Dataset/Original Dataset/Original Dataset/Glaucoma/Glaucoma1136.jpg,Glaucoma,3
Eye Disease Image Dataset/Original Dataset/Original Dataset/Healthy/Healthy58.jpg,Healthy,4
Eye Disease Image Dataset/Original Dataset/Original Dataset/Glaucoma/Glaucoma748.jpg,Glaucoma,3
Eye Disease Image Dataset/Original Dataset/Original Dataset/Central Serous Chorioretinopathy [Color Fundus]/CSCR85.jpg,Central Serous Chorioretinopathy [Color Fundus],0
Eye Disease Image Dataset/Original Dataset/Original Dataset/Glaucoma/Glaucoma1324.jpg,Glaucoma,3
Eye Disease Image Dataset/Original Dataset/Original Dataset/Diabetic Retinopathy/DR921.jpg,Diabetic Retinopathy,1
Eye Disease Image Dataset/Original Dataset/Original Dataset/Healthy/Healthy609.jpg,Healthy,4
Eye Disease Image Dataset/Original Dataset/Original Dataset/Healthy/Healthy714.jpg,Healthy,4
Eye Disease Image Dataset/Original Dataset/Original Dataset/Diabetic Retinopathy/DR584.jpg,Diabetic Retinopathy,1
Eye Disease Image Dataset/Original Dataset/Original Dataset/Healthy/Healthy206.jpg,Healthy,4
Eye Disease Image Dataset/Original Dataset/Original Dataset/Diabetic Retinopathy/DR488.jpg,Diabetic Retinopathy,1
Eye Disease Image Dataset/Original Dataset/Original Dataset/Diabetic Retinopathy/DR967.jpg,Diabetic Retinopathy,1
Eye Disease Image Dataset/Original Dataset/Original Dataset/Diabetic Retinopathy/DR400.jpg,Diabetic Retinopathy,1
Eye Disease Image Dataset/Original Dataset/Original Dataset/Glaucoma/Glaucoma242.jpg,Glaucoma,3
Eye Disease Image Dataset/Original Dataset/Original Dataset/Diabetic Retinopathy/DR710.jpg,Diabetic Retinopathy,1
Eye Disease Image Dataset/Original Dataset/Original Dataset/Macular Scar/Macular Scar341.jpg,Macular Scar,5
Eye Disease Image Dataset/Original Dataset/Original Dataset/Glaucoma/Glaucoma1083.jpg,Glaucoma,3
Eye Disease Image Dataset/Original Dataset/Original Dataset/Glaucoma/Glaucoma668.jpg,Glaucoma,3
Eye Disease Image Dataset/Original Dataset/Original Dataset/Glaucoma/Glaucoma374.jpg,Glaucoma,3
Eye Disease Image Dataset/Original Dataset/Original Dataset/Diabetic Retinopathy/DR791.jpg,Diabetic Retinopathy,1
Eye Disease Image Dataset/Original Dataset/Original Dataset/Macular Scar/Macular Scar221.jpg,Macular Scar,5
Eye Disease Image Dataset/Original Dataset/Original Dataset/Diabetic Retinopathy/DR1183.jpg,Diabetic Retinopathy,1
Eye Disease Image Dataset/Original Dataset/Original Dataset/Glaucoma/Glaucoma667.jpg,Glaucoma,3
Eye Disease Image Dataset/Original Dataset/Original Dataset/Macular Scar/Macular Scar412.jpg,Macular Scar,5
Eye Disease Image Dataset/Original Dataset/Original Dataset/Glaucoma/Glaucoma785.jpg,Glaucoma,3
Eye Disease Image Dataset/Original Dataset/Original Dataset/Glaucoma/Glaucoma349.jpg,Glaucoma,3
Eye Disease Image Dataset/Original Dataset/Original Dataset/Retinitis Pigmentosa/Retinitis Pigmentosa6.jpg,Retinitis Pigmentosa,9
Eye Disease Image Dataset/Original Dataset/Original Dataset/Healthy/Healthy685.jpg,Healthy,4
Eye Disease Image Dataset/Original Dataset/Original Dataset/Diabetic Retinopathy/DR903.jpg,Diabetic Retinopathy,1
Eye Disease Image Dataset/Original Dataset/Original Dataset/Diabetic Retinopathy/DR1207.jpg,Diabetic Retinopathy,1
Eye Disease Image Dataset/Original Dataset/Original Dataset/Healthy/Healthy363.jpg,Healthy,4
Eye Disease Image Dataset/Original Dataset/Original Dataset/Glaucoma/Glaucoma287.jpg,Glaucoma,3
Eye Disease Image Dataset/Original Dataset/Original Dataset/Glaucoma/Glaucoma1232.jpg,Glaucoma,3
Eye Disease Image Dataset/Original Dataset/Original Dataset/Diabetic Retinopathy/DR267.jpg,Diabetic Retinopathy,1
Eye Disease Image Dataset/Original Dataset/Original Dataset/Macular Scar/Macular Scar426.jpg,Macular Scar,5
Eye Disease Image Dataset/Original Dataset/Original Dataset/Macular Scar/Macular Scar200.jpg,Macular Scar,5
Eye Disease Image Dataset/Original Dataset/Original Dataset/Healthy/Healthy661.jpg,Healthy,4
Eye Disease Image Dataset/Original Dataset/Original Dataset/Myopia/Myopia199.jpg,Myopia,6
Eye Disease Image Dataset/Original Dataset/Original Dataset/Diabetic Retinopathy/DR187.jpg,Diabetic Retinopathy,1
Eye Disease Image Dataset/Original Dataset/Original Dataset/Retinal Detachment/Retinal Detachment11.jpg,Retinal Detachment,8
Eye Disease Image Dataset/Original Dataset/Original Dataset/Diabetic Retinopathy/DR603.jpg,Diabetic Retinopathy,1
Eye Disease Image Dataset/Original Dataset/Original Dataset/Diabetic Retinopathy/DR799.jpg,Diabetic Retinopathy,1
Eye Disease Image Dataset/Original Dataset/Original Dataset/Retinitis Pigmentosa/Retinitis Pigmentosa44.jpg,Retinitis Pigmentosa,9
Eye Disease Image Dataset/Original Dataset/Original Dataset/Glaucoma/Glaucoma1127.jpg,Glaucoma,3
Eye Disease Image Dataset/Original Dataset/Original Dataset/Diabetic Retinopathy/DR167.jpg,Diabetic Retinopathy,1
Eye Disease Image Dataset/Original Dataset/Original Dataset/Myopia/Myopia83.jpg,Myopia,6
Eye Disease Image Dataset/Original Dataset/Original Dataset/Healthy/Healthy774.jpg,Healthy,4
Eye Disease Image Dataset/Original Dataset/Original Dataset/Glaucoma/Glaucoma808.jpg,Glaucoma,3
Eye Disease Image Dataset/Original Dataset/Original Dataset/Diabetic Retinopathy/DR1111.jpg,Diabetic Retinopathy,1
Eye Disease Image Dataset/Original Dataset/Original Dataset/Healthy/Healthy588.jpg,Healthy,4
Eye Disease Image Dataset/Original Dataset/Original Dataset/Diabetic Retinopathy/DR648.jpg,Diabetic Retinopathy,1
Eye Disease Image Dataset/Original Dataset/Original Dataset/Retinitis Pigmentosa/Retinitis Pigmentosa76.jpg,Retinitis Pigmentosa,9
Eye Disease Image Dataset/Original Dataset/Original Dataset/Glaucoma/Glaucoma734.jpg,Glaucoma,3
Eye Disease Image Dataset/Original Dataset/Original Dataset/Healthy/Healthy889.jpg,Healthy,4
Eye Disease Image Dataset/Original Dataset/Original Dataset/Myopia/Myopia486.jpg,Myopia,6
Eye Disease Image Dataset/Original Dataset/Original Dataset/Diabetic Retinopathy/DR138.jpg,Diabetic Retinopathy,1
Eye Disease Image Dataset/Original Dataset/Original Dataset/Diabetic Retinopathy/DR659.jpg,Diabetic Retinopathy,1
Eye Disease Image Dataset/Original Dataset/Original Dataset/Glaucoma/Glaucoma673.jpg,Glaucoma,3
Eye Disease Image Dataset/Original Dataset/Original Dataset/Diabetic Retinopathy/DR1387.jpg,Diabetic Retinopathy,1
Eye Disease Image Dataset/Original Dataset/Original Dataset/Diabetic Retinopathy/DR202.jpg,Diabetic Retinopathy,1
Eye Disease Image Dataset/Original Dataset/Original Dataset/Myopia/Myopia26.jpg,Myopia,6
Eye Disease Image Dataset/Original Dataset/Original Dataset/Retinitis Pigmentosa/Retinitis Pigmentosa40.jpg,Retinitis Pigmentosa,9
Eye Disease Image Dataset/Original Dataset/Original Dataset/Healthy/Healthy533.jpg,Healthy,4
Eye Disease Image Dataset/Original Dataset/Original Dataset/Glaucoma/Glaucoma1096.jpg,Glaucoma,3
Eye Disease Image Dataset/Original Dataset/Original Dataset/Diabetic Retinopathy/DR946.jpg,Diabetic Retinopathy,1
Eye Disease Image Dataset/Original Dataset/Original Dataset/Retinitis Pigmentosa/Retinitis Pigmentosa113.jpg,Retinitis Pigmentosa,9
Eye Disease Image Dataset/Original Dataset/Original Dataset/Healthy/Healthy295.jpg,Healthy,4
Eye Disease Image Dataset/Original Dataset/Original Dataset/Healthy/Healthy924.jpg,Healthy,4
Eye Disease Image Dataset/Original Dataset/Original Dataset/Healthy/Healthy550.jpg,Healthy,4
Eye Disease Image Dataset/Original Dataset/Original Dataset/Healthy/Healthy51.jpg,Healthy,4
Eye Disease Image Dataset/Original Dataset/Original Dataset/Healthy/Healthy364.jpg,Healthy,4
Eye Disease Image Dataset/Original Dataset/Original Dataset/Glaucoma/Glaucoma826.jpg,Glaucoma,3
Eye Disease Image Dataset/Original Dataset/Original Dataset/Glaucoma/Glaucoma518.jpg,Glaucoma,3
Eye Disease Image Dataset/Original Dataset/Original Dataset/Glaucoma/Glaucoma489.jpg,Glaucoma,3
Eye Disease Image Dataset/Original Dataset/Original Dataset/Diabetic Retinopathy/DR1405.jpg,Diabetic Retinopathy,1
Eye Disease Image Dataset/Original Dataset/Original Dataset/Healthy/Healthy1013.jpg,Healthy,4
Eye Disease Image Dataset/Original Dataset/Original Dataset/Glaucoma/Glaucoma1317.jpg,Glaucoma,3
Eye Disease Image Dataset/Original Dataset/Original Dataset/Macular Scar/Macular Scar166.jpg,Macular Scar,5
Eye Disease Image Dataset/Original Dataset/Original Dataset/Myopia/Myopia475.jpg,Myopia,6
Eye Disease Image Dataset/Original Dataset/Original Dataset/Healthy/Healthy828.jpg,Healthy,4
Eye Disease Image Dataset/Original Dataset/Original Dataset/Diabetic Retinopathy/DR1377.jpg,Diabetic Retinopathy,1
Eye Disease Image Dataset/Original Dataset/Original Dataset/Healthy/Healthy309.jpg,Healthy,4
Eye Disease Image Dataset/Original Dataset/Original Dataset/Diabetic Retinopathy/DR806.jpg,Diabetic Retinopathy,1
Eye Disease Image Dataset/Original Dataset/Original Dataset/Healthy/Healthy809.jpg,Healthy,4
Eye Disease Image Dataset/Original Dataset/Original Dataset/Diabetic Retinopathy/DR130.jpg,Diabetic Retinopathy,1
Eye Disease Image Dataset/Original Dataset/Original Dataset/Macular Scar/Macular Scar65.jpg,Macular Scar,5
Eye Disease Image Dataset/Original Dataset/Original Dataset/Glaucoma/Glaucoma347.jpg,Glaucoma,3
Eye Disease Image Dataset/Original Dataset/Original Dataset/Healthy/Healthy46.jpg,Healthy,4
Eye Disease Image Dataset/Original Dataset/Original Dataset/Healthy/Healthy560.jpg,Healthy,4
Eye Disease Image Dataset/Original Dataset/Original Dataset/Macular Scar/Macular Scar167.jpg,Macular Scar,5
Eye Disease Image Dataset/Original Dataset/Original Dataset/Diabetic Retinopathy/DR552.jpg,Diabetic Retinopathy,1
Eye Disease Image Dataset/Original Dataset/Original Dataset/Diabetic Retinopathy/DR686.jpg,Diabetic Retinopathy,1
Eye Disease Image Dataset/Original Dataset/Original Dataset/Diabetic Retinopathy/DR711.jpg,Diabetic Retinopathy,1
Eye Disease Image Dataset/Original Dataset/Original Dataset/Glaucoma/Glaucoma121.jpg,Glaucoma,3
Eye Disease Image Dataset/Original Dataset/Original Dataset/Diabetic Retinopathy/DR56.jpg,Diabetic Retinopathy,1
Eye Disease Image Dataset/Original Dataset/Original Dataset/Macular Scar/Macular Scar374.jpg,Macular Scar,5
Eye Disease Image Dataset/Original Dataset/Original Dataset/Healthy/Healthy806.jpg,Healthy,4
Eye Disease Image Dataset/Original Dataset/Original Dataset/Diabetic Retinopathy/DR1069.jpg,Diabetic Retinopathy,1
Eye Disease Image Dataset/Original Dataset/Original Dataset/Glaucoma/Glaucoma807.jpg,Glaucoma,3
Eye Disease Image Dataset/Original Dataset/Original Dataset/Retinal Detachment/Retinal Detachment9.jpg,Retinal Detachment,8
Eye Disease Image Dataset/Original Dataset/Original Dataset/Glaucoma/Glaucoma817.jpg,Glaucoma,3
Eye Disease Image Dataset/Original Dataset/Original Dataset/Glaucoma/Glaucoma293.jpg,Glaucoma,3
Eye Disease Image Dataset/Original Dataset/Original Dataset/Diabetic Retinopathy/DR1442.jpg,Diabetic Retinopathy,1
Eye Disease Image Dataset/Original Dataset/Original Dataset/Diabetic Retinopathy/DR796.jpg,Diabetic Retinopathy,1
Eye Disease Image Dataset/Original Dataset/Original Dataset/Diabetic Retinopathy/DR1088.jpg,Diabetic Retinopathy,1
Eye Disease Image Dataset/Original Dataset/Original Dataset/Diabetic Retinopathy/DR502.jpg,Diabetic Retinopathy,1
Eye Disease Image Dataset/Original Dataset/Original Dataset/Diabetic Retinopathy/DR1366.jpg,Diabetic Retinopathy,1
Eye Disease Image Dataset/Original Dataset/Original Dataset/Disc Edema/Disc Edema48.jpg,Disc Edema,2
Eye Disease Image Dataset/Original Dataset/Original Dataset/Diabetic Retinopathy/DR312.jpg,Diabetic Retinopathy,1
Eye Disease Image Dataset/Original Dataset/Original Dataset/Glaucoma/Glaucoma1162.jpg,Glaucoma,3
Eye Disease Image Dataset/Original Dataset/Original Dataset/Disc Edema/Disc Edema115.jpg,Disc Edema,2
Eye Disease Image Dataset/Original Dataset/Original Dataset/Healthy/Healthy310.jpg,Healthy,4
Eye Disease Image Dataset/Original Dataset/Original Dataset/Myopia/Myopia263.jpg,Myopia,6
Eye Disease Image Dataset/Original Dataset/Original Dataset/Myopia/Myopia50.jpg,Myopia,6
Eye Disease Image Dataset/Original Dataset/Original Dataset/Diabetic Retinopathy/DR110.jpg,Diabetic Retinopathy,1
Eye Disease Image Dataset/Original Dataset/Original Dataset/Glaucoma/Glaucoma695.jpg,Glaucoma,3
Eye Disease Image Dataset/Original Dataset/Original Dataset/Myopia/Myopia152.jpg,Myopia,6
Eye Disease Image Dataset/Original Dataset/Original Dataset/Glaucoma/Glaucoma1032.jpg,Glaucoma,3
Eye Disease Image Dataset/Original Dataset/Original Dataset/Retinitis Pigmentosa/Retinitis Pigmentosa13.jpg,Retinitis Pigmentosa,9
Eye Disease Image Dataset/Original Dataset/Original Dataset/Diabetic Retinopathy/DR101.jpg,Diabetic Retinopathy,1
Eye Disease Image Dataset/Original Dataset/Original Dataset/Glaucoma/Glaucoma1292.jpg,Glaucoma,3
Eye Disease Image Dataset/Original Dataset/Original Dataset/Glaucoma/Glaucoma9.jpg,Glaucoma,3
Eye Disease Image Dataset/Original Dataset/Original Dataset/Diabetic Retinopathy/DR984.jpg,Diabetic Retinopathy,1
Eye Disease Image Dataset/Original Dataset/Original Dataset/Healthy/Healthy15.jpg,Healthy,4
Eye Disease Image Dataset/Original Dataset/Original Dataset/Glaucoma/Glaucoma251.jpg,Glaucoma,3
Eye Disease Image Dataset/Original Dataset/Original Dataset/Glaucoma/Glaucoma282.jpg,Glaucoma,3
Eye Disease Image Dataset/Original Dataset/Original Dataset/Diabetic Retinopathy/DR911.jpg,Diabetic Retinopathy,1
Eye Disease Image Dataset/Original Dataset/Original Dataset/Healthy/Healthy741.jpg,Healthy,4
Eye Disease Image Dataset/Original Dataset/Original Dataset/Healthy/Healthy543.jpg,Healthy,4
Eye Disease Image Dataset/Original Dataset/Original Dataset/Healthy/Healthy184.jpg,Healthy,4
Eye Disease Image Dataset/Original Dataset/Original Dataset/Diabetic Retinopathy/DR469.jpg,Diabetic Retinopathy,1
Eye Disease Image Dataset/Original Dataset/Original Dataset/Glaucoma/Glaucoma96.jpg,Glaucoma,3
Eye Disease Image Dataset/Original Dataset/Original Dataset/Diabetic Retinopathy/DR453.jpg,Diabetic Retinopathy,1
Eye Disease Image Dataset/Original Dataset/Original Dataset/Diabetic Retinopathy/DR500.jpg,Diabetic Retinopathy,1
Eye Disease Image Dataset/Original Dataset/Original Dataset/Glaucoma/Glaucoma1024.jpg,Glaucoma,3
Eye Disease Image Dataset/Original Dataset/Original Dataset/Macular Scar/Macular Scar263.jpg,Macular Scar,5
Eye Disease Image Dataset/Original Dataset/Original Dataset/Diabetic Retinopathy/DR1443.jpg,Diabetic Retinopathy,1
Eye Disease Image Dataset/Original Dataset/Original Dataset/Glaucoma/Glaucoma619.jpg,Glaucoma,3
Eye Disease Image Dataset/Original Dataset/Original Dataset/Disc Edema/Disc Edema6.jpg,Disc Edema,2
Eye Disease Image Dataset/Original Dataset/Original Dataset/Retinitis Pigmentosa/Retinitis Pigmentosa26.jpg,Retinitis Pigmentosa,9
Eye Disease Image Dataset/Original Dataset/Original Dataset/Glaucoma/Glaucoma341.jpg,Glaucoma,3
Eye Disease Image Dataset/Original Dataset/Original Dataset/Glaucoma/Glaucoma314.jpg,Glaucoma,3
Eye Disease Image Dataset/Original Dataset/Original Dataset/Diabetic Retinopathy/DR2.jpg,Diabetic Retinopathy,1
Eye Disease Image Dataset/Original Dataset/Original Dataset/Glaucoma/Glaucoma527.jpg,Glaucoma,3
Eye Disease Image Dataset/Original Dataset/Original Dataset/Glaucoma/Glaucoma646.jpg,Glaucoma,3
Eye Disease Image Dataset/Original Dataset/Original Dataset/Glaucoma/Glaucoma1310.jpg,Glaucoma,3
Eye Disease Image Dataset/Original Dataset/Original Dataset/Glaucoma/Glaucoma715.jpg,Glaucoma,3
Eye Disease Image Dataset/Original Dataset/Original Dataset/Glaucoma/Glaucoma111.jpg,Glaucoma,3
Eye Disease Image Dataset/Original Dataset/Original Dataset/Myopia/Myopia227.jpg,Myopia,6
Eye Disease Image Dataset/Original Dataset/Original Dataset/Macular Scar/Macular Scar251.jpg,Macular Scar,5
Eye Disease Image Dataset/Original Dataset/Original Dataset/Glaucoma/Glaucoma1214.jpg,Glaucoma,3
Eye Disease Image Dataset/Original Dataset/Original Dataset/Diabetic Retinopathy/DR1138.jpg,Diabetic Retinopathy,1
Eye Disease Image Dataset/Original Dataset/Original Dataset/Healthy/Healthy899.jpg,Healthy,4
Eye Disease Image Dataset/Original Dataset/Original Dataset/Macular Scar/Macular Scar233.jpg,Macular Scar,5
Eye Disease Image Dataset/Original Dataset/Original Dataset/Diabetic Retinopathy/DR331.jpg,Diabetic Retinopathy,1
Eye Disease Image Dataset/Original Dataset/Original Dataset/Central Serous Chorioretinopathy [Color Fundus]/CSCR65.jpg,Central Serous Chorioretinopathy [Color Fundus],0
Eye Disease Image Dataset/Original Dataset/Original Dataset/Macular Scar/Macular Scar428.jpg,Macular Scar,5
Eye Disease Image Dataset/Original Dataset/Original Dataset/Healthy/Healthy595.jpg,Healthy,4
Eye Disease Image Dataset/Original Dataset/Original Dataset/Diabetic Retinopathy/DR1059.jpg,Diabetic Retinopathy,1
Eye Disease Image Dataset/Original Dataset/Original Dataset/Retinal Detachment/Retinal Detachment29.jpg,Retinal Detachment,8
Eye Disease Image Dataset/Original Dataset/Original Dataset/Healthy/Healthy605.jpg,Healthy,4
Eye Disease Image Dataset/Original Dataset/Original Dataset/Glaucoma/Glaucoma17.jpg,Glaucoma,3
Eye Disease Image Dataset/Original Dataset/Original Dataset/Glaucoma/Glaucoma1189.jpg,Glaucoma,3
Eye Disease Image Dataset/Original Dataset/Original Dataset/Diabetic Retinopathy/DR1422.jpg,Diabetic Retinopathy,1
Eye Disease Image Dataset/Original Dataset/Original Dataset/Diabetic Retinopathy/DR955.jpg,Diabetic Retinopathy,1
Eye Disease Image Dataset/Original Dataset/Original Dataset/Healthy/Healthy906.jpg,Healthy,4
Eye Disease Image Dataset/Original Dataset/Original Dataset/Glaucoma/Glaucoma273.jpg,Glaucoma,3
Eye Disease Image Dataset/Original Dataset/Original Dataset/Glaucoma/Glaucoma844.jpg,Glaucoma,3
Eye Disease Image Dataset/Original Dataset/Original Dataset/Diabetic Retinopathy/DR51.jpg,Diabetic Retinopathy,1
Eye Disease Image Dataset/Original Dataset/Original Dataset/Glaucoma/Glaucoma494.jpg,Glaucoma,3
Eye Disease Image Dataset/Original Dataset/Original Dataset/Healthy/Healthy189.jpg,Healthy,4
Eye Disease Image Dataset/Original Dataset/Original Dataset/Diabetic Retinopathy/DR1484.jpg,Diabetic Retinopathy,1
Eye Disease Image Dataset/Original Dataset/Original Dataset/Retinal Detachment/Retinal Detachment49.jpg,Retinal Detachment,8
Eye Disease Image Dataset/Original Dataset/Original Dataset/Macular Scar/Macular Scar283.jpg,Macular Scar,5
Eye Disease Image Dataset/Original Dataset/Original Dataset/Diabetic Retinopathy/DR496.jpg,Diabetic Retinopathy,1
Eye Disease Image Dataset/Original Dataset/Original Dataset/Healthy/Healthy145.jpg,Healthy,4
Eye Disease Image Dataset/Original Dataset/Original Dataset/Glaucoma/Glaucoma1254.jpg,Glaucoma,3
Eye Disease Image Dataset/Original Dataset/Original Dataset/Glaucoma/Glaucoma616.jpg,Glaucoma,3
Eye Disease Image Dataset/Original Dataset/Original Dataset/Macular Scar/Macular Scar37.jpg,Macular Scar,5
Eye Disease Image Dataset/Original Dataset/Original Dataset/Diabetic Retinopathy/DR1125.jpg,Diabetic Retinopathy,1
Eye Disease Image Dataset/Original Dataset/Original Dataset/Retinitis Pigmentosa/Retinitis Pigmentosa71.jpg,Retinitis Pigmentosa,9
Eye Disease Image Dataset/Original Dataset/Original Dataset/Diabetic Retinopathy/DR4.jpg,Diabetic Retinopathy,1
Eye Disease Image Dataset/Original Dataset/Original Dataset/Central Serous Chorioretinopathy [Color Fundus]/CSCR14.jpg,Central Serous Chorioretinopathy [Color Fundus],0
Eye Disease Image Dataset/Original Dataset/Original Dataset/Retinitis Pigmentosa/Retinitis Pigmentosa137.jpg,Retinitis Pigmentosa,9
Eye Disease Image Dataset/Original Dataset/Original Dataset/Healthy/Healthy905.jpg,Healthy,4
Eye Disease Image Dataset/Original Dataset/Original Dataset/Diabetic Retinopathy/DR919.jpg,Diabetic Retinopathy,1
Eye Disease Image Dataset/Original Dataset/Original Dataset/Diabetic Retinopathy/DR47.jpg,Diabetic Retinopathy,1
Eye Disease Image Dataset/Original Dataset/Original Dataset/Glaucoma/Glaucoma371.jpg,Glaucoma,3
Eye Disease Image Dataset/Original Dataset/Original Dataset/Glaucoma/Glaucoma472.jpg,Glaucoma,3
Eye Disease Image Dataset/Original Dataset/Original Dataset/Diabetic Retinopathy/DR1324.jpg,Diabetic Retinopathy,1
Eye Disease Image Dataset/Original Dataset/Original Dataset/Macular Scar/Macular Scar367.jpg,Macular Scar,5
Eye Disease Image Dataset/Original Dataset/Original Dataset/Diabetic Retinopathy/DR257.jpg,Diabetic Retinopathy,1
Eye Disease Image Dataset/Original Dataset/Original Dataset/Macular Scar/Macular Scar100.jpg,Macular Scar,5
Eye Disease Image Dataset/Original Dataset/Original Dataset/Retinal Detachment/Retinal Detachment55.jpg,Retinal Detachment,8
Eye Disease Image Dataset/Original Dataset/Original Dataset/Diabetic Retinopathy/DR1218.jpg,Diabetic Retinopathy,1
Eye Disease Image Dataset/Original Dataset/Original Dataset/Macular Scar/Macular Scar22.jpg,Macular Scar,5
Eye Disease Image Dataset/Original Dataset/Original Dataset/Glaucoma/Glaucoma342.jpg,Glaucoma,3
Eye Disease Image Dataset/Original Dataset/Original Dataset/Diabetic Retinopathy/DR132.jpg,Diabetic Retinopathy,1
Eye Disease Image Dataset/Original Dataset/Original Dataset/Healthy/Healthy972.jpg,Healthy,4
Eye Disease Image Dataset/Original Dataset/Original Dataset/Diabetic Retinopathy/DR261.jpg,Diabetic Retinopathy,1
Eye Disease Image Dataset/Original Dataset/Original Dataset/Diabetic Retinopathy/DR568.jpg,Diabetic Retinopathy,1
Eye Disease Image Dataset/Original Dataset/Original Dataset/Diabetic Retinopathy/DR851.jpg,Diabetic Retinopathy,1
Eye Disease Image Dataset/Original Dataset/Original Dataset/Retinitis Pigmentosa/Retinitis Pigmentosa93.jpg,Retinitis Pigmentosa,9
Eye Disease Image Dataset/Original Dataset/Original Dataset/Diabetic Retinopathy/DR1386.jpg,Diabetic Retinopathy,1
Eye Disease Image Dataset/Original Dataset/Original Dataset/Diabetic Retinopathy/DR1028.jpg,Diabetic Retinopathy,1
Eye Disease Image Dataset/Original Dataset/Original Dataset/Glaucoma/Glaucoma962.jpg,Glaucoma,3
Eye Disease Image Dataset/Original Dataset/Original Dataset/Healthy/Healthy628.jpg,Healthy,4
Eye Disease Image Dataset/Original Dataset/Original Dataset/Glaucoma/Glaucoma767.jpg,Glaucoma,3
Eye Disease Image Dataset/Original Dataset/Original Dataset/Diabetic Retinopathy/DR491.jpg,Diabetic Retinopathy,1
Eye Disease Image Dataset/Original Dataset/Original Dataset/Glaucoma/Glaucoma493.jpg,Glaucoma,3
Eye Disease Image Dataset/Original Dataset/Original Dataset/Myopia/Myopia490.jpg,Myopia,6
Eye Disease Image Dataset/Original Dataset/Original Dataset/Healthy/Healthy622.jpg,Healthy,4
Eye Disease Image Dataset/Original Dataset/Original Dataset/Glaucoma/Glaucoma69.jpg,Glaucoma,3
Eye Disease Image Dataset/Original Dataset/Original Dataset/Diabetic Retinopathy/DR30.jpg,Diabetic Retinopathy,1
Eye Disease Image Dataset/Original Dataset/Original Dataset/Glaucoma/Glaucoma174.jpg,Glaucoma,3
Eye Disease Image Dataset/Original Dataset/Original Dataset/Healthy/Healthy486.jpg,Healthy,4
Eye Disease Image Dataset/Original Dataset/Original Dataset/Diabetic Retinopathy/DR136.jpg,Diabetic Retinopathy,1
Eye Disease Image Dataset/Original Dataset/Original Dataset/Central Serous Chorioretinopathy [Color Fundus]/CSCR10.jpg,Central Serous Chorioretinopathy [Color Fundus],0
Eye Disease Image Dataset/Original Dataset/Original Dataset/Diabetic Retinopathy/DR1046.jpg,Diabetic Retinopathy,1
Eye Disease Image Dataset/Original Dataset/Original Dataset/Disc Edema/Disc Edema40.jpg,Disc Edema,2
Eye Disease Image Dataset/Original Dataset/Original Dataset/Diabetic Retinopathy/DR1066.jpg,Diabetic Retinopathy,1
Eye Disease Image Dataset/Original Dataset/Original Dataset/Glaucoma/Glaucoma661.jpg,Glaucoma,3
Eye Disease Image Dataset/Original Dataset/Original Dataset/Healthy/Healthy853.jpg,Healthy,4
Eye Disease Image Dataset/Original Dataset/Original Dataset/Macular Scar/Macular Scar379.jpg,Macular Scar,5
Eye Disease Image Dataset/Original Dataset/Original Dataset/Retinitis Pigmentosa/Retinitis Pigmentosa4.jpg,Retinitis Pigmentosa,9
Eye Disease Image Dataset/Original Dataset/Original Dataset/Diabetic Retinopathy/DR1331.jpg,Diabetic Retinopathy,1
Eye Disease Image Dataset/Original Dataset/Original Dataset/Glaucoma/Glaucoma778.jpg,Glaucoma,3
Eye Disease Image Dataset/Original Dataset/Original Dataset/Glaucoma/Glaucoma455.jpg,Glaucoma,3
Eye Disease Image Dataset/Original Dataset/Original Dataset/Glaucoma/Glaucoma863.jpg,Glaucoma,3
Eye Disease Image Dataset/Original Dataset/Original Dataset/Diabetic Retinopathy/DR214.jpg,Diabetic Retinopathy,1
Eye Disease Image Dataset/Original Dataset/Original Dataset/Diabetic Retinopathy/DR1074.jpg,Diabetic Retinopathy,1
Eye Disease Image Dataset/Original Dataset/Original Dataset/Glaucoma/Glaucoma1055.jpg,Glaucoma,3
Eye Disease Image Dataset/Original Dataset/Original Dataset/Myopia/Myopia453.jpg,Myopia,6
Eye Disease Image Dataset/Original Dataset/Original Dataset/Glaucoma/Glaucoma85.jpg,Glaucoma,3
Eye Disease Image Dataset/Original Dataset/Original Dataset/Healthy/Healthy137.jpg,Healthy,4
Eye Disease Image Dataset/Original Dataset/Original Dataset/Glaucoma/Glaucoma1282.jpg,Glaucoma,3
Eye Disease Image Dataset/Original Dataset/Original Dataset/Healthy/Healthy209.jpg,Healthy,4
Eye Disease Image Dataset/Original Dataset/Original Dataset/Myopia/Myopia156.jpg,Myopia,6
Eye Disease Image Dataset/Original Dataset/Original Dataset/Diabetic Retinopathy/DR837.jpg,Diabetic Retinopathy,1
Eye Disease Image Dataset/Original Dataset/Original Dataset/Macular Scar/Macular Scar274.jpg,Macular Scar,5
Eye Disease Image Dataset/Original Dataset/Original Dataset/Myopia/Myopia155.jpg,Myopia,6
Eye Disease Image Dataset/Original Dataset/Original Dataset/Glaucoma/Glaucoma576.jpg,Glaucoma,3
Eye Disease Image Dataset/Original Dataset/Original Dataset/Healthy/Healthy478.jpg,Healthy,4
Eye Disease Image Dataset/Original Dataset/Original Dataset/Myopia/Myopia231.jpg,Myopia,6
Eye Disease Image Dataset/Original Dataset/Original Dataset/Diabetic Retinopathy/DR17.jpg,Diabetic Retinopathy,1
Eye Disease Image Dataset/Original Dataset/Original Dataset/Healthy/Healthy298.jpg,Healthy,4
Eye Disease Image Dataset/Original Dataset/Original Dataset/Diabetic Retinopathy/DR1199.jpg,Diabetic Retinopathy,1
Eye Disease Image Dataset/Original Dataset/Original Dataset/Diabetic Retinopathy/DR1065.jpg,Diabetic Retinopathy,1
Eye Disease Image Dataset/Original Dataset/Original Dataset/Glaucoma/Glaucoma256.jpg,Glaucoma,3
Eye Disease Image Dataset/Original Dataset/Original Dataset/Healthy/Healthy980.jpg,Healthy,4
Eye Disease Image Dataset/Original Dataset/Original Dataset/Glaucoma/Glaucoma1040.jpg,Glaucoma,3
Eye Disease Image Dataset/Original Dataset/Original Dataset/Diabetic Retinopathy/DR601.jpg,Diabetic Retinopathy,1
Eye Disease Image Dataset/Original Dataset/Original Dataset/Glaucoma/Glaucoma112.jpg,Glaucoma,3
Eye Disease Image Dataset/Original Dataset/Original Dataset/Glaucoma/Glaucoma694.jpg,Glaucoma,3
Eye Disease Image Dataset/Original Dataset/Original Dataset/Diabetic Retinopathy/DR769.jpg,Diabetic Retinopathy,1
Eye Disease Image Dataset/Original Dataset/Original Dataset/Retinal Detachment/Retinal Detachment56.jpg,Retinal Detachment,8
Eye Disease Image Dataset/Original Dataset/Original Dataset/Glaucoma/Glaucoma165.jpg,Glaucoma,3
Eye Disease Image Dataset/Original Dataset/Original Dataset/Diabetic Retinopathy/DR1158.jpg,Diabetic Retinopathy,1
Eye Disease Image Dataset/Original Dataset/Original Dataset/Glaucoma/Glaucoma255.jpg,Glaucoma,3
Eye Disease Image Dataset/Original Dataset/Original Dataset/Retinitis Pigmentosa/Retinitis Pigmentosa31.jpg,Retinitis Pigmentosa,9
Eye Disease Image Dataset/Original Dataset/Original Dataset/Glaucoma/Glaucoma623.jpg,Glaucoma,3
Eye Disease Image Dataset/Original Dataset/Original Dataset/Glaucoma/Glaucoma1226.jpg,Glaucoma,3
Eye Disease Image Dataset/Original Dataset/Original Dataset/Healthy/Healthy671.jpg,Healthy,4
Eye Disease Image Dataset/Original Dataset/Original Dataset/Glaucoma/Glaucoma800.jpg,Glaucoma,3
Eye Disease Image Dataset/Original Dataset/Original Dataset/Diabetic Retinopathy/DR759.jpg,Diabetic Retinopathy,1
Eye Disease Image Dataset/Original Dataset/Original Dataset/Macular Scar/Macular Scar404.jpg,Macular Scar,5
Eye Disease Image Dataset/Original Dataset/Original Dataset/Glaucoma/Glaucoma979.jpg,Glaucoma,3
Eye Disease Image Dataset/Original Dataset/Original Dataset/Healthy/Healthy294.jpg,Healthy,4
Eye Disease Image Dataset/Original Dataset/Original Dataset/Glaucoma/Glaucoma1052.jpg,Glaucoma,3
Eye Disease Image Dataset/Original Dataset/Original Dataset/Diabetic Retinopathy/DR793.jpg,Diabetic Retinopathy,1
Eye Disease Image Dataset/Original Dataset/Original Dataset/Healthy/Healthy625.jpg,Healthy,4
Eye Disease Image Dataset/Original Dataset/Original Dataset/Diabetic Retinopathy/DR1311.jpg,Diabetic Retinopathy,1
Eye Disease Image Dataset/Original Dataset/Original Dataset/Diabetic Retinopathy/DR1277.jpg,Diabetic Retinopathy,1
Eye Disease Image Dataset/Original Dataset/Original Dataset/Diabetic Retinopathy/DR1401.jpg,Diabetic Retinopathy,1
Eye Disease Image Dataset/Original Dataset/Original Dataset/Retinitis Pigmentosa/Retinitis Pigmentosa8.jpg,Retinitis Pigmentosa,9
Eye Disease Image Dataset/Original Dataset/Original Dataset/Healthy/Healthy442.jpg,Healthy,4
Eye Disease Image Dataset/Original Dataset/Original Dataset/Diabetic Retinopathy/DR636.jpg,Diabetic Retinopathy,1
Eye Disease Image Dataset/Original Dataset/Original Dataset/Glaucoma/Glaucoma757.jpg,Glaucoma,3
Eye Disease Image Dataset/Original Dataset/Original Dataset/Retinal Detachment/Retinal Detachment7.jpg,Retinal Detachment,8
Eye Disease Image Dataset/Original Dataset/Original Dataset/Glaucoma/Glaucoma1066.jpg,Glaucoma,3
Eye Disease Image Dataset/Original Dataset/Original Dataset/Glaucoma/Glaucoma752.jpg,Glaucoma,3
Eye Disease Image Dataset/Original Dataset/Original Dataset/Myopia/Myopia82.jpg,Myopia,6
Eye Disease Image Dataset/Original Dataset/Original Dataset/Diabetic Retinopathy/DR511.jpg,Diabetic Retinopathy,1
Eye Disease Image Dataset/Original Dataset/Original Dataset/Diabetic Retinopathy/DR1048.jpg,Diabetic Retinopathy,1
Eye Disease Image Dataset/Original Dataset/Original Dataset/Healthy/Healthy691.jpg,Healthy,4
Eye Disease Image Dataset/Original Dataset/Original Dataset/Myopia/Myopia237.jpg,Myopia,6
Eye Disease Image Dataset/Original Dataset/Original Dataset/Diabetic Retinopathy/DR394.jpg,Diabetic Retinopathy,1
Eye Disease Image Dataset/Original Dataset/Original Dataset/Healthy/Healthy747.jpg,Healthy,4
Eye Disease Image Dataset/Original Dataset/Original Dataset/Diabetic Retinopathy/DR1123.jpg,Diabetic Retinopathy,1
Eye Disease Image Dataset/Original Dataset/Original Dataset/Glaucoma/Glaucoma449.jpg,Glaucoma,3
Eye Disease Image Dataset/Original Dataset/Original Dataset/Macular Scar/Macular Scar376.jpg,Macular Scar,5
Eye Disease Image Dataset/Original Dataset/Original Dataset/Macular Scar/Macular Scar301.jpg,Macular Scar,5
Eye Disease Image Dataset/Original Dataset/Original Dataset/Glaucoma/Glaucoma1264.jpg,Glaucoma,3
Eye Disease Image Dataset/Original Dataset/Original Dataset/Retinal Detachment/Retinal Detachment44.jpg,Retinal Detachment,8
Eye Disease Image Dataset/Original Dataset/Original Dataset/Glaucoma/Glaucoma214.jpg,Glaucoma,3
Eye Disease Image Dataset/Original Dataset/Original Dataset/Diabetic Retinopathy/DR962.jpg,Diabetic Retinopathy,1
Eye Disease Image Dataset/Original Dataset/Original Dataset/Healthy/Healthy725.jpg,Healthy,4
Eye Disease Image Dataset/Original Dataset/Original Dataset/Diabetic Retinopathy/DR635.jpg,Diabetic Retinopathy,1
Eye Disease Image Dataset/Original Dataset/Original Dataset/Diabetic Retinopathy/DR726.jpg,Diabetic Retinopathy,1
Eye Disease Image Dataset/Original Dataset/Original Dataset/Retinitis Pigmentosa/Retinitis Pigmentosa139.jpg,Retinitis Pigmentosa,9
Eye Disease Image Dataset/Original Dataset/Original Dataset/Diabetic Retinopathy/DR1186.jpg,Diabetic Retinopathy,1
Eye Disease Image Dataset/Original Dataset/Original Dataset/Glaucoma/Glaucoma996.jpg,Glaucoma,3
Eye Disease Image Dataset/Original Dataset/Original Dataset/Diabetic Retinopathy/DR5.jpg,Diabetic Retinopathy,1
Eye Disease Image Dataset/Original Dataset/Original Dataset/Disc Edema/Disc Edema38.jpg,Disc Edema,2
Eye Disease Image Dataset/Original Dataset/Original Dataset/Retinal Detachment/Retinal Detachment40.jpg,Retinal Detachment,8
Eye Disease Image Dataset/Original Dataset/Original Dataset/Retinitis Pigmentosa/Retinitis Pigmentosa69.jpg,Retinitis Pigmentosa,9
Eye Disease Image Dataset/Original Dataset/Original Dataset/Diabetic Retinopathy/DR1445.jpg,Diabetic Retinopathy,1
Eye Disease Image Dataset/Original Dataset/Original Dataset/Healthy/Healthy727.jpg,Healthy,4
Eye Disease Image Dataset/Original Dataset/Original Dataset/Glaucoma/Glaucoma1328.jpg,Glaucoma,3
Eye Disease Image Dataset/Original Dataset/Original Dataset/Healthy/Healthy204.jpg,Healthy,4
Eye Disease Image Dataset/Original Dataset/Original Dataset/Diabetic Retinopathy/DR1113.jpg,Diabetic Retinopathy,1
Eye Disease Image Dataset/Original Dataset/Original Dataset/Diabetic Retinopathy/DR853.jpg,Diabetic Retinopathy,1
Eye Disease Image Dataset/Original Dataset/Original Dataset/Healthy/Healthy322.jpg,Healthy,4
Eye Disease Image Dataset/Original Dataset/Original Dataset/Healthy/Healthy339.jpg,Healthy,4
Eye Disease Image Dataset/Original Dataset/Original Dataset/Disc Edema/Disc Edema59.jpg,Disc Edema,2
Eye Disease Image Dataset/Original Dataset/Original Dataset/Diabetic Retinopathy/DR61.jpg,Diabetic Retinopathy,1
Eye Disease Image Dataset/Original Dataset/Original Dataset/Diabetic Retinopathy/DR391.jpg,Diabetic Retinopathy,1
Eye Disease Image Dataset/Original Dataset/Original Dataset/Healthy/Healthy505.jpg,Healthy,4
Eye Disease Image Dataset/Original Dataset/Original Dataset/Diabetic Retinopathy/DR804.jpg,Diabetic Retinopathy,1
Eye Disease Image Dataset/Original Dataset/Original Dataset/Healthy/Healthy614.jpg,Healthy,4
Eye Disease Image Dataset/Original Dataset/Original Dataset/Glaucoma/Glaucoma51.jpg,Glaucoma,3
Eye Disease Image Dataset/Original Dataset/Original Dataset/Glaucoma/Glaucoma1288.jpg,Glaucoma,3
Eye Disease Image Dataset/Original Dataset/Original Dataset/Diabetic Retinopathy/DR622.jpg,Diabetic Retinopathy,1
Eye Disease Image Dataset/Original Dataset/Original Dataset/Macular Scar/Macular Scar184.jpg,Macular Scar,5
Eye Disease Image Dataset/Original Dataset/Original Dataset/Glaucoma/Glaucoma1144.jpg,Glaucoma,3
Eye Disease Image Dataset/Original Dataset/Original Dataset/Healthy/Healthy441.jpg,Healthy,4
Eye Disease Image Dataset/Original Dataset/Original Dataset/Glaucoma/Glaucoma651.jpg,Glaucoma,3
Eye Disease Image Dataset/Original Dataset/Original Dataset/Myopia/Myopia103.jpg,Myopia,6
Eye Disease Image Dataset/Original Dataset/Original Dataset/Diabetic Retinopathy/DR84.jpg,Diabetic Retinopathy,1
Eye Disease Image Dataset/Original Dataset/Original Dataset/Glaucoma/Glaucoma551.jpg,Glaucoma,3
Eye Disease Image Dataset/Original Dataset/Original Dataset/Diabetic Retinopathy/DR887.jpg,Diabetic Retinopathy,1
Eye Disease Image Dataset/Original Dataset/Original Dataset/Diabetic Retinopathy/DR1293.jpg,Diabetic Retinopathy,1
Eye Disease Image Dataset/Original Dataset/Original Dataset/Diabetic Retinopathy/DR683.jpg,Diabetic Retinopathy,1
Eye Disease Image Dataset/Original Dataset/Original Dataset/Macular Scar/Macular Scar16.jpg,Macular Scar,5
Eye Disease Image Dataset/Original Dataset/Original Dataset/Diabetic Retinopathy/DR404.jpg,Diabetic Retinopathy,1
Eye Disease Image Dataset/Original Dataset/Original Dataset/Glaucoma/Glaucoma110.jpg,Glaucoma,3
Eye Disease Image Dataset/Original Dataset/Original Dataset/Myopia/Myopia39.jpg,Myopia,6
Eye Disease Image Dataset/Original Dataset/Original Dataset/Diabetic Retinopathy/DR949.jpg,Diabetic Retinopathy,1
Eye Disease Image Dataset/Original Dataset/Original Dataset/Diabetic Retinopathy/DR247.jpg,Diabetic Retinopathy,1
Eye Disease Image Dataset/Original Dataset/Original Dataset/Glaucoma/Glaucoma16.jpg,Glaucoma,3
Eye Disease Image Dataset/Original Dataset/Original Dataset/Glaucoma/Glaucoma865.jpg,Glaucoma,3
Eye Disease Image Dataset/Original Dataset/Original Dataset/Glaucoma/Glaucoma571.jpg,Glaucoma,3
Eye Disease Image Dataset/Original Dataset/Original Dataset/Diabetic Retinopathy/DR149.jpg,Diabetic Retinopathy,1
Eye Disease Image Dataset/Original Dataset/Original Dataset/Retinitis Pigmentosa/Retinitis Pigmentosa78.jpg,Retinitis Pigmentosa,9
Eye Disease Image Dataset/Original Dataset/Original Dataset/Glaucoma/Glaucoma399.jpg,Glaucoma,3
Eye Disease Image Dataset/Original Dataset/Original Dataset/Diabetic Retinopathy/DR720.jpg,Diabetic Retinopathy,1
Eye Disease Image Dataset/Original Dataset/Original Dataset/Healthy/Healthy121.jpg,Healthy,4
Eye Disease Image Dataset/Original Dataset/Original Dataset/Diabetic Retinopathy/DR653.jpg,Diabetic Retinopathy,1
Eye Disease Image Dataset/Original Dataset/Original Dataset/Glaucoma/Glaucoma578.jpg,Glaucoma,3
Eye Disease Image Dataset/Original Dataset/Original Dataset/Glaucoma/Glaucoma897.jpg,Glaucoma,3
Eye Disease Image Dataset/Original Dataset/Original Dataset/Glaucoma/Glaucoma283.jpg,Glaucoma,3
Eye Disease Image Dataset/Original Dataset/Original Dataset/Macular Scar/Macular Scar78.jpg,Macular Scar,5
Eye Disease Image Dataset/Original Dataset/Original Dataset/Macular Scar/Macular Scar219.jpg,Macular Scar,5
Eye Disease Image Dataset/Original Dataset/Original Dataset/Myopia/Myopia254.jpg,Myopia,6
Eye Disease Image Dataset/Original Dataset/Original Dataset/Diabetic Retinopathy/DR96.jpg,Diabetic Retinopathy,1
Eye Disease Image Dataset/Original Dataset/Original Dataset/Diabetic Retinopathy/DR1116.jpg,Diabetic Retinopathy,1
Eye Disease Image Dataset/Original Dataset/Original Dataset/Diabetic Retinopathy/DR1416.jpg,Diabetic Retinopathy,1
Eye Disease Image Dataset/Original Dataset/Original Dataset/Diabetic Retinopathy/DR1117.jpg,Diabetic Retinopathy,1
Eye Disease Image Dataset/Original Dataset/Original Dataset/Healthy/Healthy568.jpg,Healthy,4
Eye Disease Image Dataset/Original Dataset/Original Dataset/Healthy/Healthy894.jpg,Healthy,4
Eye Disease Image Dataset/Original Dataset/Original Dataset/Macular Scar/Macular Scar243.jpg,Macular Scar,5
Eye Disease Image Dataset/Original Dataset/Original Dataset/Glaucoma/Glaucoma1179.jpg,Glaucoma,3
Eye Disease Image Dataset/Original Dataset/Original Dataset/Diabetic Retinopathy/DR150.jpg,Diabetic Retinopathy,1
Eye Disease Image Dataset/Original Dataset/Original Dataset/Diabetic Retinopathy/DR521.jpg,Diabetic Retinopathy,1
Eye Disease Image Dataset/Original Dataset/Original Dataset/Diabetic Retinopathy/DR897.jpg,Diabetic Retinopathy,1
Eye Disease Image Dataset/Original Dataset/Original Dataset/Myopia/Myopia11.jpg,Myopia,6
Eye Disease Image Dataset/Original Dataset/Original Dataset/Healthy/Healthy235.jpg,Healthy,4
Eye Disease Image Dataset/Original Dataset/Original Dataset/Healthy/Healthy947.jpg,Healthy,4
Eye Disease Image Dataset/Original Dataset/Original Dataset/Macular Scar/Macular Scar111.jpg,Macular Scar,5
Eye Disease Image Dataset/Original Dataset/Original Dataset/Diabetic Retinopathy/DR905.jpg,Diabetic Retinopathy,1
Eye Disease Image Dataset/Original Dataset/Original Dataset/Disc Edema/Disc Edema117.jpg,Disc Edema,2
Eye Disease Image Dataset/Original Dataset/Original Dataset/Diabetic Retinopathy/DR762.jpg,Diabetic Retinopathy,1
Eye Disease Image Dataset/Original Dataset/Original Dataset/Healthy/Healthy704.jpg,Healthy,4
Eye Disease Image Dataset/Original Dataset/Original Dataset/Healthy/Healthy281.jpg,Healthy,4
Eye Disease Image Dataset/Original Dataset/Original Dataset/Healthy/Healthy393.jpg,Healthy,4
Eye Disease Image Dataset/Original Dataset/Original Dataset/Healthy/Healthy726.jpg,Healthy,4
Eye Disease Image Dataset/Original Dataset/Original Dataset/Diabetic Retinopathy/DR794.jpg,Diabetic Retinopathy,1
Eye Disease Image Dataset/Original Dataset/Original Dataset/Glaucoma/Glaucoma292.jpg,Glaucoma,3
Eye Disease Image Dataset/Original Dataset/Original Dataset/Healthy/Healthy130.jpg,Healthy,4
Eye Disease Image Dataset/Original Dataset/Original Dataset/Macular Scar/Macular Scar1.jpg,Macular Scar,5
Eye Disease Image Dataset/Original Dataset/Original Dataset/Diabetic Retinopathy/DR482.jpg,Diabetic Retinopathy,1
Eye Disease Image Dataset/Original Dataset/Original Dataset/Healthy/Healthy72.jpg,Healthy,4
Eye Disease Image Dataset/Original Dataset/Original Dataset/Healthy/Healthy265.jpg,Healthy,4
Eye Disease Image Dataset/Original Dataset/Original Dataset/Glaucoma/Glaucoma973.jpg,Glaucoma,3
Eye Disease Image Dataset/Original Dataset/Original Dataset/Healthy/Healthy719.jpg,Healthy,4
Eye Disease Image Dataset/Original Dataset/Original Dataset/Macular Scar/Macular Scar360.jpg,Macular Scar,5
Eye Disease Image Dataset/Original Dataset/Original Dataset/Myopia/Myopia81.jpg,Myopia,6
Eye Disease Image Dataset/Original Dataset/Original Dataset/Diabetic Retinopathy/DR846.jpg,Diabetic Retinopathy,1
Eye Disease Image Dataset/Original Dataset/Original Dataset/Retinitis Pigmentosa/Retinitis Pigmentosa109.jpg,Retinitis Pigmentosa,9
Eye Disease Image Dataset/Original Dataset/Original Dataset/Diabetic Retinopathy/DR1420.jpg,Diabetic Retinopathy,1
Eye Disease Image Dataset/Original Dataset/Original Dataset/Diabetic Retinopathy/DR1191.jpg,Diabetic Retinopathy,1
Eye Disease Image Dataset/Original Dataset/Original Dataset/Diabetic Retinopathy/DR1432.jpg,Diabetic Retinopathy,1
Eye Disease Image Dataset/Original Dataset/Original Dataset/Macular Scar/Macular Scar409.jpg,Macular Scar,5
Eye Disease Image Dataset/Original Dataset/Original Dataset/Healthy/Healthy217.jpg,Healthy,4
Eye Disease Image Dataset/Original Dataset/Original Dataset/Glaucoma/Glaucoma334.jpg,Glaucoma,3
Eye Disease Image Dataset/Original Dataset/Original Dataset/Retinal Detachment/Retinal Detachment24.jpg,Retinal Detachment,8
Eye Disease Image Dataset/Original Dataset/Original Dataset/Diabetic Retinopathy/DR427.jpg,Diabetic Retinopathy,1
Eye Disease Image Dataset/Original Dataset/Original Dataset/Diabetic Retinopathy/DR707.jpg,Diabetic Retinopathy,1
Eye Disease Image Dataset/Original Dataset/Original Dataset/Healthy/Healthy23.jpg,Healthy,4
Eye Disease Image Dataset/Original Dataset/Original Dataset/Healthy/Healthy110.jpg,Healthy,4
Eye Disease Image Dataset/Original Dataset/Original Dataset/Healthy/Healthy978.jpg,Healthy,4
Eye Disease Image Dataset/Original Dataset/Original Dataset/Myopia/Myopia136.jpg,Myopia,6
Eye Disease Image Dataset/Original Dataset/Original Dataset/Healthy/Healthy1008.jpg,Healthy,4
Eye Disease Image Dataset/Original Dataset/Original Dataset/Diabetic Retinopathy/DR461.jpg,Diabetic Retinopathy,1
Eye Disease Image Dataset/Original Dataset/Original Dataset/Glaucoma/Glaucoma889.jpg,Glaucoma,3
Eye Disease Image Dataset/Original Dataset/Original Dataset/Diabetic Retinopathy/DR281.jpg,Diabetic Retinopathy,1
Eye Disease Image Dataset/Original Dataset/Original Dataset/Diabetic Retinopathy/DR90.jpg,Diabetic Retinopathy,1
Eye Disease Image Dataset/Original Dataset/Original Dataset/Myopia/Myopia106.jpg,Myopia,6
Eye Disease Image Dataset/Original Dataset/Original Dataset/Glaucoma/Glaucoma124.jpg,Glaucoma,3
Eye Disease Image Dataset/Original Dataset/Original Dataset/Myopia/Myopia92.jpg,Myopia,6
Eye Disease Image Dataset/Original Dataset/Original Dataset/Glaucoma/Glaucoma690.jpg,Glaucoma,3
Eye Disease Image Dataset/Original Dataset/Original Dataset/Disc Edema/Disc Edema23.jpg,Disc Edema,2
Eye Disease Image Dataset/Original Dataset/Original Dataset/Glaucoma/Glaucoma1208.jpg,Glaucoma,3
Eye Disease Image Dataset/Original Dataset/Original Dataset/Diabetic Retinopathy/DR1320.jpg,Diabetic Retinopathy,1
Eye Disease Image Dataset/Original Dataset/Original Dataset/Glaucoma/Glaucoma927.jpg,Glaucoma,3
Eye Disease Image Dataset/Original Dataset/Original Dataset/Glaucoma/Glaucoma89.jpg,Glaucoma,3
Eye Disease Image Dataset/Original Dataset/Original Dataset/Healthy/Healthy706.jpg,Healthy,4
Eye Disease Image Dataset/Original Dataset/Original Dataset/Diabetic Retinopathy/DR463.jpg,Diabetic Retinopathy,1
Eye Disease Image Dataset/Original Dataset/Original Dataset/Diabetic Retinopathy/DR323.jpg,Diabetic Retinopathy,1
Eye Disease Image Dataset/Original Dataset/Original Dataset/Healthy/Healthy780.jpg,Healthy,4
Eye Disease Image Dataset/Original Dataset/Original Dataset/Diabetic Retinopathy/DR98.jpg,Diabetic Retinopathy,1
Eye Disease Image Dataset/Original Dataset/Original Dataset/Macular Scar/Macular Scar13.jpg,Macular Scar,5
Eye Disease Image Dataset/Original Dataset/Original Dataset/Macular Scar/Macular Scar138.jpg,Macular Scar,5
Eye Disease Image Dataset/Original Dataset/Original Dataset/Retinal Detachment/Retinal Detachment46.jpg,Retinal Detachment,8
Eye Disease Image Dataset/Original Dataset/Original Dataset/Disc Edema/Disc Edema9.jpg,Disc Edema,2
Eye Disease Image Dataset/Original Dataset/Original Dataset/Glaucoma/Glaucoma939.jpg,Glaucoma,3
Eye Disease Image Dataset/Original Dataset/Original Dataset/Myopia/Myopia312.jpg,Myopia,6
Eye Disease Image Dataset/Original Dataset/Original Dataset/Macular Scar/Macular Scar310.jpg,Macular Scar,5
Eye Disease Image Dataset/Original Dataset/Original Dataset/Glaucoma/Glaucoma222.jpg,Glaucoma,3
Eye Disease Image Dataset/Original Dataset/Original Dataset/Macular Scar/Macular Scar420.jpg,Macular Scar,5
Eye Disease Image Dataset/Original Dataset/Original Dataset/Myopia/Myopia427.jpg,Myopia,6
Eye Disease Image Dataset/Original Dataset/Original Dataset/Myopia/Myopia365.jpg,Myopia,6
Eye Disease Image Dataset/Original Dataset/Original Dataset/Macular Scar/Macular Scar31.jpg,Macular Scar,5
Eye Disease Image Dataset/Original Dataset/Original Dataset/Retinitis Pigmentosa/Retinitis Pigmentosa38.jpg,Retinitis Pigmentosa,9
Eye Disease Image Dataset/Original Dataset/Original Dataset/Diabetic Retinopathy/DR375.jpg,Diabetic Retinopathy,1
Eye Disease Image Dataset/Original Dataset/Original Dataset/Healthy/Healthy133.jpg,Healthy,4
Eye Disease Image Dataset/Original Dataset/Original Dataset/Glaucoma/Glaucoma1087.jpg,Glaucoma,3
Eye Disease Image Dataset/Original Dataset/Original Dataset/Myopia/Myopia412.jpg,Myopia,6
Eye Disease Image Dataset/Original Dataset/Original Dataset/Diabetic Retinopathy/DR637.jpg,Diabetic Retinopathy,1
Eye Disease Image Dataset/Original Dataset/Original Dataset/Glaucoma/Glaucoma1193.jpg,Glaucoma,3
Eye Disease Image Dataset/Original Dataset/Original Dataset/Healthy/Healthy353.jpg,Healthy,4
Eye Disease Image Dataset/Original Dataset/Original Dataset/Diabetic Retinopathy/DR834.jpg,Diabetic Retinopathy,1
Eye Disease Image Dataset/Original Dataset/Original Dataset/Diabetic Retinopathy/DR499.jpg,Diabetic Retinopathy,1
Eye Disease Image Dataset/Original Dataset/Original Dataset/Glaucoma/Glaucoma630.jpg,Glaucoma,3
Eye Disease Image Dataset/Original Dataset/Original Dataset/Diabetic Retinopathy/DR619.jpg,Diabetic Retinopathy,1
Eye Disease Image Dataset/Original Dataset/Original Dataset/Retinal Detachment/Retinal Detachment106.jpg,Retinal Detachment,8
Eye Disease Image Dataset/Original Dataset/Original Dataset/Glaucoma/Glaucoma530.jpg,Glaucoma,3
Eye Disease Image Dataset/Original Dataset/Original Dataset/Diabetic Retinopathy/DR999.jpg,Diabetic Retinopathy,1
Eye Disease Image Dataset/Original Dataset/Original Dataset/Diabetic Retinopathy/DR1345.jpg,Diabetic Retinopathy,1
Eye Disease Image Dataset/Original Dataset/Original Dataset/Glaucoma/Glaucoma269.jpg,Glaucoma,3
Eye Disease Image Dataset/Original Dataset/Original Dataset/Healthy/Healthy73.jpg,Healthy,4
Eye Disease Image Dataset/Original Dataset/Original Dataset/Healthy/Healthy178.jpg,Healthy,4
Eye Disease Image Dataset/Original Dataset/Original Dataset/Diabetic Retinopathy/DR318.jpg,Diabetic Retinopathy,1
Eye Disease Image Dataset/Original Dataset/Original Dataset/Healthy/Healthy176.jpg,Healthy,4
Eye Disease Image Dataset/Original Dataset/Original Dataset/Glaucoma/Glaucoma108.jpg,Glaucoma,3
Eye Disease Image Dataset/Original Dataset/Original Dataset/Glaucoma/Glaucoma1143.jpg,Glaucoma,3
Eye Disease Image Dataset/Original Dataset/Original Dataset/Retinitis Pigmentosa/Retinitis Pigmentosa123.jpg,Retinitis Pigmentosa,9
Eye Disease Image Dataset/Original Dataset/Original Dataset/Glaucoma/Glaucoma205.jpg,Glaucoma,3
Eye Disease Image Dataset/Original Dataset/Original Dataset/Diabetic Retinopathy/DR1150.jpg,Diabetic Retinopathy,1
Eye Disease Image Dataset/Original Dataset/Original Dataset/Glaucoma/Glaucoma1271.jpg,Glaucoma,3
Eye Disease Image Dataset/Original Dataset/Original Dataset/Diabetic Retinopathy/DR898.jpg,Diabetic Retinopathy,1
Eye Disease Image Dataset/Original Dataset/Original Dataset/Diabetic Retinopathy/DR861.jpg,Diabetic Retinopathy,1
Eye Disease Image Dataset/Original Dataset/Original Dataset/Retinitis Pigmentosa/Retinitis Pigmentosa34.jpg,Retinitis Pigmentosa,9
Eye Disease Image Dataset/Original Dataset/Original Dataset/Diabetic Retinopathy/DR1304.jpg,Diabetic Retinopathy,1
Eye Disease Image Dataset/Original Dataset/Original Dataset/Myopia/Myopia135.jpg,Myopia,6
Eye Disease Image Dataset/Original Dataset/Original Dataset/Diabetic Retinopathy/DR1352.jpg,Diabetic Retinopathy,1
Eye Disease Image Dataset/Original Dataset/Original Dataset/Diabetic Retinopathy/DR1428.jpg,Diabetic Retinopathy,1
Eye Disease Image Dataset/Original Dataset/Original Dataset/Diabetic Retinopathy/DR19.jpg,Diabetic Retinopathy,1
Eye Disease Image Dataset/Original Dataset/Original Dataset/Diabetic Retinopathy/DR64.jpg,Diabetic Retinopathy,1
Eye Disease Image Dataset/Original Dataset/Original Dataset/Glaucoma/Glaucoma380.jpg,Glaucoma,3
Eye Disease Image Dataset/Original Dataset/Original Dataset/Macular Scar/Macular Scar76.jpg,Macular Scar,5
Eye Disease Image Dataset/Original Dataset/Original Dataset/Diabetic Retinopathy/DR1200.jpg,Diabetic Retinopathy,1
Eye Disease Image Dataset/Original Dataset/Original Dataset/Myopia/Myopia249.jpg,Myopia,6
Eye Disease Image Dataset/Original Dataset/Original Dataset/Glaucoma/Glaucoma843.jpg,Glaucoma,3
Eye Disease Image Dataset/Original Dataset/Original Dataset/Diabetic Retinopathy/DR1274.jpg,Diabetic Retinopathy,1
Eye Disease Image Dataset/Original Dataset/Original Dataset/Healthy/Healthy443.jpg,Healthy,4
Eye Disease Image Dataset/Original Dataset/Original Dataset/Glaucoma/Glaucoma891.jpg,Glaucoma,3
Eye Disease Image Dataset/Original Dataset/Original Dataset/Retinal Detachment/Retinal Detachment69.jpg,Retinal Detachment,8
Eye Disease Image Dataset/Original Dataset/Original Dataset/Glaucoma/Glaucoma887.jpg,Glaucoma,3
Eye Disease Image Dataset/Original Dataset/Original Dataset/Healthy/Healthy470.jpg,Healthy,4
Eye Disease Image Dataset/Original Dataset/Original Dataset/Myopia/Myopia428.jpg,Myopia,6
Eye Disease Image Dataset/Original Dataset/Original Dataset/Healthy/Healthy319.jpg,Healthy,4
Eye Disease Image Dataset/Original Dataset/Original Dataset/Diabetic Retinopathy/DR1267.jpg,Diabetic Retinopathy,1
Eye Disease Image Dataset/Original Dataset/Original Dataset/Diabetic Retinopathy/DR848.jpg,Diabetic Retinopathy,1
Eye Disease Image Dataset/Original Dataset/Original Dataset/Myopia/Myopia341.jpg,Myopia,6
Eye Disease Image Dataset/Original Dataset/Original Dataset/Healthy/Healthy474.jpg,Healthy,4
Eye Disease Image Dataset/Original Dataset/Original Dataset/Macular Scar/Macular Scar80.jpg,Macular Scar,5
Eye Disease Image Dataset/Original Dataset/Original Dataset/Glaucoma/Glaucoma869.jpg,Glaucoma,3
Eye Disease Image Dataset/Original Dataset/Original Dataset/Disc Edema/Disc Edema120.jpg,Disc Edema,2
Eye Disease Image Dataset/Original Dataset/Original Dataset/Disc Edema/Disc Edema93.jpg,Disc Edema,2
Eye Disease Image Dataset/Original Dataset/Original Dataset/Healthy/Healthy667.jpg,Healthy,4
Eye Disease Image Dataset/Original Dataset/Original Dataset/Glaucoma/Glaucoma201.jpg,Glaucoma,3
Eye Disease Image Dataset/Original Dataset/Original Dataset/Retinitis Pigmentosa/Retinitis Pigmentosa99.jpg,Retinitis Pigmentosa,9
Eye Disease Image Dataset/Original Dataset/Original Dataset/Healthy/Healthy342.jpg,Healthy,4
Eye Disease Image Dataset/Original Dataset/Original Dataset/Diabetic Retinopathy/DR682.jpg,Diabetic Retinopathy,1
Eye Disease Image Dataset/Original Dataset/Original Dataset/Diabetic Retinopathy/DR266.jpg,Diabetic Retinopathy,1
Eye Disease Image Dataset/Original Dataset/Original Dataset/Healthy/Healthy856.jpg,Healthy,4
Eye Disease Image Dataset/Original Dataset/Original Dataset/Macular Scar/Macular Scar334.jpg,Macular Scar,5
Eye Disease Image Dataset/Original Dataset/Original Dataset/Glaucoma/Glaucoma1084.jpg,Glaucoma,3
Eye Disease Image Dataset/Original Dataset/Original Dataset/Glaucoma/Glaucoma549.jpg,Glaucoma,3
Eye Disease Image Dataset/Original Dataset/Original Dataset/Myopia/Myopia193.jpg,Myopia,6
Eye Disease Image Dataset/Original Dataset/Original Dataset/Disc Edema/Disc Edema122.jpg,Disc Edema,2
Eye Disease Image Dataset/Original Dataset/Original Dataset/Myopia/Myopia220.jpg,Myopia,6
Eye Disease Image Dataset/Original Dataset/Original Dataset/Healthy/Healthy976.jpg,Healthy,4
Eye Disease Image Dataset/Original Dataset/Original Dataset/Diabetic Retinopathy/DR805.jpg,Diabetic Retinopathy,1
Eye Disease Image Dataset/Original Dataset/Original Dataset/Healthy/Healthy140.jpg,Healthy,4
Eye Disease Image Dataset/Original Dataset/Original Dataset/Glaucoma/Glaucoma880.jpg,Glaucoma,3
Eye Disease Image Dataset/Original Dataset/Original Dataset/Healthy/Healthy902.jpg,Healthy,4
Eye Disease Image Dataset/Original Dataset/Original Dataset/Glaucoma/Glaucoma76.jpg,Glaucoma,3
Eye Disease Image Dataset/Original Dataset/Original Dataset/Glaucoma/Glaucoma279.jpg,Glaucoma,3
Eye Disease Image Dataset/Original Dataset/Original Dataset/Macular Scar/Macular Scar165.jpg,Macular Scar,5
Eye Disease Image Dataset/Original Dataset/Original Dataset/Healthy/Healthy346.jpg,Healthy,4
Eye Disease Image Dataset/Original Dataset/Original Dataset/Diabetic Retinopathy/DR1075.jpg,Diabetic Retinopathy,1
Eye Disease Image Dataset/Original Dataset/Original Dataset/Healthy/Healthy1016.jpg,Healthy,4
Eye Disease Image Dataset/Original Dataset/Original Dataset/Glaucoma/Glaucoma267.jpg,Glaucoma,3
Eye Disease Image Dataset/Original Dataset/Original Dataset/Healthy/Healthy646.jpg,Healthy,4
Eye Disease Image Dataset/Original Dataset/Original Dataset/Macular Scar/Macular Scar105.jpg,Macular Scar,5
Eye Disease Image Dataset/Original Dataset/Original Dataset/Diabetic Retinopathy/DR1151.jpg,Diabetic Retinopathy,1
Eye Disease Image Dataset/Original Dataset/Original Dataset/Glaucoma/Glaucoma1135.jpg,Glaucoma,3
Eye Disease Image Dataset/Original Dataset/Original Dataset/Diabetic Retinopathy/DR668.jpg,Diabetic Retinopathy,1
Eye Disease Image Dataset/Original Dataset/Original Dataset/Retinal Detachment/Retinal Detachment105.jpg,Retinal Detachment,8
Eye Disease Image Dataset/Original Dataset/Original Dataset/Diabetic Retinopathy/DR614.jpg,Diabetic Retinopathy,1
Eye Disease Image Dataset/Original Dataset/Original Dataset/Macular Scar/Macular Scar331.jpg,Macular Scar,5
Eye Disease Image Dataset/Original Dataset/Original Dataset/Diabetic Retinopathy/DR1328.jpg,Diabetic Retinopathy,1
Eye Disease Image Dataset/Original Dataset/Original Dataset/Diabetic Retinopathy/DR1228.jpg,Diabetic Retinopathy,1
Eye Disease Image Dataset/Original Dataset/Original Dataset/Healthy/Healthy185.jpg,Healthy,4
Eye Disease Image Dataset/Original Dataset/Original Dataset/Healthy/Healthy237.jpg,Healthy,4
Eye Disease Image Dataset/Original Dataset/Original Dataset/Diabetic Retinopathy/DR709.jpg,Diabetic Retinopathy,1
Eye Disease Image Dataset/Original Dataset/Original Dataset/Macular Scar/Macular Scar390.jpg,Macular Scar,5
Eye Disease Image Dataset/Original Dataset/Original Dataset/Glaucoma/Glaucoma386.jpg,Glaucoma,3
Eye Disease Image Dataset/Original Dataset/Original Dataset/Diabetic Retinopathy/DR285.jpg,Diabetic Retinopathy,1
Eye Disease Image Dataset/Original Dataset/Original Dataset/Glaucoma/Glaucoma500.jpg,Glaucoma,3
Eye Disease Image Dataset/Original Dataset/Original Dataset/Healthy/Healthy662.jpg,Healthy,4
Eye Disease Image Dataset/Original Dataset/Original Dataset/Diabetic Retinopathy/DR118.jpg,Diabetic Retinopathy,1
Eye Disease Image Dataset/Original Dataset/Original Dataset/Macular Scar/Macular Scar328.jpg,Macular Scar,5
Eye Disease Image Dataset/Original Dataset/Original Dataset/Diabetic Retinopathy/DR627.jpg,Diabetic Retinopathy,1
Eye Disease Image Dataset/Original Dataset/Original Dataset/Glaucoma/Glaucoma1237.jpg,Glaucoma,3
Eye Disease Image Dataset/Original Dataset/Original Dataset/Diabetic Retinopathy/DR607.jpg,Diabetic Retinopathy,1
Eye Disease Image Dataset/Original Dataset/Original Dataset/Myopia/Myopia186.jpg,Myopia,6
Eye Disease Image Dataset/Original Dataset/Original Dataset/Healthy/Healthy279.jpg,Healthy,4
Eye Disease Image Dataset/Original Dataset/Original Dataset/Glaucoma/Glaucoma467.jpg,Glaucoma,3
Eye Disease Image Dataset/Original Dataset/Original Dataset/Diabetic Retinopathy/DR165.jpg,Diabetic Retinopathy,1
Eye Disease Image Dataset/Original Dataset/Original Dataset/Myopia/Myopia113.jpg,Myopia,6
Eye Disease Image Dataset/Original Dataset/Original Dataset/Healthy/Healthy53.jpg,Healthy,4
Eye Disease Image Dataset/Original Dataset/Original Dataset/Glaucoma/Glaucoma553.jpg,Glaucoma,3
Eye Disease Image Dataset/Original Dataset/Original Dataset/Diabetic Retinopathy/DR327.jpg,Diabetic Retinopathy,1
Eye Disease Image Dataset/Original Dataset/Original Dataset/Healthy/Healthy358.jpg,Healthy,4
Eye Disease Image Dataset/Original Dataset/Original Dataset/Healthy/Healthy874.jpg,Healthy,4
Eye Disease Image Dataset/Original Dataset/Original Dataset/Diabetic Retinopathy/DR324.jpg,Diabetic Retinopathy,1
Eye Disease Image Dataset/Original Dataset/Original Dataset/Healthy/Healthy369.jpg,Healthy,4
Eye Disease Image Dataset/Original Dataset/Original Dataset/Healthy/Healthy101.jpg,Healthy,4
Eye Disease Image Dataset/Original Dataset/Original Dataset/Macular Scar/Macular Scar303.jpg,Macular Scar,5
Eye Disease Image Dataset/Original Dataset/Original Dataset/Macular Scar/Macular Scar77.jpg,Macular Scar,5
Eye Disease Image Dataset/Original Dataset/Original Dataset/Healthy/Healthy29.jpg,Healthy,4
Eye Disease Image Dataset/Original Dataset/Original Dataset/Glaucoma/Glaucoma102.jpg,Glaucoma,3
Eye Disease Image Dataset/Original Dataset/Original Dataset/Macular Scar/Macular Scar231.jpg,Macular Scar,5
Eye Disease Image Dataset/Original Dataset/Original Dataset/Diabetic Retinopathy/DR669.jpg,Diabetic Retinopathy,1
Eye Disease Image Dataset/Original Dataset/Original Dataset/Myopia/Myopia230.jpg,Myopia,6
Eye Disease Image Dataset/Original Dataset/Original Dataset/Diabetic Retinopathy/DR346.jpg,Diabetic Retinopathy,1
Eye Disease Image Dataset/Original Dataset/Original Dataset/Diabetic Retinopathy/DR1163.jpg,Diabetic Retinopathy,1
Eye Disease Image Dataset/Original Dataset/Original Dataset/Diabetic Retinopathy/DR1055.jpg,Diabetic Retinopathy,1
Eye Disease Image Dataset/Original Dataset/Original Dataset/Healthy/Healthy631.jpg,Healthy,4
Eye Disease Image Dataset/Original Dataset/Original Dataset/Myopia/Myopia368.jpg,Myopia,6
Eye Disease Image Dataset/Original Dataset/Original Dataset/Glaucoma/Glaucoma340.jpg,Glaucoma,3
Eye Disease Image Dataset/Original Dataset/Original Dataset/Diabetic Retinopathy/DR901.jpg,Diabetic Retinopathy,1
Eye Disease Image Dataset/Original Dataset/Original Dataset/Glaucoma/Glaucoma614.jpg,Glaucoma,3
Eye Disease Image Dataset/Original Dataset/Original Dataset/Central Serous Chorioretinopathy [Color Fundus]/CSCR89.jpg,Central Serous Chorioretinopathy [Color Fundus],0
Eye Disease Image Dataset/Original Dataset/Original Dataset/Glaucoma/Glaucoma173.jpg,Glaucoma,3
Eye Disease Image Dataset/Original Dataset/Original Dataset/Diabetic Retinopathy/DR430.jpg,Diabetic Retinopathy,1
Eye Disease Image Dataset/Original Dataset/Original Dataset/Diabetic Retinopathy/DR309.jpg,Diabetic Retinopathy,1
Eye Disease Image Dataset/Original Dataset/Original Dataset/Healthy/Healthy128.jpg,Healthy,4
Eye Disease Image Dataset/Original Dataset/Original Dataset/Glaucoma/Glaucoma451.jpg,Glaucoma,3
Eye Disease Image Dataset/Original Dataset/Original Dataset/Glaucoma/Glaucoma780.jpg,Glaucoma,3
Eye Disease Image Dataset/Original Dataset/Original Dataset/Central Serous Chorioretinopathy [Color Fundus]/CSCR22.jpg,Central Serous Chorioretinopathy [Color Fundus],0
Eye Disease Image Dataset/Original Dataset/Original Dataset/Diabetic Retinopathy/DR605.jpg,Diabetic Retinopathy,1
Eye Disease Image Dataset/Original Dataset/Original Dataset/Glaucoma/Glaucoma1266.jpg,Glaucoma,3
Eye Disease Image Dataset/Original Dataset/Original Dataset/Healthy/Healthy494.jpg,Healthy,4
Eye Disease Image Dataset/Original Dataset/Original Dataset/Healthy/Healthy492.jpg,Healthy,4
Eye Disease Image Dataset/Original Dataset/Original Dataset/Glaucoma/Glaucoma414.jpg,Glaucoma,3
Eye Disease Image Dataset/Original Dataset/Original Dataset/Healthy/Healthy357.jpg,Healthy,4
Eye Disease Image Dataset/Original Dataset/Original Dataset/Glaucoma/Glaucoma849.jpg,Glaucoma,3
Eye Disease Image Dataset/Original Dataset/Original Dataset/Healthy/Healthy879.jpg,Healthy,4
Eye Disease Image Dataset/Original Dataset/Original Dataset/Glaucoma/Glaucoma1184.jpg,Glaucoma,3
Eye Disease Image Dataset/Original Dataset/Original Dataset/Diabetic Retinopathy/DR1446.jpg,Diabetic Retinopathy,1
Eye Disease Image Dataset/Original Dataset/Original Dataset/Glaucoma/Glaucoma1219.jpg,Glaucoma,3
Eye Disease Image Dataset/Original Dataset/Original Dataset/Diabetic Retinopathy/DR1106.jpg,Diabetic Retinopathy,1
Eye Disease Image Dataset/Original Dataset/Original Dataset/Glaucoma/Glaucoma97.jpg,Glaucoma,3
Eye Disease Image Dataset/Original Dataset/Original Dataset/Diabetic Retinopathy/DR211.jpg,Diabetic Retinopathy,1
Eye Disease Image Dataset/Original Dataset/Original Dataset/Healthy/Healthy892.jpg,Healthy,4
Eye Disease Image Dataset/Original Dataset/Original Dataset/Glaucoma/Glaucoma1334.jpg,Glaucoma,3
Eye Disease Image Dataset/Original Dataset/Original Dataset/Healthy/Healthy987.jpg,Healthy,4
Eye Disease Image Dataset/Original Dataset/Original Dataset/Healthy/Healthy498.jpg,Healthy,4
Eye Disease Image Dataset/Original Dataset/Original Dataset/Diabetic Retinopathy/DR1098.jpg,Diabetic Retinopathy,1
Eye Disease Image Dataset/Original Dataset/Original Dataset/Myopia/Myopia131.jpg,Myopia,6
Eye Disease Image Dataset/Original Dataset/Original Dataset/Glaucoma/Glaucoma872.jpg,Glaucoma,3
Eye Disease Image Dataset/Original Dataset/Original Dataset/Healthy/Healthy825.jpg,Healthy,4
Eye Disease Image Dataset/Original Dataset/Original Dataset/Retinal Detachment/Retinal Detachment33.jpg,Retinal Detachment,8
Eye Disease Image Dataset/Original Dataset/Original Dataset/Diabetic Retinopathy/DR641.jpg,Diabetic Retinopathy,1
Eye Disease Image Dataset/Original Dataset/Original Dataset/Diabetic Retinopathy/DR409.jpg,Diabetic Retinopathy,1
Eye Disease Image Dataset/Original Dataset/Original Dataset/Healthy/Healthy274.jpg,Healthy,4
Eye Disease Image Dataset/Original Dataset/Original Dataset/Myopia/Myopia489.jpg,Myopia,6
Eye Disease Image Dataset/Original Dataset/Original Dataset/Diabetic Retinopathy/DR1051.jpg,Diabetic Retinopathy,1
Eye Disease Image Dataset/Original Dataset/Original Dataset/Diabetic Retinopathy/DR1467.jpg,Diabetic Retinopathy,1
Eye Disease Image Dataset/Original Dataset/Original Dataset/Myopia/Myopia178.jpg,Myopia,6
Eye Disease Image Dataset/Original Dataset/Original Dataset/Retinal Detachment/Retinal Detachment92.jpg,Retinal Detachment,8
Eye Disease Image Dataset/Original Dataset/Original Dataset/Glaucoma/Glaucoma453.jpg,Glaucoma,3
Eye Disease Image Dataset/Original Dataset/Original Dataset/Healthy/Healthy228.jpg,Healthy,4
Eye Disease Image Dataset/Original Dataset/Original Dataset/Healthy/Healthy397.jpg,Healthy,4
Eye Disease Image Dataset/Original Dataset/Original Dataset/Glaucoma/Glaucoma23.jpg,Glaucoma,3
Eye Disease Image Dataset/Original Dataset/Original Dataset/Disc Edema/Disc Edema45.jpg,Disc Edema,2
Eye Disease Image Dataset/Original Dataset/Original Dataset/Retinitis Pigmentosa/Retinitis Pigmentosa79.jpg,Retinitis Pigmentosa,9
Eye Disease Image Dataset/Original Dataset/Original Dataset/Macular Scar/Macular Scar177.jpg,Macular Scar,5
Eye Disease Image Dataset/Original Dataset/Original Dataset/Diabetic Retinopathy/DR1283.jpg,Diabetic Retinopathy,1
Eye Disease Image Dataset/Original Dataset/Original Dataset/Diabetic Retinopathy/DR630.jpg,Diabetic Retinopathy,1
Eye Disease Image Dataset/Original Dataset/Original Dataset/Healthy/Healthy921.jpg,Healthy,4
Eye Disease Image Dataset/Original Dataset/Original Dataset/Diabetic Retinopathy/DR871.jpg,Diabetic Retinopathy,1
Eye Disease Image Dataset/Original Dataset/Original Dataset/Diabetic Retinopathy/DR688.jpg,Diabetic Retinopathy,1
Eye Disease Image Dataset/Original Dataset/Original Dataset/Glaucoma/Glaucoma11.jpg,Glaucoma,3
Eye Disease Image Dataset/Original Dataset/Original Dataset/Diabetic Retinopathy/DR1361.jpg,Diabetic Retinopathy,1
Eye Disease Image Dataset/Original Dataset/Original Dataset/Healthy/Healthy154.jpg,Healthy,4
Eye Disease Image Dataset/Original Dataset/Original Dataset/Macular Scar/Macular Scar36.jpg,Macular Scar,5
Eye Disease Image Dataset/Original Dataset/Original Dataset/Healthy/Healthy665.jpg,Healthy,4
Eye Disease Image Dataset/Original Dataset/Original Dataset/Healthy/Healthy4.jpg,Healthy,4
Eye Disease Image Dataset/Original Dataset/Original Dataset/Healthy/Healthy415.jpg,Healthy,4
Eye Disease Image Dataset/Original Dataset/Original Dataset/Glaucoma/Glaucoma12.jpg,Glaucoma,3
Eye Disease Image Dataset/Original Dataset/Original Dataset/Healthy/Healthy681.jpg,Healthy,4
Eye Disease Image Dataset/Original Dataset/Original Dataset/Glaucoma/Glaucoma516.jpg,Glaucoma,3
Eye Disease Image Dataset/Original Dataset/Original Dataset/Disc Edema/Disc Edema126.jpg,Disc Edema,2
Eye Disease Image Dataset/Original Dataset/Original Dataset/Healthy/Healthy212.jpg,Healthy,4
Eye Disease Image Dataset/Original Dataset/Original Dataset/Glaucoma/Glaucoma339.jpg,Glaucoma,3
Eye Disease Image Dataset/Original Dataset/Original Dataset/Macular Scar/Macular Scar399.jpg,Macular Scar,5
Eye Disease Image Dataset/Original Dataset/Original Dataset/Glaucoma/Glaucoma495.jpg,Glaucoma,3
Eye Disease Image Dataset/Original Dataset/Original Dataset/Retinal Detachment/Retinal Detachment125.jpg,Retinal Detachment,8
Eye Disease Image Dataset/Original Dataset/Original Dataset/Retinal Detachment/Retinal Detachment26.jpg,Retinal Detachment,8
Eye Disease Image Dataset/Original Dataset/Original Dataset/Myopia/Myopia144.jpg,Myopia,6
Eye Disease Image Dataset/Original Dataset/Original Dataset/Myopia/Myopia78.jpg,Myopia,6
Eye Disease Image Dataset/Original Dataset/Original Dataset/Glaucoma/Glaucoma1120.jpg,Glaucoma,3
Eye Disease Image Dataset/Original Dataset/Original Dataset/Glaucoma/Glaucoma253.jpg,Glaucoma,3
Eye Disease Image Dataset/Original Dataset/Original Dataset/Macular Scar/Macular Scar24.jpg,Macular Scar,5
Eye Disease Image Dataset/Original Dataset/Original Dataset/Macular Scar/Macular Scar429.jpg,Macular Scar,5
Eye Disease Image Dataset/Original Dataset/Original Dataset/Healthy/Healthy967.jpg,Healthy,4
Eye Disease Image Dataset/Original Dataset/Original Dataset/Myopia/Myopia409.jpg,Myopia,6
Eye Disease Image Dataset/Original Dataset/Original Dataset/Glaucoma/Glaucoma1176.jpg,Glaucoma,3
Eye Disease Image Dataset/Original Dataset/Original Dataset/Retinal Detachment/Retinal Detachment109.jpg,Retinal Detachment,8
Eye Disease Image Dataset/Original Dataset/Original Dataset/Diabetic Retinopathy/DR480.jpg,Diabetic Retinopathy,1
Eye Disease Image Dataset/Original Dataset/Original Dataset/Diabetic Retinopathy/DR701.jpg,Diabetic Retinopathy,1
Eye Disease Image Dataset/Original Dataset/Original Dataset/Macular Scar/Macular Scar164.jpg,Macular Scar,5
Eye Disease Image Dataset/Original Dataset/Original Dataset/Retinal Detachment/Retinal Detachment27.jpg,Retinal Detachment,8
Eye Disease Image Dataset/Original Dataset/Original Dataset/Diabetic Retinopathy/DR1462.jpg,Diabetic Retinopathy,1
Eye Disease Image Dataset/Original Dataset/Original Dataset/Diabetic Retinopathy/DR947.jpg,Diabetic Retinopathy,1
Eye Disease Image Dataset/Original Dataset/Original Dataset/Diabetic Retinopathy/DR164.jpg,Diabetic Retinopathy,1
Eye Disease Image Dataset/Original Dataset/Original Dataset/Diabetic Retinopathy/DR1177.jpg,Diabetic Retinopathy,1
Eye Disease Image Dataset/Original Dataset/Original Dataset/Diabetic Retinopathy/DR574.jpg,Diabetic Retinopathy,1
Eye Disease Image Dataset/Original Dataset/Original Dataset/Diabetic Retinopathy/DR1070.jpg,Diabetic Retinopathy,1
Eye Disease Image Dataset/Original Dataset/Original Dataset/Glaucoma/Glaucoma1100.jpg,Glaucoma,3
Eye Disease Image Dataset/Original Dataset/Original Dataset/Glaucoma/Glaucoma204.jpg,Glaucoma,3
Eye Disease Image Dataset/Original Dataset/Original Dataset/Diabetic Retinopathy/DR1341.jpg,Diabetic Retinopathy,1
Eye Disease Image Dataset/Original Dataset/Original Dataset/Glaucoma/Glaucoma1345.jpg,Glaucoma,3
Eye Disease Image Dataset/Original Dataset/Original Dataset/Myopia/Myopia108.jpg,Myopia,6
Eye Disease Image Dataset/Original Dataset/Original Dataset/Healthy/Healthy360.jpg,Healthy,4
Eye Disease Image Dataset/Original Dataset/Original Dataset/Healthy/Healthy854.jpg,Healthy,4
Eye Disease Image Dataset/Original Dataset/Original Dataset/Retinal Detachment/Retinal Detachment81.jpg,Retinal Detachment,8
Eye Disease Image Dataset/Original Dataset/Original Dataset/Glaucoma/Glaucoma356.jpg,Glaucoma,3
Eye Disease Image Dataset/Original Dataset/Original Dataset/Diabetic Retinopathy/DR262.jpg,Diabetic Retinopathy,1
Eye Disease Image Dataset/Original Dataset/Original Dataset/Healthy/Healthy399.jpg,Healthy,4
Eye Disease Image Dataset/Original Dataset/Original Dataset/Glaucoma/Glaucoma471.jpg,Glaucoma,3
Eye Disease Image Dataset/Original Dataset/Original Dataset/Diabetic Retinopathy/DR1468.jpg,Diabetic Retinopathy,1
Eye Disease Image Dataset/Original Dataset/Original Dataset/Glaucoma/Glaucoma1071.jpg,Glaucoma,3
Eye Disease Image Dataset/Original Dataset/Original Dataset/Diabetic Retinopathy/DR1243.jpg,Diabetic Retinopathy,1
